startTime,publishTime,generation
2024-01-01 00:00:00+00:00,2023-12-30 02:30:00+00:00,11145
2024-01-01 00:00:00+00:00,2023-12-30 04:30:00+00:00,11141
2024-01-01 00:00:00+00:00,2023-12-30 07:30:00+00:00,10929
2024-01-01 00:00:00+00:00,2023-12-30 09:30:00+00:00,10928
2024-01-01 00:00:00+00:00,2023-12-30 11:30:00+00:00,10915
2024-01-01 00:00:00+00:00,2023-12-30 15:30:00+00:00,11102
2024-01-01 00:00:00+00:00,2023-12-30 18:30:00+00:00,10951
2024-01-01 00:00:00+00:00,2023-12-30 22:30:00+00:00,10950
2024-01-01 00:00:00+00:00,2023-12-31 02:30:00+00:00,10904
2024-01-01 00:00:00+00:00,2023-12-31 04:30:00+00:00,10906
2024-01-01 00:00:00+00:00,2023-12-31 07:30:00+00:00,11166
2024-01-01 00:00:00+00:00,2023-12-31 09:30:00+00:00,11167
2024-01-01 00:00:00+00:00,2023-12-31 11:30:00+00:00,11169
2024-01-01 00:00:00+00:00,2023-12-31 15:30:00+00:00,11334
2024-01-01 00:00:00+00:00,2023-12-31 18:30:00+00:00,11453
2024-01-01 00:00:00+00:00,2023-12-31 22:30:00+00:00,11453
2024-01-01 01:00:00+00:00,2023-12-30 02:30:00+00:00,11383
2024-01-01 01:00:00+00:00,2023-12-30 04:30:00+00:00,11379
2024-01-01 01:00:00+00:00,2023-12-30 07:30:00+00:00,11154
2024-01-01 01:00:00+00:00,2023-12-30 09:30:00+00:00,11153
2024-01-01 01:00:00+00:00,2023-12-30 11:30:00+00:00,11123
2024-01-01 01:00:00+00:00,2023-12-30 15:30:00+00:00,11293
2024-01-01 01:00:00+00:00,2023-12-30 18:30:00+00:00,11078
2024-01-01 01:00:00+00:00,2023-12-30 22:30:00+00:00,11077
2024-01-01 01:00:00+00:00,2023-12-31 02:30:00+00:00,10940
2024-01-01 01:00:00+00:00,2023-12-31 04:30:00+00:00,10940
2024-01-01 01:00:00+00:00,2023-12-31 07:30:00+00:00,11318
2024-01-01 01:00:00+00:00,2023-12-31 09:30:00+00:00,11318
2024-01-01 01:00:00+00:00,2023-12-31 11:30:00+00:00,11320
2024-01-01 01:00:00+00:00,2023-12-31 15:30:00+00:00,11618
2024-01-01 01:00:00+00:00,2023-12-31 18:30:00+00:00,11841
2024-01-01 01:00:00+00:00,2023-12-31 22:30:00+00:00,11838
2024-01-01 02:00:00+00:00,2023-12-30 02:30:00+00:00,11608
2024-01-01 02:00:00+00:00,2023-12-30 04:30:00+00:00,11604
2024-01-01 02:00:00+00:00,2023-12-30 07:30:00+00:00,11362
2024-01-01 02:00:00+00:00,2023-12-30 09:30:00+00:00,11361
2024-01-01 02:00:00+00:00,2023-12-30 11:30:00+00:00,11333
2024-01-01 02:00:00+00:00,2023-12-30 15:30:00+00:00,11477
2024-01-01 02:00:00+00:00,2023-12-30 18:30:00+00:00,11232
2024-01-01 02:00:00+00:00,2023-12-30 22:30:00+00:00,11232
2024-01-01 02:00:00+00:00,2023-12-31 02:30:00+00:00,11159
2024-01-01 02:00:00+00:00,2023-12-31 04:30:00+00:00,11158
2024-01-01 02:00:00+00:00,2023-12-31 07:30:00+00:00,11606
2024-01-01 02:00:00+00:00,2023-12-31 09:30:00+00:00,11606
2024-01-01 02:00:00+00:00,2023-12-31 11:30:00+00:00,11605
2024-01-01 02:00:00+00:00,2023-12-31 15:30:00+00:00,11902
2024-01-01 02:00:00+00:00,2023-12-31 18:30:00+00:00,12092
2024-01-01 02:00:00+00:00,2023-12-31 22:30:00+00:00,12090
2024-01-01 03:00:00+00:00,2023-12-30 02:30:00+00:00,11826
2024-01-01 03:00:00+00:00,2023-12-30 04:30:00+00:00,11821
2024-01-01 03:00:00+00:00,2023-12-30 07:30:00+00:00,11558
2024-01-01 03:00:00+00:00,2023-12-30 09:30:00+00:00,11557
2024-01-01 03:00:00+00:00,2023-12-30 11:30:00+00:00,11543
2024-01-01 03:00:00+00:00,2023-12-30 15:30:00+00:00,11566
2024-01-01 03:00:00+00:00,2023-12-30 18:30:00+00:00,11351
2024-01-01 03:00:00+00:00,2023-12-30 22:30:00+00:00,11350
2024-01-01 03:00:00+00:00,2023-12-31 02:30:00+00:00,11347
2024-01-01 03:00:00+00:00,2023-12-31 04:30:00+00:00,11346
2024-01-01 03:00:00+00:00,2023-12-31 07:30:00+00:00,11801
2024-01-01 03:00:00+00:00,2023-12-31 09:30:00+00:00,11801
2024-01-01 03:00:00+00:00,2023-12-31 11:30:00+00:00,11797
2024-01-01 03:00:00+00:00,2023-12-31 15:30:00+00:00,12196
2024-01-01 03:00:00+00:00,2023-12-31 18:30:00+00:00,12430
2024-01-01 03:00:00+00:00,2023-12-31 22:30:00+00:00,12428
2024-01-01 04:00:00+00:00,2023-12-30 02:30:00+00:00,11935
2024-01-01 04:00:00+00:00,2023-12-30 04:30:00+00:00,11930
2024-01-01 04:00:00+00:00,2023-12-30 07:30:00+00:00,11727
2024-01-01 04:00:00+00:00,2023-12-30 09:30:00+00:00,11726
2024-01-01 04:00:00+00:00,2023-12-30 11:30:00+00:00,11717
2024-01-01 04:00:00+00:00,2023-12-30 15:30:00+00:00,11646
2024-01-01 04:00:00+00:00,2023-12-30 18:30:00+00:00,11644
2024-01-01 04:00:00+00:00,2023-12-30 22:30:00+00:00,11644
2024-01-01 04:00:00+00:00,2023-12-31 02:30:00+00:00,11609
2024-01-01 04:00:00+00:00,2023-12-31 04:30:00+00:00,11608
2024-01-01 04:00:00+00:00,2023-12-31 07:30:00+00:00,12028
2024-01-01 04:00:00+00:00,2023-12-31 09:30:00+00:00,12029
2024-01-01 04:00:00+00:00,2023-12-31 11:30:00+00:00,12021
2024-01-01 04:00:00+00:00,2023-12-31 15:30:00+00:00,12468
2024-01-01 04:00:00+00:00,2023-12-31 18:30:00+00:00,12775
2024-01-01 04:00:00+00:00,2023-12-31 22:30:00+00:00,12775
2024-01-01 05:00:00+00:00,2023-12-30 02:30:00+00:00,12045
2024-01-01 05:00:00+00:00,2023-12-30 04:30:00+00:00,12039
2024-01-01 05:00:00+00:00,2023-12-30 07:30:00+00:00,11890
2024-01-01 05:00:00+00:00,2023-12-30 09:30:00+00:00,11888
2024-01-01 05:00:00+00:00,2023-12-30 11:30:00+00:00,11884
2024-01-01 05:00:00+00:00,2023-12-30 15:30:00+00:00,11812
2024-01-01 05:00:00+00:00,2023-12-30 18:30:00+00:00,11707
2024-01-01 05:00:00+00:00,2023-12-30 22:30:00+00:00,11706
2024-01-01 05:00:00+00:00,2023-12-31 02:30:00+00:00,11704
2024-01-01 05:00:00+00:00,2023-12-31 04:30:00+00:00,11703
2024-01-01 05:00:00+00:00,2023-12-31 07:30:00+00:00,12137
2024-01-01 05:00:00+00:00,2023-12-31 09:30:00+00:00,12137
2024-01-01 05:00:00+00:00,2023-12-31 11:30:00+00:00,12129
2024-01-01 05:00:00+00:00,2023-12-31 15:30:00+00:00,12614
2024-01-01 05:00:00+00:00,2023-12-31 18:30:00+00:00,12877
2024-01-01 05:00:00+00:00,2023-12-31 22:30:00+00:00,12877
2024-01-01 06:00:00+00:00,2023-12-30 02:30:00+00:00,12154
2024-01-01 06:00:00+00:00,2023-12-30 04:30:00+00:00,12148
2024-01-01 06:00:00+00:00,2023-12-30 07:30:00+00:00,12046
2024-01-01 06:00:00+00:00,2023-12-30 09:30:00+00:00,12044
2024-01-01 06:00:00+00:00,2023-12-30 11:30:00+00:00,12045
2024-01-01 06:00:00+00:00,2023-12-30 15:30:00+00:00,11973
2024-01-01 06:00:00+00:00,2023-12-30 18:30:00+00:00,11838
2024-01-01 06:00:00+00:00,2023-12-30 22:30:00+00:00,11837
2024-01-01 06:00:00+00:00,2023-12-31 02:30:00+00:00,11812
2024-01-01 06:00:00+00:00,2023-12-31 04:30:00+00:00,11810
2024-01-01 06:00:00+00:00,2023-12-31 07:30:00+00:00,12277
2024-01-01 06:00:00+00:00,2023-12-31 09:30:00+00:00,12276
2024-01-01 06:00:00+00:00,2023-12-31 11:30:00+00:00,12268
2024-01-01 06:00:00+00:00,2023-12-31 15:30:00+00:00,12705
2024-01-01 06:00:00+00:00,2023-12-31 18:30:00+00:00,12920
2024-01-01 06:00:00+00:00,2023-12-31 22:30:00+00:00,12921
2024-01-01 07:00:00+00:00,2023-12-30 02:30:00+00:00,12146
2024-01-01 07:00:00+00:00,2023-12-30 04:30:00+00:00,12139
2024-01-01 07:00:00+00:00,2023-12-30 07:30:00+00:00,12168
2024-01-01 07:00:00+00:00,2023-12-30 09:30:00+00:00,12165
2024-01-01 07:00:00+00:00,2023-12-30 11:30:00+00:00,12169
2024-01-01 07:00:00+00:00,2023-12-30 15:30:00+00:00,12111
2024-01-01 07:00:00+00:00,2023-12-30 18:30:00+00:00,11835
2024-01-01 07:00:00+00:00,2023-12-30 22:30:00+00:00,11832
2024-01-01 07:00:00+00:00,2023-12-31 02:30:00+00:00,11852
2024-01-01 07:00:00+00:00,2023-12-31 04:30:00+00:00,11851
2024-01-01 07:00:00+00:00,2023-12-31 07:30:00+00:00,12284
2024-01-01 07:00:00+00:00,2023-12-31 09:30:00+00:00,12284
2024-01-01 07:00:00+00:00,2023-12-31 11:30:00+00:00,12272
2024-01-01 07:00:00+00:00,2023-12-31 15:30:00+00:00,12715
2024-01-01 07:00:00+00:00,2023-12-31 18:30:00+00:00,12968
2024-01-01 07:00:00+00:00,2023-12-31 22:30:00+00:00,12969
2024-01-01 08:00:00+00:00,2023-12-30 02:30:00+00:00,12124
2024-01-01 08:00:00+00:00,2023-12-30 04:30:00+00:00,12116
2024-01-01 08:00:00+00:00,2023-12-30 07:30:00+00:00,12295
2024-01-01 08:00:00+00:00,2023-12-30 09:30:00+00:00,12293
2024-01-01 08:00:00+00:00,2023-12-30 11:30:00+00:00,12299
2024-01-01 08:00:00+00:00,2023-12-30 15:30:00+00:00,12255
2024-01-01 08:00:00+00:00,2023-12-30 18:30:00+00:00,11854
2024-01-01 08:00:00+00:00,2023-12-30 22:30:00+00:00,11853
2024-01-01 08:00:00+00:00,2023-12-31 02:30:00+00:00,11849
2024-01-01 08:00:00+00:00,2023-12-31 04:30:00+00:00,11848
2024-01-01 08:00:00+00:00,2023-12-31 07:30:00+00:00,12306
2024-01-01 08:00:00+00:00,2023-12-31 09:30:00+00:00,12306
2024-01-01 08:00:00+00:00,2023-12-31 11:30:00+00:00,12299
2024-01-01 08:00:00+00:00,2023-12-31 15:30:00+00:00,12649
2024-01-01 08:00:00+00:00,2023-12-31 18:30:00+00:00,12833
2024-01-01 08:00:00+00:00,2023-12-31 22:30:00+00:00,12833
2024-01-01 09:00:00+00:00,2023-12-30 02:30:00+00:00,12084
2024-01-01 09:00:00+00:00,2023-12-30 04:30:00+00:00,12075
2024-01-01 09:00:00+00:00,2023-12-30 07:30:00+00:00,12425
2024-01-01 09:00:00+00:00,2023-12-30 09:30:00+00:00,12422
2024-01-01 09:00:00+00:00,2023-12-30 11:30:00+00:00,12431
2024-01-01 09:00:00+00:00,2023-12-30 15:30:00+00:00,12400
2024-01-01 09:00:00+00:00,2023-12-30 18:30:00+00:00,11918
2024-01-01 09:00:00+00:00,2023-12-30 22:30:00+00:00,11912
2024-01-01 09:00:00+00:00,2023-12-31 02:30:00+00:00,11960
2024-01-01 09:00:00+00:00,2023-12-31 04:30:00+00:00,11954
2024-01-01 09:00:00+00:00,2023-12-31 07:30:00+00:00,12230
2024-01-01 09:00:00+00:00,2023-12-31 09:30:00+00:00,12229
2024-01-01 09:00:00+00:00,2023-12-31 11:30:00+00:00,12215
2024-01-01 09:00:00+00:00,2023-12-31 15:30:00+00:00,12428
2024-01-01 09:00:00+00:00,2023-12-31 18:30:00+00:00,12553
2024-01-01 09:00:00+00:00,2023-12-31 22:30:00+00:00,12554
2024-01-01 10:00:00+00:00,2023-12-30 02:30:00+00:00,11903
2024-01-01 10:00:00+00:00,2023-12-30 04:30:00+00:00,11894
2024-01-01 10:00:00+00:00,2023-12-30 07:30:00+00:00,12389
2024-01-01 10:00:00+00:00,2023-12-30 09:30:00+00:00,12386
2024-01-01 10:00:00+00:00,2023-12-30 11:30:00+00:00,12393
2024-01-01 10:00:00+00:00,2023-12-30 15:30:00+00:00,12380
2024-01-01 10:00:00+00:00,2023-12-30 18:30:00+00:00,11960
2024-01-01 10:00:00+00:00,2023-12-30 22:30:00+00:00,11952
2024-01-01 10:00:00+00:00,2023-12-31 02:30:00+00:00,12018
2024-01-01 10:00:00+00:00,2023-12-31 04:30:00+00:00,12016
2024-01-01 10:00:00+00:00,2023-12-31 07:30:00+00:00,12171
2024-01-01 10:00:00+00:00,2023-12-31 09:30:00+00:00,12170
2024-01-01 10:00:00+00:00,2023-12-31 11:30:00+00:00,12154
2024-01-01 10:00:00+00:00,2023-12-31 15:30:00+00:00,12111
2024-01-01 10:00:00+00:00,2023-12-31 18:30:00+00:00,12067
2024-01-01 10:00:00+00:00,2023-12-31 22:30:00+00:00,12066
2024-01-01 11:00:00+00:00,2023-12-30 02:30:00+00:00,11681
2024-01-01 11:00:00+00:00,2023-12-30 04:30:00+00:00,11672
2024-01-01 11:00:00+00:00,2023-12-30 07:30:00+00:00,12335
2024-01-01 11:00:00+00:00,2023-12-30 09:30:00+00:00,12333
2024-01-01 11:00:00+00:00,2023-12-30 11:30:00+00:00,12338
2024-01-01 11:00:00+00:00,2023-12-30 15:30:00+00:00,12351
2024-01-01 11:00:00+00:00,2023-12-30 18:30:00+00:00,11896
2024-01-01 11:00:00+00:00,2023-12-30 22:30:00+00:00,11887
2024-01-01 11:00:00+00:00,2023-12-31 02:30:00+00:00,11910
2024-01-01 11:00:00+00:00,2023-12-31 04:30:00+00:00,11903
2024-01-01 11:00:00+00:00,2023-12-31 07:30:00+00:00,11944
2024-01-01 11:00:00+00:00,2023-12-31 09:30:00+00:00,11942
2024-01-01 11:00:00+00:00,2023-12-31 11:30:00+00:00,11913
2024-01-01 11:00:00+00:00,2023-12-31 15:30:00+00:00,11753
2024-01-01 11:00:00+00:00,2023-12-31 18:30:00+00:00,11459
2024-01-01 11:00:00+00:00,2023-12-31 22:30:00+00:00,11458
2024-01-01 12:00:00+00:00,2023-12-30 02:30:00+00:00,11414
2024-01-01 12:00:00+00:00,2023-12-30 04:30:00+00:00,11404
2024-01-01 12:00:00+00:00,2023-12-30 07:30:00+00:00,12261
2024-01-01 12:00:00+00:00,2023-12-30 09:30:00+00:00,12259
2024-01-01 12:00:00+00:00,2023-12-30 11:30:00+00:00,12263
2024-01-01 12:00:00+00:00,2023-12-30 15:30:00+00:00,12311
2024-01-01 12:00:00+00:00,2023-12-30 18:30:00+00:00,11821
2024-01-01 12:00:00+00:00,2023-12-30 22:30:00+00:00,11810
2024-01-01 12:00:00+00:00,2023-12-31 02:30:00+00:00,11864
2024-01-01 12:00:00+00:00,2023-12-31 04:30:00+00:00,11852
2024-01-01 12:00:00+00:00,2023-12-31 07:30:00+00:00,11771
2024-01-01 12:00:00+00:00,2023-12-31 09:30:00+00:00,11767
2024-01-01 12:00:00+00:00,2023-12-31 11:30:00+00:00,11699
2024-01-01 12:00:00+00:00,2023-12-31 15:30:00+00:00,11282
2024-01-01 12:00:00+00:00,2023-12-31 18:30:00+00:00,10787
2024-01-01 12:00:00+00:00,2023-12-31 22:30:00+00:00,10784
2024-01-01 13:00:00+00:00,2023-12-30 02:30:00+00:00,10825
2024-01-01 13:00:00+00:00,2023-12-30 04:30:00+00:00,10814
2024-01-01 13:00:00+00:00,2023-12-30 07:30:00+00:00,11848
2024-01-01 13:00:00+00:00,2023-12-30 09:30:00+00:00,11845
2024-01-01 13:00:00+00:00,2023-12-30 11:30:00+00:00,11848
2024-01-01 13:00:00+00:00,2023-12-30 15:30:00+00:00,11950
2024-01-01 13:00:00+00:00,2023-12-30 18:30:00+00:00,11368
2024-01-01 13:00:00+00:00,2023-12-30 22:30:00+00:00,11358
2024-01-01 13:00:00+00:00,2023-12-31 02:30:00+00:00,11444
2024-01-01 13:00:00+00:00,2023-12-31 04:30:00+00:00,11436
2024-01-01 13:00:00+00:00,2023-12-31 07:30:00+00:00,11130
2024-01-01 13:00:00+00:00,2023-12-31 09:30:00+00:00,11129
2024-01-01 13:00:00+00:00,2023-12-31 11:30:00+00:00,11058
2024-01-01 13:00:00+00:00,2023-12-31 15:30:00+00:00,10213
2024-01-01 13:00:00+00:00,2023-12-31 18:30:00+00:00,9597
2024-01-01 13:00:00+00:00,2023-12-31 22:30:00+00:00,9595
2024-01-01 14:00:00+00:00,2023-12-30 02:30:00+00:00,10143
2024-01-01 14:00:00+00:00,2023-12-30 04:30:00+00:00,10130
2024-01-01 14:00:00+00:00,2023-12-30 07:30:00+00:00,11348
2024-01-01 14:00:00+00:00,2023-12-30 09:30:00+00:00,11344
2024-01-01 14:00:00+00:00,2023-12-30 11:30:00+00:00,11345
2024-01-01 14:00:00+00:00,2023-12-30 15:30:00+00:00,11506
2024-01-01 14:00:00+00:00,2023-12-30 18:30:00+00:00,10800
2024-01-01 14:00:00+00:00,2023-12-30 22:30:00+00:00,10789
2024-01-01 14:00:00+00:00,2023-12-31 02:30:00+00:00,10671
2024-01-01 14:00:00+00:00,2023-12-31 04:30:00+00:00,10672
2024-01-01 14:00:00+00:00,2023-12-31 07:30:00+00:00,10105
2024-01-01 14:00:00+00:00,2023-12-31 09:30:00+00:00,10111
2024-01-01 14:00:00+00:00,2023-12-31 11:30:00+00:00,10073
2024-01-01 14:00:00+00:00,2023-12-31 15:30:00+00:00,9010
2024-01-01 14:00:00+00:00,2023-12-31 18:30:00+00:00,8380
2024-01-01 14:00:00+00:00,2023-12-31 22:30:00+00:00,8393
2024-01-01 15:00:00+00:00,2023-12-30 02:30:00+00:00,9375
2024-01-01 15:00:00+00:00,2023-12-30 04:30:00+00:00,9360
2024-01-01 15:00:00+00:00,2023-12-30 07:30:00+00:00,10753
2024-01-01 15:00:00+00:00,2023-12-30 09:30:00+00:00,10748
2024-01-01 15:00:00+00:00,2023-12-30 11:30:00+00:00,10747
2024-01-01 15:00:00+00:00,2023-12-30 15:30:00+00:00,10970
2024-01-01 15:00:00+00:00,2023-12-30 18:30:00+00:00,10108
2024-01-01 15:00:00+00:00,2023-12-30 22:30:00+00:00,10097
2024-01-01 15:00:00+00:00,2023-12-31 02:30:00+00:00,9843
2024-01-01 15:00:00+00:00,2023-12-31 04:30:00+00:00,9874
2024-01-01 15:00:00+00:00,2023-12-31 07:30:00+00:00,9023
2024-01-01 15:00:00+00:00,2023-12-31 09:30:00+00:00,9031
2024-01-01 15:00:00+00:00,2023-12-31 11:30:00+00:00,9017
2024-01-01 15:00:00+00:00,2023-12-31 15:30:00+00:00,7860
2024-01-01 15:00:00+00:00,2023-12-31 18:30:00+00:00,7261
2024-01-01 15:00:00+00:00,2023-12-31 22:30:00+00:00,7274
2024-01-01 16:00:00+00:00,2023-12-30 02:30:00+00:00,8863
2024-01-01 16:00:00+00:00,2023-12-30 04:30:00+00:00,8847
2024-01-01 16:00:00+00:00,2023-12-30 07:30:00+00:00,10127
2024-01-01 16:00:00+00:00,2023-12-30 09:30:00+00:00,10123
2024-01-01 16:00:00+00:00,2023-12-30 11:30:00+00:00,10121
2024-01-01 16:00:00+00:00,2023-12-30 15:30:00+00:00,10284
2024-01-01 16:00:00+00:00,2023-12-30 18:30:00+00:00,9291
2024-01-01 16:00:00+00:00,2023-12-30 22:30:00+00:00,9281
2024-01-01 16:00:00+00:00,2023-12-31 02:30:00+00:00,7942
2024-01-01 16:00:00+00:00,2023-12-31 04:30:00+00:00,7964
2024-01-01 16:00:00+00:00,2023-12-31 07:30:00+00:00,7734
2024-01-01 16:00:00+00:00,2023-12-31 09:30:00+00:00,7747
2024-01-01 16:00:00+00:00,2023-12-31 11:30:00+00:00,7759
2024-01-01 16:00:00+00:00,2023-12-31 15:30:00+00:00,6947
2024-01-01 16:00:00+00:00,2023-12-31 18:30:00+00:00,6501
2024-01-01 16:00:00+00:00,2023-12-31 22:30:00+00:00,6502
2024-01-01 17:00:00+00:00,2023-12-30 02:30:00+00:00,8326
2024-01-01 17:00:00+00:00,2023-12-30 04:30:00+00:00,8308
2024-01-01 17:00:00+00:00,2023-12-30 07:30:00+00:00,9457
2024-01-01 17:00:00+00:00,2023-12-30 09:30:00+00:00,9455
2024-01-01 17:00:00+00:00,2023-12-30 11:30:00+00:00,9450
2024-01-01 17:00:00+00:00,2023-12-30 15:30:00+00:00,9538
2024-01-01 17:00:00+00:00,2023-12-30 18:30:00+00:00,8470
2024-01-01 17:00:00+00:00,2023-12-30 22:30:00+00:00,8461
2024-01-01 17:00:00+00:00,2023-12-31 02:30:00+00:00,7236
2024-01-01 17:00:00+00:00,2023-12-31 04:30:00+00:00,7252
2024-01-01 17:00:00+00:00,2023-12-31 07:30:00+00:00,6937
2024-01-01 17:00:00+00:00,2023-12-31 09:30:00+00:00,6956
2024-01-01 17:00:00+00:00,2023-12-31 11:30:00+00:00,6969
2024-01-01 17:00:00+00:00,2023-12-31 15:30:00+00:00,6367
2024-01-01 17:00:00+00:00,2023-12-31 18:30:00+00:00,6048
2024-01-01 17:00:00+00:00,2023-12-31 22:30:00+00:00,6067
2024-01-01 18:00:00+00:00,2023-12-30 02:30:00+00:00,7765
2024-01-01 18:00:00+00:00,2023-12-30 04:30:00+00:00,7746
2024-01-01 18:00:00+00:00,2023-12-30 07:30:00+00:00,8773
2024-01-01 18:00:00+00:00,2023-12-30 09:30:00+00:00,8773
2024-01-01 18:00:00+00:00,2023-12-30 11:30:00+00:00,8766
2024-01-01 18:00:00+00:00,2023-12-30 15:30:00+00:00,8793
2024-01-01 18:00:00+00:00,2023-12-30 18:30:00+00:00,7701
2024-01-01 18:00:00+00:00,2023-12-30 22:30:00+00:00,7693
2024-01-01 18:00:00+00:00,2023-12-31 02:30:00+00:00,6539
2024-01-01 18:00:00+00:00,2023-12-31 04:30:00+00:00,6551
2024-01-01 18:00:00+00:00,2023-12-31 07:30:00+00:00,6503
2024-01-01 18:00:00+00:00,2023-12-31 09:30:00+00:00,6520
2024-01-01 18:00:00+00:00,2023-12-31 11:30:00+00:00,6540
2024-01-01 18:00:00+00:00,2023-12-31 15:30:00+00:00,6060
2024-01-01 18:00:00+00:00,2023-12-31 18:30:00+00:00,5942
2024-01-01 18:00:00+00:00,2023-12-31 22:30:00+00:00,5956
2024-01-01 19:00:00+00:00,2023-12-30 02:30:00+00:00,7446
2024-01-01 19:00:00+00:00,2023-12-30 04:30:00+00:00,7430
2024-01-01 19:00:00+00:00,2023-12-30 07:30:00+00:00,8234
2024-01-01 19:00:00+00:00,2023-12-30 09:30:00+00:00,8234
2024-01-01 19:00:00+00:00,2023-12-30 11:30:00+00:00,8222
2024-01-01 19:00:00+00:00,2023-12-30 15:30:00+00:00,8121
2024-01-01 19:00:00+00:00,2023-12-30 18:30:00+00:00,7214
2024-01-01 19:00:00+00:00,2023-12-30 22:30:00+00:00,7207
2024-01-01 19:00:00+00:00,2023-12-31 02:30:00+00:00,6260
2024-01-01 19:00:00+00:00,2023-12-31 04:30:00+00:00,6267
2024-01-01 19:00:00+00:00,2023-12-31 07:30:00+00:00,6165
2024-01-01 19:00:00+00:00,2023-12-31 09:30:00+00:00,6187
2024-01-01 19:00:00+00:00,2023-12-31 11:30:00+00:00,6190
2024-01-01 19:00:00+00:00,2023-12-31 15:30:00+00:00,6082
2024-01-01 19:00:00+00:00,2023-12-31 18:30:00+00:00,6652
2024-01-01 19:00:00+00:00,2023-12-31 22:30:00+00:00,6668
2024-01-01 20:00:00+00:00,2023-12-30 02:30:00+00:00,7094
2024-01-01 20:00:00+00:00,2023-12-30 04:30:00+00:00,7081
2024-01-01 20:00:00+00:00,2023-12-30 07:30:00+00:00,7628
2024-01-01 20:00:00+00:00,2023-12-30 09:30:00+00:00,7627
2024-01-01 20:00:00+00:00,2023-12-30 11:30:00+00:00,7612
2024-01-01 20:00:00+00:00,2023-12-30 15:30:00+00:00,7398
2024-01-01 20:00:00+00:00,2023-12-30 18:30:00+00:00,6659
2024-01-01 20:00:00+00:00,2023-12-30 22:30:00+00:00,6652
2024-01-01 20:00:00+00:00,2023-12-31 02:30:00+00:00,5950
2024-01-01 20:00:00+00:00,2023-12-31 04:30:00+00:00,5954
2024-01-01 20:00:00+00:00,2023-12-31 07:30:00+00:00,5843
2024-01-01 20:00:00+00:00,2023-12-31 09:30:00+00:00,5863
2024-01-01 20:00:00+00:00,2023-12-31 11:30:00+00:00,5872
2024-01-01 20:00:00+00:00,2023-12-31 15:30:00+00:00,6297
2024-01-01 20:00:00+00:00,2023-12-31 18:30:00+00:00,7425
2024-01-01 20:00:00+00:00,2023-12-31 22:30:00+00:00,7438
2024-01-01 21:00:00+00:00,2023-12-30 02:30:00+00:00,6720
2024-01-01 21:00:00+00:00,2023-12-30 04:30:00+00:00,6711
2024-01-01 21:00:00+00:00,2023-12-30 07:30:00+00:00,6964
2024-01-01 21:00:00+00:00,2023-12-30 09:30:00+00:00,6964
2024-01-01 21:00:00+00:00,2023-12-30 11:30:00+00:00,6945
2024-01-01 21:00:00+00:00,2023-12-30 15:30:00+00:00,6639
2024-01-01 21:00:00+00:00,2023-12-30 18:30:00+00:00,6048
2024-01-01 21:00:00+00:00,2023-12-30 22:30:00+00:00,6043
2024-01-01 21:00:00+00:00,2023-12-31 02:30:00+00:00,5633
2024-01-01 21:00:00+00:00,2023-12-31 04:30:00+00:00,5636
2024-01-01 21:00:00+00:00,2023-12-31 07:30:00+00:00,5703
2024-01-01 21:00:00+00:00,2023-12-31 09:30:00+00:00,5710
2024-01-01 21:00:00+00:00,2023-12-31 11:30:00+00:00,5709
2024-01-01 21:00:00+00:00,2023-12-31 15:30:00+00:00,6639
2024-01-01 21:00:00+00:00,2023-12-31 18:30:00+00:00,8292
2024-01-01 21:00:00+00:00,2023-12-31 22:30:00+00:00,8299
2024-01-01 21:00:00+00:00,2024-01-01 02:30:00+00:00,9426
2024-01-01 21:00:00+00:00,2024-01-01 04:30:00+00:00,9432
2024-01-01 21:00:00+00:00,2024-01-01 07:30:00+00:00,10065
2024-01-01 21:00:00+00:00,2024-01-01 09:30:00+00:00,10065
2024-01-01 21:00:00+00:00,2024-01-01 11:30:00+00:00,10072
2024-01-01 21:00:00+00:00,2024-01-01 15:30:00+00:00,10634
2024-01-01 21:00:00+00:00,2024-01-01 18:30:00+00:00,11730
2024-01-01 21:00:00+00:00,2024-01-01 22:30:00+00:00,11736
2024-01-01 22:00:00+00:00,2023-12-31 02:30:00+00:00,5643
2024-01-01 22:00:00+00:00,2023-12-31 04:30:00+00:00,5645
2024-01-01 22:00:00+00:00,2023-12-31 07:30:00+00:00,6785
2024-01-01 22:00:00+00:00,2023-12-31 09:30:00+00:00,6792
2024-01-01 22:00:00+00:00,2023-12-31 11:30:00+00:00,6769
2024-01-01 22:00:00+00:00,2023-12-31 15:30:00+00:00,7853
2024-01-01 22:00:00+00:00,2023-12-31 18:30:00+00:00,9471
2024-01-01 22:00:00+00:00,2023-12-31 22:30:00+00:00,9479
2024-01-01 22:00:00+00:00,2024-01-01 02:30:00+00:00,10572
2024-01-01 22:00:00+00:00,2024-01-01 04:30:00+00:00,10577
2024-01-01 22:00:00+00:00,2024-01-01 07:30:00+00:00,11056
2024-01-01 22:00:00+00:00,2024-01-01 09:30:00+00:00,11058
2024-01-01 22:00:00+00:00,2024-01-01 11:30:00+00:00,11060
2024-01-01 22:00:00+00:00,2024-01-01 15:30:00+00:00,11767
2024-01-01 22:00:00+00:00,2024-01-01 18:30:00+00:00,13120
2024-01-01 22:00:00+00:00,2024-01-01 22:30:00+00:00,13128
2024-01-01 23:00:00+00:00,2023-12-31 02:30:00+00:00,5707
2024-01-01 23:00:00+00:00,2023-12-31 04:30:00+00:00,5708
2024-01-01 23:00:00+00:00,2023-12-31 07:30:00+00:00,7183
2024-01-01 23:00:00+00:00,2023-12-31 09:30:00+00:00,7189
2024-01-01 23:00:00+00:00,2023-12-31 11:30:00+00:00,7155
2024-01-01 23:00:00+00:00,2023-12-31 15:30:00+00:00,8461
2024-01-01 23:00:00+00:00,2023-12-31 18:30:00+00:00,10382
2024-01-01 23:00:00+00:00,2023-12-31 22:30:00+00:00,10390
2024-01-01 23:00:00+00:00,2024-01-01 02:30:00+00:00,11660
2024-01-01 23:00:00+00:00,2024-01-01 04:30:00+00:00,11665
2024-01-01 23:00:00+00:00,2024-01-01 07:30:00+00:00,12221
2024-01-01 23:00:00+00:00,2024-01-01 09:30:00+00:00,12223
2024-01-01 23:00:00+00:00,2024-01-01 11:30:00+00:00,12223
2024-01-01 23:00:00+00:00,2024-01-01 15:30:00+00:00,13017
2024-01-01 23:00:00+00:00,2024-01-01 18:30:00+00:00,14419
2024-01-01 23:00:00+00:00,2024-01-01 22:30:00+00:00,14426
2024-01-02 00:00:00+00:00,2023-12-31 02:30:00+00:00,5823
2024-01-02 00:00:00+00:00,2023-12-31 04:30:00+00:00,5823
2024-01-02 00:00:00+00:00,2023-12-31 07:30:00+00:00,7587
2024-01-02 00:00:00+00:00,2023-12-31 09:30:00+00:00,7591
2024-01-02 00:00:00+00:00,2023-12-31 11:30:00+00:00,7579
2024-01-02 00:00:00+00:00,2023-12-31 15:30:00+00:00,9252
2024-01-02 00:00:00+00:00,2023-12-31 18:30:00+00:00,11481
2024-01-02 00:00:00+00:00,2023-12-31 22:30:00+00:00,11485
2024-01-02 00:00:00+00:00,2024-01-01 02:30:00+00:00,12849
2024-01-02 00:00:00+00:00,2024-01-01 04:30:00+00:00,12854
2024-01-02 00:00:00+00:00,2024-01-01 07:30:00+00:00,13443
2024-01-02 00:00:00+00:00,2024-01-01 09:30:00+00:00,13445
2024-01-02 00:00:00+00:00,2024-01-01 11:30:00+00:00,13447
2024-01-02 00:00:00+00:00,2024-01-01 15:30:00+00:00,14125
2024-01-02 00:00:00+00:00,2024-01-01 18:30:00+00:00,15361
2024-01-02 00:00:00+00:00,2024-01-01 22:30:00+00:00,15364
2024-01-02 01:00:00+00:00,2023-12-31 02:30:00+00:00,6434
2024-01-02 01:00:00+00:00,2023-12-31 04:30:00+00:00,6434
2024-01-02 01:00:00+00:00,2023-12-31 07:30:00+00:00,8160
2024-01-02 01:00:00+00:00,2023-12-31 09:30:00+00:00,8164
2024-01-02 01:00:00+00:00,2023-12-31 11:30:00+00:00,8137
2024-01-02 01:00:00+00:00,2023-12-31 15:30:00+00:00,10121
2024-01-02 01:00:00+00:00,2023-12-31 18:30:00+00:00,12498
2024-01-02 01:00:00+00:00,2023-12-31 22:30:00+00:00,12503
2024-01-02 01:00:00+00:00,2024-01-01 02:30:00+00:00,13680
2024-01-02 01:00:00+00:00,2024-01-01 04:30:00+00:00,13681
2024-01-02 01:00:00+00:00,2024-01-01 07:30:00+00:00,14181
2024-01-02 01:00:00+00:00,2024-01-01 09:30:00+00:00,14183
2024-01-02 01:00:00+00:00,2024-01-01 11:30:00+00:00,14186
2024-01-02 01:00:00+00:00,2024-01-01 15:30:00+00:00,14898
2024-01-02 01:00:00+00:00,2024-01-01 18:30:00+00:00,15805
2024-01-02 01:00:00+00:00,2024-01-01 22:30:00+00:00,15807
2024-01-02 02:00:00+00:00,2023-12-31 02:30:00+00:00,7077
2024-01-02 02:00:00+00:00,2023-12-31 04:30:00+00:00,7076
2024-01-02 02:00:00+00:00,2023-12-31 07:30:00+00:00,8764
2024-01-02 02:00:00+00:00,2023-12-31 09:30:00+00:00,8767
2024-01-02 02:00:00+00:00,2023-12-31 11:30:00+00:00,8731
2024-01-02 02:00:00+00:00,2023-12-31 15:30:00+00:00,11006
2024-01-02 02:00:00+00:00,2023-12-31 18:30:00+00:00,13163
2024-01-02 02:00:00+00:00,2023-12-31 22:30:00+00:00,13168
2024-01-02 02:00:00+00:00,2024-01-01 02:30:00+00:00,14213
2024-01-02 02:00:00+00:00,2024-01-01 04:30:00+00:00,14214
2024-01-02 02:00:00+00:00,2024-01-01 07:30:00+00:00,14658
2024-01-02 02:00:00+00:00,2024-01-01 09:30:00+00:00,14660
2024-01-02 02:00:00+00:00,2024-01-01 11:30:00+00:00,14662
2024-01-02 02:00:00+00:00,2024-01-01 15:30:00+00:00,15202
2024-01-02 02:00:00+00:00,2024-01-01 18:30:00+00:00,15889
2024-01-02 02:00:00+00:00,2024-01-01 22:30:00+00:00,15888
2024-01-02 03:00:00+00:00,2023-12-31 02:30:00+00:00,7743
2024-01-02 03:00:00+00:00,2023-12-31 04:30:00+00:00,7741
2024-01-02 03:00:00+00:00,2023-12-31 07:30:00+00:00,9394
2024-01-02 03:00:00+00:00,2023-12-31 09:30:00+00:00,9396
2024-01-02 03:00:00+00:00,2023-12-31 11:30:00+00:00,9367
2024-01-02 03:00:00+00:00,2023-12-31 15:30:00+00:00,11650
2024-01-02 03:00:00+00:00,2023-12-31 18:30:00+00:00,13556
2024-01-02 03:00:00+00:00,2023-12-31 22:30:00+00:00,13560
2024-01-02 03:00:00+00:00,2024-01-01 02:30:00+00:00,14435
2024-01-02 03:00:00+00:00,2024-01-01 04:30:00+00:00,14440
2024-01-02 03:00:00+00:00,2024-01-01 07:30:00+00:00,14810
2024-01-02 03:00:00+00:00,2024-01-01 09:30:00+00:00,14811
2024-01-02 03:00:00+00:00,2024-01-01 11:30:00+00:00,14811
2024-01-02 03:00:00+00:00,2024-01-01 15:30:00+00:00,15199
2024-01-02 03:00:00+00:00,2024-01-01 18:30:00+00:00,15540
2024-01-02 03:00:00+00:00,2024-01-01 22:30:00+00:00,15537
2024-01-02 04:00:00+00:00,2023-12-31 02:30:00+00:00,8478
2024-01-02 04:00:00+00:00,2023-12-31 04:30:00+00:00,8478
2024-01-02 04:00:00+00:00,2023-12-31 07:30:00+00:00,9847
2024-01-02 04:00:00+00:00,2023-12-31 09:30:00+00:00,9848
2024-01-02 04:00:00+00:00,2023-12-31 11:30:00+00:00,9831
2024-01-02 04:00:00+00:00,2023-12-31 15:30:00+00:00,12442
2024-01-02 04:00:00+00:00,2023-12-31 18:30:00+00:00,14271
2024-01-02 04:00:00+00:00,2023-12-31 22:30:00+00:00,14276
2024-01-02 04:00:00+00:00,2024-01-01 02:30:00+00:00,14520
2024-01-02 04:00:00+00:00,2024-01-01 04:30:00+00:00,14520
2024-01-02 04:00:00+00:00,2024-01-01 07:30:00+00:00,14647
2024-01-02 04:00:00+00:00,2024-01-01 09:30:00+00:00,14648
2024-01-02 04:00:00+00:00,2024-01-01 11:30:00+00:00,14651
2024-01-02 04:00:00+00:00,2024-01-01 15:30:00+00:00,14965
2024-01-02 04:00:00+00:00,2024-01-01 18:30:00+00:00,15034
2024-01-02 04:00:00+00:00,2024-01-01 22:30:00+00:00,15028
2024-01-02 05:00:00+00:00,2023-12-31 02:30:00+00:00,9248
2024-01-02 05:00:00+00:00,2023-12-31 04:30:00+00:00,9249
2024-01-02 05:00:00+00:00,2023-12-31 07:30:00+00:00,10315
2024-01-02 05:00:00+00:00,2023-12-31 09:30:00+00:00,10315
2024-01-02 05:00:00+00:00,2023-12-31 11:30:00+00:00,10310
2024-01-02 05:00:00+00:00,2023-12-31 15:30:00+00:00,12613
2024-01-02 05:00:00+00:00,2023-12-31 18:30:00+00:00,14280
2024-01-02 05:00:00+00:00,2023-12-31 22:30:00+00:00,14282
2024-01-02 05:00:00+00:00,2024-01-01 02:30:00+00:00,14382
2024-01-02 05:00:00+00:00,2024-01-01 04:30:00+00:00,14380
2024-01-02 05:00:00+00:00,2024-01-01 07:30:00+00:00,14356
2024-01-02 05:00:00+00:00,2024-01-01 09:30:00+00:00,14356
2024-01-02 05:00:00+00:00,2024-01-01 11:30:00+00:00,14358
2024-01-02 05:00:00+00:00,2024-01-01 15:30:00+00:00,14620
2024-01-02 05:00:00+00:00,2024-01-01 18:30:00+00:00,14466
2024-01-02 05:00:00+00:00,2024-01-01 22:30:00+00:00,14461
2024-01-02 06:00:00+00:00,2023-12-31 02:30:00+00:00,10026
2024-01-02 06:00:00+00:00,2023-12-31 04:30:00+00:00,10030
2024-01-02 06:00:00+00:00,2023-12-31 07:30:00+00:00,10787
2024-01-02 06:00:00+00:00,2023-12-31 09:30:00+00:00,10785
2024-01-02 06:00:00+00:00,2023-12-31 11:30:00+00:00,10792
2024-01-02 06:00:00+00:00,2023-12-31 15:30:00+00:00,12750
2024-01-02 06:00:00+00:00,2023-12-31 18:30:00+00:00,14165
2024-01-02 06:00:00+00:00,2023-12-31 22:30:00+00:00,14163
2024-01-02 06:00:00+00:00,2024-01-01 02:30:00+00:00,14312
2024-01-02 06:00:00+00:00,2024-01-01 04:30:00+00:00,14307
2024-01-02 06:00:00+00:00,2024-01-01 07:30:00+00:00,14358
2024-01-02 06:00:00+00:00,2024-01-01 09:30:00+00:00,14356
2024-01-02 06:00:00+00:00,2024-01-01 11:30:00+00:00,14356
2024-01-02 06:00:00+00:00,2024-01-01 15:30:00+00:00,14493
2024-01-02 06:00:00+00:00,2024-01-01 18:30:00+00:00,14050
2024-01-02 06:00:00+00:00,2024-01-01 22:30:00+00:00,14048
2024-01-02 07:00:00+00:00,2023-12-31 02:30:00+00:00,10515
2024-01-02 07:00:00+00:00,2023-12-31 04:30:00+00:00,10521
2024-01-02 07:00:00+00:00,2023-12-31 07:30:00+00:00,11022
2024-01-02 07:00:00+00:00,2023-12-31 09:30:00+00:00,11020
2024-01-02 07:00:00+00:00,2023-12-31 11:30:00+00:00,11028
2024-01-02 07:00:00+00:00,2023-12-31 15:30:00+00:00,12662
2024-01-02 07:00:00+00:00,2023-12-31 18:30:00+00:00,13940
2024-01-02 07:00:00+00:00,2023-12-31 22:30:00+00:00,13931
2024-01-02 07:00:00+00:00,2024-01-01 02:30:00+00:00,14028
2024-01-02 07:00:00+00:00,2024-01-01 04:30:00+00:00,14022
2024-01-02 07:00:00+00:00,2024-01-01 07:30:00+00:00,14011
2024-01-02 07:00:00+00:00,2024-01-01 09:30:00+00:00,14009
2024-01-02 07:00:00+00:00,2024-01-01 11:30:00+00:00,14011
2024-01-02 07:00:00+00:00,2024-01-01 15:30:00+00:00,14108
2024-01-02 07:00:00+00:00,2024-01-01 18:30:00+00:00,13496
2024-01-02 07:00:00+00:00,2024-01-01 22:30:00+00:00,13492
2024-01-02 08:00:00+00:00,2023-12-31 02:30:00+00:00,10974
2024-01-02 08:00:00+00:00,2023-12-31 04:30:00+00:00,10981
2024-01-02 08:00:00+00:00,2023-12-31 07:30:00+00:00,11219
2024-01-02 08:00:00+00:00,2023-12-31 09:30:00+00:00,11217
2024-01-02 08:00:00+00:00,2023-12-31 11:30:00+00:00,11226
2024-01-02 08:00:00+00:00,2023-12-31 15:30:00+00:00,12535
2024-01-02 08:00:00+00:00,2023-12-31 18:30:00+00:00,13545
2024-01-02 08:00:00+00:00,2023-12-31 22:30:00+00:00,13535
2024-01-02 08:00:00+00:00,2024-01-01 02:30:00+00:00,13841
2024-01-02 08:00:00+00:00,2024-01-01 04:30:00+00:00,13837
2024-01-02 08:00:00+00:00,2024-01-01 07:30:00+00:00,13678
2024-01-02 08:00:00+00:00,2024-01-01 09:30:00+00:00,13675
2024-01-02 08:00:00+00:00,2024-01-01 11:30:00+00:00,13671
2024-01-02 08:00:00+00:00,2024-01-01 15:30:00+00:00,13665
2024-01-02 08:00:00+00:00,2024-01-01 18:30:00+00:00,12945
2024-01-02 08:00:00+00:00,2024-01-01 22:30:00+00:00,12938
2024-01-02 09:00:00+00:00,2023-12-31 02:30:00+00:00,11392
2024-01-02 09:00:00+00:00,2023-12-31 04:30:00+00:00,11400
2024-01-02 09:00:00+00:00,2023-12-31 07:30:00+00:00,11375
2024-01-02 09:00:00+00:00,2023-12-31 09:30:00+00:00,11372
2024-01-02 09:00:00+00:00,2023-12-31 11:30:00+00:00,11383
2024-01-02 09:00:00+00:00,2023-12-31 15:30:00+00:00,12381
2024-01-02 09:00:00+00:00,2023-12-31 18:30:00+00:00,13420
2024-01-02 09:00:00+00:00,2023-12-31 22:30:00+00:00,13406
2024-01-02 09:00:00+00:00,2024-01-01 02:30:00+00:00,13609
2024-01-02 09:00:00+00:00,2024-01-01 04:30:00+00:00,13610
2024-01-02 09:00:00+00:00,2024-01-01 07:30:00+00:00,13194
2024-01-02 09:00:00+00:00,2024-01-01 09:30:00+00:00,13189
2024-01-02 09:00:00+00:00,2024-01-01 11:30:00+00:00,13181
2024-01-02 09:00:00+00:00,2024-01-01 15:30:00+00:00,13157
2024-01-02 09:00:00+00:00,2024-01-01 18:30:00+00:00,12382
2024-01-02 09:00:00+00:00,2024-01-01 22:30:00+00:00,12378
2024-01-02 10:00:00+00:00,2023-12-31 02:30:00+00:00,11081
2024-01-02 10:00:00+00:00,2023-12-31 04:30:00+00:00,11092
2024-01-02 10:00:00+00:00,2023-12-31 07:30:00+00:00,11068
2024-01-02 10:00:00+00:00,2023-12-31 09:30:00+00:00,11065
2024-01-02 10:00:00+00:00,2023-12-31 11:30:00+00:00,11073
2024-01-02 10:00:00+00:00,2023-12-31 15:30:00+00:00,12030
2024-01-02 10:00:00+00:00,2023-12-31 18:30:00+00:00,12606
2024-01-02 10:00:00+00:00,2023-12-31 22:30:00+00:00,12599
2024-01-02 10:00:00+00:00,2024-01-01 02:30:00+00:00,12908
2024-01-02 10:00:00+00:00,2024-01-01 04:30:00+00:00,12904
2024-01-02 10:00:00+00:00,2024-01-01 07:30:00+00:00,12470
2024-01-02 10:00:00+00:00,2024-01-01 09:30:00+00:00,12469
2024-01-02 10:00:00+00:00,2024-01-01 11:30:00+00:00,12472
2024-01-02 10:00:00+00:00,2024-01-01 15:30:00+00:00,12514
2024-01-02 10:00:00+00:00,2024-01-01 18:30:00+00:00,11634
2024-01-02 10:00:00+00:00,2024-01-01 22:30:00+00:00,11633
2024-01-02 11:00:00+00:00,2023-12-31 02:30:00+00:00,10752
2024-01-02 11:00:00+00:00,2023-12-31 04:30:00+00:00,10766
2024-01-02 11:00:00+00:00,2023-12-31 07:30:00+00:00,10741
2024-01-02 11:00:00+00:00,2023-12-31 09:30:00+00:00,10740
2024-01-02 11:00:00+00:00,2023-12-31 11:30:00+00:00,10745
2024-01-02 11:00:00+00:00,2023-12-31 15:30:00+00:00,11666
2024-01-02 11:00:00+00:00,2023-12-31 18:30:00+00:00,12125
2024-01-02 11:00:00+00:00,2023-12-31 22:30:00+00:00,12123
2024-01-02 11:00:00+00:00,2024-01-01 02:30:00+00:00,12102
2024-01-02 11:00:00+00:00,2024-01-01 04:30:00+00:00,12103
2024-01-02 11:00:00+00:00,2024-01-01 07:30:00+00:00,11631
2024-01-02 11:00:00+00:00,2024-01-01 09:30:00+00:00,11633
2024-01-02 11:00:00+00:00,2024-01-01 11:30:00+00:00,11633
2024-01-02 11:00:00+00:00,2024-01-01 15:30:00+00:00,11708
2024-01-02 11:00:00+00:00,2024-01-01 18:30:00+00:00,10727
2024-01-02 11:00:00+00:00,2024-01-01 22:30:00+00:00,10729
2024-01-02 12:00:00+00:00,2023-12-31 02:30:00+00:00,10414
2024-01-02 12:00:00+00:00,2023-12-31 04:30:00+00:00,10430
2024-01-02 12:00:00+00:00,2023-12-31 07:30:00+00:00,10401
2024-01-02 12:00:00+00:00,2023-12-31 09:30:00+00:00,10401
2024-01-02 12:00:00+00:00,2023-12-31 11:30:00+00:00,10402
2024-01-02 12:00:00+00:00,2023-12-31 15:30:00+00:00,11289
2024-01-02 12:00:00+00:00,2023-12-31 18:30:00+00:00,11626
2024-01-02 12:00:00+00:00,2023-12-31 22:30:00+00:00,11629
2024-01-02 12:00:00+00:00,2024-01-01 02:30:00+00:00,11534
2024-01-02 12:00:00+00:00,2024-01-01 04:30:00+00:00,11556
2024-01-02 12:00:00+00:00,2024-01-01 07:30:00+00:00,11021
2024-01-02 12:00:00+00:00,2024-01-01 09:30:00+00:00,11024
2024-01-02 12:00:00+00:00,2024-01-01 11:30:00+00:00,11018
2024-01-02 12:00:00+00:00,2024-01-01 15:30:00+00:00,11018
2024-01-02 12:00:00+00:00,2024-01-01 18:30:00+00:00,9775
2024-01-02 12:00:00+00:00,2024-01-01 22:30:00+00:00,9778
2024-01-02 13:00:00+00:00,2023-12-31 02:30:00+00:00,10179
2024-01-02 13:00:00+00:00,2023-12-31 04:30:00+00:00,10198
2024-01-02 13:00:00+00:00,2023-12-31 07:30:00+00:00,10221
2024-01-02 13:00:00+00:00,2023-12-31 09:30:00+00:00,10220
2024-01-02 13:00:00+00:00,2023-12-31 11:30:00+00:00,10223
2024-01-02 13:00:00+00:00,2023-12-31 15:30:00+00:00,11069
2024-01-02 13:00:00+00:00,2023-12-31 18:30:00+00:00,11319
2024-01-02 13:00:00+00:00,2023-12-31 22:30:00+00:00,11320
2024-01-02 13:00:00+00:00,2024-01-01 02:30:00+00:00,10820
2024-01-02 13:00:00+00:00,2024-01-01 04:30:00+00:00,10823
2024-01-02 13:00:00+00:00,2024-01-01 07:30:00+00:00,10364
2024-01-02 13:00:00+00:00,2024-01-01 09:30:00+00:00,10368
2024-01-02 13:00:00+00:00,2024-01-01 11:30:00+00:00,10362
2024-01-02 13:00:00+00:00,2024-01-01 15:30:00+00:00,10443
2024-01-02 13:00:00+00:00,2024-01-01 18:30:00+00:00,9212
2024-01-02 13:00:00+00:00,2024-01-01 22:30:00+00:00,9216
2024-01-02 14:00:00+00:00,2023-12-31 02:30:00+00:00,9941
2024-01-02 14:00:00+00:00,2023-12-31 04:30:00+00:00,9962
2024-01-02 14:00:00+00:00,2023-12-31 07:30:00+00:00,10037
2024-01-02 14:00:00+00:00,2023-12-31 09:30:00+00:00,10035
2024-01-02 14:00:00+00:00,2023-12-31 11:30:00+00:00,10039
2024-01-02 14:00:00+00:00,2023-12-31 15:30:00+00:00,10839
2024-01-02 14:00:00+00:00,2023-12-31 18:30:00+00:00,10981
2024-01-02 14:00:00+00:00,2023-12-31 22:30:00+00:00,10980
2024-01-02 14:00:00+00:00,2024-01-01 02:30:00+00:00,10413
2024-01-02 14:00:00+00:00,2024-01-01 04:30:00+00:00,10415
2024-01-02 14:00:00+00:00,2024-01-01 07:30:00+00:00,9902
2024-01-02 14:00:00+00:00,2024-01-01 09:30:00+00:00,9908
2024-01-02 14:00:00+00:00,2024-01-01 11:30:00+00:00,9902
2024-01-02 14:00:00+00:00,2024-01-01 15:30:00+00:00,9980
2024-01-02 14:00:00+00:00,2024-01-01 18:30:00+00:00,8780
2024-01-02 14:00:00+00:00,2024-01-01 22:30:00+00:00,8783
2024-01-02 15:00:00+00:00,2023-12-31 02:30:00+00:00,9702
2024-01-02 15:00:00+00:00,2023-12-31 04:30:00+00:00,9726
2024-01-02 15:00:00+00:00,2023-12-31 07:30:00+00:00,9849
2024-01-02 15:00:00+00:00,2023-12-31 09:30:00+00:00,9847
2024-01-02 15:00:00+00:00,2023-12-31 11:30:00+00:00,9853
2024-01-02 15:00:00+00:00,2023-12-31 15:30:00+00:00,10601
2024-01-02 15:00:00+00:00,2023-12-31 18:30:00+00:00,10616
2024-01-02 15:00:00+00:00,2023-12-31 22:30:00+00:00,10613
2024-01-02 15:00:00+00:00,2024-01-01 02:30:00+00:00,10231
2024-01-02 15:00:00+00:00,2024-01-01 04:30:00+00:00,10255
2024-01-02 15:00:00+00:00,2024-01-01 07:30:00+00:00,9981
2024-01-02 15:00:00+00:00,2024-01-01 09:30:00+00:00,9987
2024-01-02 15:00:00+00:00,2024-01-01 11:30:00+00:00,9971
2024-01-02 15:00:00+00:00,2024-01-01 15:30:00+00:00,10142
2024-01-02 15:00:00+00:00,2024-01-01 18:30:00+00:00,8797
2024-01-02 15:00:00+00:00,2024-01-01 22:30:00+00:00,8802
2024-01-02 16:00:00+00:00,2023-12-31 02:30:00+00:00,9718
2024-01-02 16:00:00+00:00,2023-12-31 04:30:00+00:00,9738
2024-01-02 16:00:00+00:00,2023-12-31 07:30:00+00:00,10010
2024-01-02 16:00:00+00:00,2023-12-31 09:30:00+00:00,10007
2024-01-02 16:00:00+00:00,2023-12-31 11:30:00+00:00,10009
2024-01-02 16:00:00+00:00,2023-12-31 15:30:00+00:00,10739
2024-01-02 16:00:00+00:00,2023-12-31 18:30:00+00:00,10822
2024-01-02 16:00:00+00:00,2023-12-31 22:30:00+00:00,10817
2024-01-02 16:00:00+00:00,2024-01-01 02:30:00+00:00,10373
2024-01-02 16:00:00+00:00,2024-01-01 04:30:00+00:00,10389
2024-01-02 16:00:00+00:00,2024-01-01 07:30:00+00:00,10242
2024-01-02 16:00:00+00:00,2024-01-01 09:30:00+00:00,10248
2024-01-02 16:00:00+00:00,2024-01-01 11:30:00+00:00,10238
2024-01-02 16:00:00+00:00,2024-01-01 15:30:00+00:00,10314
2024-01-02 16:00:00+00:00,2024-01-01 18:30:00+00:00,8864
2024-01-02 16:00:00+00:00,2024-01-01 22:30:00+00:00,8869
2024-01-02 17:00:00+00:00,2023-12-31 02:30:00+00:00,9733
2024-01-02 17:00:00+00:00,2023-12-31 04:30:00+00:00,9750
2024-01-02 17:00:00+00:00,2023-12-31 07:30:00+00:00,10169
2024-01-02 17:00:00+00:00,2023-12-31 09:30:00+00:00,10168
2024-01-02 17:00:00+00:00,2023-12-31 11:30:00+00:00,10166
2024-01-02 17:00:00+00:00,2023-12-31 15:30:00+00:00,10874
2024-01-02 17:00:00+00:00,2023-12-31 18:30:00+00:00,11015
2024-01-02 17:00:00+00:00,2023-12-31 22:30:00+00:00,11009
2024-01-02 17:00:00+00:00,2024-01-01 02:30:00+00:00,10617
2024-01-02 17:00:00+00:00,2024-01-01 04:30:00+00:00,10626
2024-01-02 17:00:00+00:00,2024-01-01 07:30:00+00:00,10482
2024-01-02 17:00:00+00:00,2024-01-01 09:30:00+00:00,10486
2024-01-02 17:00:00+00:00,2024-01-01 11:30:00+00:00,10472
2024-01-02 17:00:00+00:00,2024-01-01 15:30:00+00:00,10490
2024-01-02 17:00:00+00:00,2024-01-01 18:30:00+00:00,9213
2024-01-02 17:00:00+00:00,2024-01-01 22:30:00+00:00,9219
2024-01-02 18:00:00+00:00,2023-12-31 02:30:00+00:00,9747
2024-01-02 18:00:00+00:00,2023-12-31 04:30:00+00:00,9761
2024-01-02 18:00:00+00:00,2023-12-31 07:30:00+00:00,10329
2024-01-02 18:00:00+00:00,2023-12-31 09:30:00+00:00,10327
2024-01-02 18:00:00+00:00,2023-12-31 11:30:00+00:00,10323
2024-01-02 18:00:00+00:00,2023-12-31 15:30:00+00:00,11003
2024-01-02 18:00:00+00:00,2023-12-31 18:30:00+00:00,11191
2024-01-02 18:00:00+00:00,2023-12-31 22:30:00+00:00,11183
2024-01-02 18:00:00+00:00,2024-01-01 02:30:00+00:00,10846
2024-01-02 18:00:00+00:00,2024-01-01 04:30:00+00:00,10849
2024-01-02 18:00:00+00:00,2024-01-01 07:30:00+00:00,10889
2024-01-02 18:00:00+00:00,2024-01-01 09:30:00+00:00,10891
2024-01-02 18:00:00+00:00,2024-01-01 11:30:00+00:00,10871
2024-01-02 18:00:00+00:00,2024-01-01 15:30:00+00:00,10984
2024-01-02 18:00:00+00:00,2024-01-01 18:30:00+00:00,9757
2024-01-02 18:00:00+00:00,2024-01-01 22:30:00+00:00,9757
2024-01-02 19:00:00+00:00,2023-12-31 02:30:00+00:00,10046
2024-01-02 19:00:00+00:00,2023-12-31 04:30:00+00:00,10059
2024-01-02 19:00:00+00:00,2023-12-31 07:30:00+00:00,10549
2024-01-02 19:00:00+00:00,2023-12-31 09:30:00+00:00,10548
2024-01-02 19:00:00+00:00,2023-12-31 11:30:00+00:00,10546
2024-01-02 19:00:00+00:00,2023-12-31 15:30:00+00:00,11150
2024-01-02 19:00:00+00:00,2023-12-31 18:30:00+00:00,11403
2024-01-02 19:00:00+00:00,2023-12-31 22:30:00+00:00,11396
2024-01-02 19:00:00+00:00,2024-01-01 02:30:00+00:00,11201
2024-01-02 19:00:00+00:00,2024-01-01 04:30:00+00:00,11203
2024-01-02 19:00:00+00:00,2024-01-01 07:30:00+00:00,11306
2024-01-02 19:00:00+00:00,2024-01-01 09:30:00+00:00,11307
2024-01-02 19:00:00+00:00,2024-01-01 11:30:00+00:00,11288
2024-01-02 19:00:00+00:00,2024-01-01 15:30:00+00:00,11420
2024-01-02 19:00:00+00:00,2024-01-01 18:30:00+00:00,10278
2024-01-02 19:00:00+00:00,2024-01-01 22:30:00+00:00,10280
2024-01-02 20:00:00+00:00,2023-12-31 02:30:00+00:00,10333
2024-01-02 20:00:00+00:00,2023-12-31 04:30:00+00:00,10343
2024-01-02 20:00:00+00:00,2023-12-31 07:30:00+00:00,10759
2024-01-02 20:00:00+00:00,2023-12-31 09:30:00+00:00,10758
2024-01-02 20:00:00+00:00,2023-12-31 11:30:00+00:00,10758
2024-01-02 20:00:00+00:00,2023-12-31 15:30:00+00:00,11281
2024-01-02 20:00:00+00:00,2023-12-31 18:30:00+00:00,11593
2024-01-02 20:00:00+00:00,2023-12-31 22:30:00+00:00,11586
2024-01-02 20:00:00+00:00,2024-01-01 02:30:00+00:00,11519
2024-01-02 20:00:00+00:00,2024-01-01 04:30:00+00:00,11518
2024-01-02 20:00:00+00:00,2024-01-01 07:30:00+00:00,11778
2024-01-02 20:00:00+00:00,2024-01-01 09:30:00+00:00,11779
2024-01-02 20:00:00+00:00,2024-01-01 11:30:00+00:00,11753
2024-01-02 20:00:00+00:00,2024-01-01 15:30:00+00:00,11930
2024-01-02 20:00:00+00:00,2024-01-01 18:30:00+00:00,11158
2024-01-02 20:00:00+00:00,2024-01-01 22:30:00+00:00,11162
2024-01-02 21:00:00+00:00,2023-12-31 02:30:00+00:00,10601
2024-01-02 21:00:00+00:00,2023-12-31 04:30:00+00:00,10609
2024-01-02 21:00:00+00:00,2023-12-31 07:30:00+00:00,10958
2024-01-02 21:00:00+00:00,2023-12-31 09:30:00+00:00,10957
2024-01-02 21:00:00+00:00,2023-12-31 11:30:00+00:00,10959
2024-01-02 21:00:00+00:00,2023-12-31 15:30:00+00:00,11396
2024-01-02 21:00:00+00:00,2023-12-31 18:30:00+00:00,11758
2024-01-02 21:00:00+00:00,2023-12-31 22:30:00+00:00,11753
2024-01-02 21:00:00+00:00,2024-01-01 02:30:00+00:00,11793
2024-01-02 21:00:00+00:00,2024-01-01 04:30:00+00:00,11790
2024-01-02 21:00:00+00:00,2024-01-01 07:30:00+00:00,11821
2024-01-02 21:00:00+00:00,2024-01-01 09:30:00+00:00,11821
2024-01-02 21:00:00+00:00,2024-01-01 11:30:00+00:00,11809
2024-01-02 21:00:00+00:00,2024-01-01 15:30:00+00:00,12026
2024-01-02 21:00:00+00:00,2024-01-01 18:30:00+00:00,11559
2024-01-02 21:00:00+00:00,2024-01-01 22:30:00+00:00,11559
2024-01-02 21:00:00+00:00,2024-01-02 02:30:00+00:00,11431
2024-01-02 21:00:00+00:00,2024-01-02 04:30:00+00:00,11442
2024-01-02 21:00:00+00:00,2024-01-02 07:30:00+00:00,11418
2024-01-02 21:00:00+00:00,2024-01-02 09:30:00+00:00,11419
2024-01-02 21:00:00+00:00,2024-01-02 11:30:00+00:00,11422
2024-01-02 21:00:00+00:00,2024-01-02 15:30:00+00:00,11827
2024-01-02 21:00:00+00:00,2024-01-02 18:30:00+00:00,12255
2024-01-02 21:00:00+00:00,2024-01-02 22:30:00+00:00,12259
2024-01-02 22:00:00+00:00,2024-01-01 02:30:00+00:00,11706
2024-01-02 22:00:00+00:00,2024-01-01 04:30:00+00:00,11703
2024-01-02 22:00:00+00:00,2024-01-01 07:30:00+00:00,11903
2024-01-02 22:00:00+00:00,2024-01-01 09:30:00+00:00,11902
2024-01-02 22:00:00+00:00,2024-01-01 11:30:00+00:00,11867
2024-01-02 22:00:00+00:00,2024-01-01 15:30:00+00:00,11888
2024-01-02 22:00:00+00:00,2024-01-01 18:30:00+00:00,11436
2024-01-02 22:00:00+00:00,2024-01-01 22:30:00+00:00,11435
2024-01-02 22:00:00+00:00,2024-01-02 02:30:00+00:00,11389
2024-01-02 22:00:00+00:00,2024-01-02 04:30:00+00:00,11398
2024-01-02 22:00:00+00:00,2024-01-02 07:30:00+00:00,11459
2024-01-02 22:00:00+00:00,2024-01-02 09:30:00+00:00,11463
2024-01-02 22:00:00+00:00,2024-01-02 11:30:00+00:00,11462
2024-01-02 22:00:00+00:00,2024-01-02 15:30:00+00:00,11946
2024-01-02 22:00:00+00:00,2024-01-02 18:30:00+00:00,12280
2024-01-02 22:00:00+00:00,2024-01-02 22:30:00+00:00,12286
2024-01-02 23:00:00+00:00,2024-01-01 02:30:00+00:00,11609
2024-01-02 23:00:00+00:00,2024-01-01 04:30:00+00:00,11607
2024-01-02 23:00:00+00:00,2024-01-01 07:30:00+00:00,11783
2024-01-02 23:00:00+00:00,2024-01-01 09:30:00+00:00,11782
2024-01-02 23:00:00+00:00,2024-01-01 11:30:00+00:00,11738
2024-01-02 23:00:00+00:00,2024-01-01 15:30:00+00:00,11785
2024-01-02 23:00:00+00:00,2024-01-01 18:30:00+00:00,11268
2024-01-02 23:00:00+00:00,2024-01-01 22:30:00+00:00,11268
2024-01-02 23:00:00+00:00,2024-01-02 02:30:00+00:00,11389
2024-01-02 23:00:00+00:00,2024-01-02 04:30:00+00:00,11399
2024-01-02 23:00:00+00:00,2024-01-02 07:30:00+00:00,11613
2024-01-02 23:00:00+00:00,2024-01-02 09:30:00+00:00,11616
2024-01-02 23:00:00+00:00,2024-01-02 11:30:00+00:00,11613
2024-01-02 23:00:00+00:00,2024-01-02 15:30:00+00:00,12054
2024-01-02 23:00:00+00:00,2024-01-02 18:30:00+00:00,12288
2024-01-02 23:00:00+00:00,2024-01-02 22:30:00+00:00,12296
2024-01-03 00:00:00+00:00,2024-01-01 02:30:00+00:00,11505
2024-01-03 00:00:00+00:00,2024-01-01 04:30:00+00:00,11503
2024-01-03 00:00:00+00:00,2024-01-01 07:30:00+00:00,11662
2024-01-03 00:00:00+00:00,2024-01-01 09:30:00+00:00,11660
2024-01-03 00:00:00+00:00,2024-01-01 11:30:00+00:00,11633
2024-01-03 00:00:00+00:00,2024-01-01 15:30:00+00:00,11654
2024-01-03 00:00:00+00:00,2024-01-01 18:30:00+00:00,11246
2024-01-03 00:00:00+00:00,2024-01-01 22:30:00+00:00,11246
2024-01-03 00:00:00+00:00,2024-01-02 02:30:00+00:00,11329
2024-01-03 00:00:00+00:00,2024-01-02 04:30:00+00:00,11336
2024-01-03 00:00:00+00:00,2024-01-02 07:30:00+00:00,11564
2024-01-03 00:00:00+00:00,2024-01-02 09:30:00+00:00,11566
2024-01-03 00:00:00+00:00,2024-01-02 11:30:00+00:00,11558
2024-01-03 00:00:00+00:00,2024-01-02 15:30:00+00:00,11999
2024-01-03 00:00:00+00:00,2024-01-02 18:30:00+00:00,12210
2024-01-03 00:00:00+00:00,2024-01-02 22:30:00+00:00,12215
2024-01-03 01:00:00+00:00,2024-01-01 02:30:00+00:00,11352
2024-01-03 01:00:00+00:00,2024-01-01 04:30:00+00:00,11350
2024-01-03 01:00:00+00:00,2024-01-01 07:30:00+00:00,11485
2024-01-03 01:00:00+00:00,2024-01-01 09:30:00+00:00,11483
2024-01-03 01:00:00+00:00,2024-01-01 11:30:00+00:00,11446
2024-01-03 01:00:00+00:00,2024-01-01 15:30:00+00:00,11401
2024-01-03 01:00:00+00:00,2024-01-01 18:30:00+00:00,11115
2024-01-03 01:00:00+00:00,2024-01-01 22:30:00+00:00,11114
2024-01-03 01:00:00+00:00,2024-01-02 02:30:00+00:00,11205
2024-01-03 01:00:00+00:00,2024-01-02 04:30:00+00:00,11206
2024-01-03 01:00:00+00:00,2024-01-02 07:30:00+00:00,11345
2024-01-03 01:00:00+00:00,2024-01-02 09:30:00+00:00,11347
2024-01-03 01:00:00+00:00,2024-01-02 11:30:00+00:00,11353
2024-01-03 01:00:00+00:00,2024-01-02 15:30:00+00:00,11753
2024-01-03 01:00:00+00:00,2024-01-02 18:30:00+00:00,11933
2024-01-03 01:00:00+00:00,2024-01-02 22:30:00+00:00,11935
2024-01-03 02:00:00+00:00,2024-01-01 02:30:00+00:00,11200
2024-01-03 02:00:00+00:00,2024-01-01 04:30:00+00:00,11198
2024-01-03 02:00:00+00:00,2024-01-01 07:30:00+00:00,11314
2024-01-03 02:00:00+00:00,2024-01-01 09:30:00+00:00,11312
2024-01-03 02:00:00+00:00,2024-01-01 11:30:00+00:00,11267
2024-01-03 02:00:00+00:00,2024-01-01 15:30:00+00:00,11190
2024-01-03 02:00:00+00:00,2024-01-01 18:30:00+00:00,10846
2024-01-03 02:00:00+00:00,2024-01-01 22:30:00+00:00,10844
2024-01-03 02:00:00+00:00,2024-01-02 02:30:00+00:00,11000
2024-01-03 02:00:00+00:00,2024-01-02 04:30:00+00:00,11001
2024-01-03 02:00:00+00:00,2024-01-02 07:30:00+00:00,11243
2024-01-03 02:00:00+00:00,2024-01-02 09:30:00+00:00,11244
2024-01-03 02:00:00+00:00,2024-01-02 11:30:00+00:00,11246
2024-01-03 02:00:00+00:00,2024-01-02 15:30:00+00:00,11613
2024-01-03 02:00:00+00:00,2024-01-02 18:30:00+00:00,11731
2024-01-03 02:00:00+00:00,2024-01-02 22:30:00+00:00,11736
2024-01-03 03:00:00+00:00,2024-01-01 02:30:00+00:00,11049
2024-01-03 03:00:00+00:00,2024-01-01 04:30:00+00:00,11047
2024-01-03 03:00:00+00:00,2024-01-01 07:30:00+00:00,11150
2024-01-03 03:00:00+00:00,2024-01-01 09:30:00+00:00,11148
2024-01-03 03:00:00+00:00,2024-01-01 11:30:00+00:00,11115
2024-01-03 03:00:00+00:00,2024-01-01 15:30:00+00:00,11001
2024-01-03 03:00:00+00:00,2024-01-01 18:30:00+00:00,10570
2024-01-03 03:00:00+00:00,2024-01-01 22:30:00+00:00,10568
2024-01-03 03:00:00+00:00,2024-01-02 02:30:00+00:00,10730
2024-01-03 03:00:00+00:00,2024-01-02 04:30:00+00:00,10740
2024-01-03 03:00:00+00:00,2024-01-02 07:30:00+00:00,10909
2024-01-03 03:00:00+00:00,2024-01-02 09:30:00+00:00,10908
2024-01-03 03:00:00+00:00,2024-01-02 11:30:00+00:00,10902
2024-01-03 03:00:00+00:00,2024-01-02 15:30:00+00:00,11390
2024-01-03 03:00:00+00:00,2024-01-02 18:30:00+00:00,11587
2024-01-03 03:00:00+00:00,2024-01-02 22:30:00+00:00,11588
2024-01-03 04:00:00+00:00,2024-01-01 02:30:00+00:00,10864
2024-01-03 04:00:00+00:00,2024-01-01 04:30:00+00:00,10862
2024-01-03 04:00:00+00:00,2024-01-01 07:30:00+00:00,10893
2024-01-03 04:00:00+00:00,2024-01-01 09:30:00+00:00,10892
2024-01-03 04:00:00+00:00,2024-01-01 11:30:00+00:00,10874
2024-01-03 04:00:00+00:00,2024-01-01 15:30:00+00:00,10621
2024-01-03 04:00:00+00:00,2024-01-01 18:30:00+00:00,10306
2024-01-03 04:00:00+00:00,2024-01-01 22:30:00+00:00,10304
2024-01-03 04:00:00+00:00,2024-01-02 02:30:00+00:00,10454
2024-01-03 04:00:00+00:00,2024-01-02 04:30:00+00:00,10453
2024-01-03 04:00:00+00:00,2024-01-02 07:30:00+00:00,10446
2024-01-03 04:00:00+00:00,2024-01-02 09:30:00+00:00,10446
2024-01-03 04:00:00+00:00,2024-01-02 11:30:00+00:00,10446
2024-01-03 04:00:00+00:00,2024-01-02 15:30:00+00:00,10971
2024-01-03 04:00:00+00:00,2024-01-02 18:30:00+00:00,11285
2024-01-03 04:00:00+00:00,2024-01-02 22:30:00+00:00,11286
2024-01-03 05:00:00+00:00,2024-01-01 02:30:00+00:00,10669
2024-01-03 05:00:00+00:00,2024-01-01 04:30:00+00:00,10667
2024-01-03 05:00:00+00:00,2024-01-01 07:30:00+00:00,10638
2024-01-03 05:00:00+00:00,2024-01-01 09:30:00+00:00,10637
2024-01-03 05:00:00+00:00,2024-01-01 11:30:00+00:00,10630
2024-01-03 05:00:00+00:00,2024-01-01 15:30:00+00:00,10310
2024-01-03 05:00:00+00:00,2024-01-01 18:30:00+00:00,9821
2024-01-03 05:00:00+00:00,2024-01-01 22:30:00+00:00,9821
2024-01-03 05:00:00+00:00,2024-01-02 02:30:00+00:00,9885
2024-01-03 05:00:00+00:00,2024-01-02 04:30:00+00:00,9886
2024-01-03 05:00:00+00:00,2024-01-02 07:30:00+00:00,9948
2024-01-03 05:00:00+00:00,2024-01-02 09:30:00+00:00,9947
2024-01-03 05:00:00+00:00,2024-01-02 11:30:00+00:00,9942
2024-01-03 05:00:00+00:00,2024-01-02 15:30:00+00:00,10549
2024-01-03 05:00:00+00:00,2024-01-02 18:30:00+00:00,10886
2024-01-03 05:00:00+00:00,2024-01-02 22:30:00+00:00,10886
2024-01-03 06:00:00+00:00,2024-01-01 02:30:00+00:00,10464
2024-01-03 06:00:00+00:00,2024-01-01 04:30:00+00:00,10462
2024-01-03 06:00:00+00:00,2024-01-01 07:30:00+00:00,10385
2024-01-03 06:00:00+00:00,2024-01-01 09:30:00+00:00,10385
2024-01-03 06:00:00+00:00,2024-01-01 11:30:00+00:00,10385
2024-01-03 06:00:00+00:00,2024-01-01 15:30:00+00:00,10019
2024-01-03 06:00:00+00:00,2024-01-01 18:30:00+00:00,9441
2024-01-03 06:00:00+00:00,2024-01-01 22:30:00+00:00,9440
2024-01-03 06:00:00+00:00,2024-01-02 02:30:00+00:00,9399
2024-01-03 06:00:00+00:00,2024-01-02 04:30:00+00:00,9405
2024-01-03 06:00:00+00:00,2024-01-02 07:30:00+00:00,9460
2024-01-03 06:00:00+00:00,2024-01-02 09:30:00+00:00,9459
2024-01-03 06:00:00+00:00,2024-01-02 11:30:00+00:00,9457
2024-01-03 06:00:00+00:00,2024-01-02 15:30:00+00:00,10173
2024-01-03 06:00:00+00:00,2024-01-02 18:30:00+00:00,10514
2024-01-03 06:00:00+00:00,2024-01-02 22:30:00+00:00,10514
2024-01-03 07:00:00+00:00,2024-01-01 02:30:00+00:00,10471
2024-01-03 07:00:00+00:00,2024-01-01 04:30:00+00:00,10469
2024-01-03 07:00:00+00:00,2024-01-01 07:30:00+00:00,10347
2024-01-03 07:00:00+00:00,2024-01-01 09:30:00+00:00,10347
2024-01-03 07:00:00+00:00,2024-01-01 11:30:00+00:00,10347
2024-01-03 07:00:00+00:00,2024-01-01 15:30:00+00:00,9955
2024-01-03 07:00:00+00:00,2024-01-01 18:30:00+00:00,9285
2024-01-03 07:00:00+00:00,2024-01-01 22:30:00+00:00,9286
2024-01-03 07:00:00+00:00,2024-01-02 02:30:00+00:00,8948
2024-01-03 07:00:00+00:00,2024-01-02 04:30:00+00:00,8948
2024-01-03 07:00:00+00:00,2024-01-02 07:30:00+00:00,8906
2024-01-03 07:00:00+00:00,2024-01-02 09:30:00+00:00,8906
2024-01-03 07:00:00+00:00,2024-01-02 11:30:00+00:00,8908
2024-01-03 07:00:00+00:00,2024-01-02 15:30:00+00:00,9706
2024-01-03 07:00:00+00:00,2024-01-02 18:30:00+00:00,10166
2024-01-03 07:00:00+00:00,2024-01-02 22:30:00+00:00,10167
2024-01-03 08:00:00+00:00,2024-01-01 02:30:00+00:00,10476
2024-01-03 08:00:00+00:00,2024-01-01 04:30:00+00:00,10473
2024-01-03 08:00:00+00:00,2024-01-01 07:30:00+00:00,10306
2024-01-03 08:00:00+00:00,2024-01-01 09:30:00+00:00,10305
2024-01-03 08:00:00+00:00,2024-01-01 11:30:00+00:00,10306
2024-01-03 08:00:00+00:00,2024-01-01 15:30:00+00:00,9890
2024-01-03 08:00:00+00:00,2024-01-01 18:30:00+00:00,8993
2024-01-03 08:00:00+00:00,2024-01-01 22:30:00+00:00,8990
2024-01-03 08:00:00+00:00,2024-01-02 02:30:00+00:00,8629
2024-01-03 08:00:00+00:00,2024-01-02 04:30:00+00:00,8629
2024-01-03 08:00:00+00:00,2024-01-02 07:30:00+00:00,8612
2024-01-03 08:00:00+00:00,2024-01-02 09:30:00+00:00,8612
2024-01-03 08:00:00+00:00,2024-01-02 11:30:00+00:00,8605
2024-01-03 08:00:00+00:00,2024-01-02 15:30:00+00:00,9435
2024-01-03 08:00:00+00:00,2024-01-02 18:30:00+00:00,9875
2024-01-03 08:00:00+00:00,2024-01-02 22:30:00+00:00,9874
2024-01-03 09:00:00+00:00,2024-01-01 02:30:00+00:00,10479
2024-01-03 09:00:00+00:00,2024-01-01 04:30:00+00:00,10476
2024-01-03 09:00:00+00:00,2024-01-01 07:30:00+00:00,10262
2024-01-03 09:00:00+00:00,2024-01-01 09:30:00+00:00,10261
2024-01-03 09:00:00+00:00,2024-01-01 11:30:00+00:00,10262
2024-01-03 09:00:00+00:00,2024-01-01 15:30:00+00:00,9824
2024-01-03 09:00:00+00:00,2024-01-01 18:30:00+00:00,8948
2024-01-03 09:00:00+00:00,2024-01-01 22:30:00+00:00,8944
2024-01-03 09:00:00+00:00,2024-01-02 02:30:00+00:00,8519
2024-01-03 09:00:00+00:00,2024-01-02 04:30:00+00:00,8527
2024-01-03 09:00:00+00:00,2024-01-02 07:30:00+00:00,8303
2024-01-03 09:00:00+00:00,2024-01-02 09:30:00+00:00,8303
2024-01-03 09:00:00+00:00,2024-01-02 11:30:00+00:00,8290
2024-01-03 09:00:00+00:00,2024-01-02 15:30:00+00:00,9089
2024-01-03 09:00:00+00:00,2024-01-02 18:30:00+00:00,9631
2024-01-03 09:00:00+00:00,2024-01-02 22:30:00+00:00,9633
2024-01-03 10:00:00+00:00,2024-01-01 02:30:00+00:00,10536
2024-01-03 10:00:00+00:00,2024-01-01 04:30:00+00:00,10534
2024-01-03 10:00:00+00:00,2024-01-01 07:30:00+00:00,10289
2024-01-03 10:00:00+00:00,2024-01-01 09:30:00+00:00,10288
2024-01-03 10:00:00+00:00,2024-01-01 11:30:00+00:00,10288
2024-01-03 10:00:00+00:00,2024-01-01 15:30:00+00:00,9839
2024-01-03 10:00:00+00:00,2024-01-01 18:30:00+00:00,8997
2024-01-03 10:00:00+00:00,2024-01-01 22:30:00+00:00,8994
2024-01-03 10:00:00+00:00,2024-01-02 02:30:00+00:00,8303
2024-01-03 10:00:00+00:00,2024-01-02 04:30:00+00:00,8302
2024-01-03 10:00:00+00:00,2024-01-02 07:30:00+00:00,8080
2024-01-03 10:00:00+00:00,2024-01-02 09:30:00+00:00,8081
2024-01-03 10:00:00+00:00,2024-01-02 11:30:00+00:00,8072
2024-01-03 10:00:00+00:00,2024-01-02 15:30:00+00:00,8856
2024-01-03 10:00:00+00:00,2024-01-02 18:30:00+00:00,9501
2024-01-03 10:00:00+00:00,2024-01-02 22:30:00+00:00,9503
2024-01-03 11:00:00+00:00,2024-01-01 02:30:00+00:00,10593
2024-01-03 11:00:00+00:00,2024-01-01 04:30:00+00:00,10592
2024-01-03 11:00:00+00:00,2024-01-01 07:30:00+00:00,10316
2024-01-03 11:00:00+00:00,2024-01-01 09:30:00+00:00,10315
2024-01-03 11:00:00+00:00,2024-01-01 11:30:00+00:00,10316
2024-01-03 11:00:00+00:00,2024-01-01 15:30:00+00:00,9854
2024-01-03 11:00:00+00:00,2024-01-01 18:30:00+00:00,8965
2024-01-03 11:00:00+00:00,2024-01-01 22:30:00+00:00,8961
2024-01-03 11:00:00+00:00,2024-01-02 02:30:00+00:00,8198
2024-01-03 11:00:00+00:00,2024-01-02 04:30:00+00:00,8197
2024-01-03 11:00:00+00:00,2024-01-02 07:30:00+00:00,8016
2024-01-03 11:00:00+00:00,2024-01-02 09:30:00+00:00,8016
2024-01-03 11:00:00+00:00,2024-01-02 11:30:00+00:00,8014
2024-01-03 11:00:00+00:00,2024-01-02 15:30:00+00:00,8776
2024-01-03 11:00:00+00:00,2024-01-02 18:30:00+00:00,9231
2024-01-03 11:00:00+00:00,2024-01-02 22:30:00+00:00,9232
2024-01-03 12:00:00+00:00,2024-01-01 02:30:00+00:00,10649
2024-01-03 12:00:00+00:00,2024-01-01 04:30:00+00:00,10648
2024-01-03 12:00:00+00:00,2024-01-01 07:30:00+00:00,10345
2024-01-03 12:00:00+00:00,2024-01-01 09:30:00+00:00,10344
2024-01-03 12:00:00+00:00,2024-01-01 11:30:00+00:00,10344
2024-01-03 12:00:00+00:00,2024-01-01 15:30:00+00:00,9869
2024-01-03 12:00:00+00:00,2024-01-01 18:30:00+00:00,8932
2024-01-03 12:00:00+00:00,2024-01-01 22:30:00+00:00,8929
2024-01-03 12:00:00+00:00,2024-01-02 02:30:00+00:00,8307
2024-01-03 12:00:00+00:00,2024-01-02 04:30:00+00:00,8311
2024-01-03 12:00:00+00:00,2024-01-02 07:30:00+00:00,8052
2024-01-03 12:00:00+00:00,2024-01-02 09:30:00+00:00,8052
2024-01-03 12:00:00+00:00,2024-01-02 11:30:00+00:00,8045
2024-01-03 12:00:00+00:00,2024-01-02 15:30:00+00:00,8650
2024-01-03 12:00:00+00:00,2024-01-02 18:30:00+00:00,8866
2024-01-03 12:00:00+00:00,2024-01-02 22:30:00+00:00,8866
2024-01-03 13:00:00+00:00,2024-01-01 02:30:00+00:00,10600
2024-01-03 13:00:00+00:00,2024-01-01 04:30:00+00:00,10598
2024-01-03 13:00:00+00:00,2024-01-01 07:30:00+00:00,10252
2024-01-03 13:00:00+00:00,2024-01-01 09:30:00+00:00,10251
2024-01-03 13:00:00+00:00,2024-01-01 11:30:00+00:00,10251
2024-01-03 13:00:00+00:00,2024-01-01 15:30:00+00:00,9709
2024-01-03 13:00:00+00:00,2024-01-01 18:30:00+00:00,8847
2024-01-03 13:00:00+00:00,2024-01-01 22:30:00+00:00,8843
2024-01-03 13:00:00+00:00,2024-01-02 02:30:00+00:00,8315
2024-01-03 13:00:00+00:00,2024-01-02 04:30:00+00:00,8313
2024-01-03 13:00:00+00:00,2024-01-02 07:30:00+00:00,8089
2024-01-03 13:00:00+00:00,2024-01-02 09:30:00+00:00,8088
2024-01-03 13:00:00+00:00,2024-01-02 11:30:00+00:00,8083
2024-01-03 13:00:00+00:00,2024-01-02 15:30:00+00:00,8600
2024-01-03 13:00:00+00:00,2024-01-02 18:30:00+00:00,8789
2024-01-03 13:00:00+00:00,2024-01-02 22:30:00+00:00,8791
2024-01-03 14:00:00+00:00,2024-01-01 02:30:00+00:00,10544
2024-01-03 14:00:00+00:00,2024-01-01 04:30:00+00:00,10542
2024-01-03 14:00:00+00:00,2024-01-01 07:30:00+00:00,10152
2024-01-03 14:00:00+00:00,2024-01-01 09:30:00+00:00,10151
2024-01-03 14:00:00+00:00,2024-01-01 11:30:00+00:00,10152
2024-01-03 14:00:00+00:00,2024-01-01 15:30:00+00:00,9542
2024-01-03 14:00:00+00:00,2024-01-01 18:30:00+00:00,8764
2024-01-03 14:00:00+00:00,2024-01-01 22:30:00+00:00,8760
2024-01-03 14:00:00+00:00,2024-01-02 02:30:00+00:00,8277
2024-01-03 14:00:00+00:00,2024-01-02 04:30:00+00:00,8278
2024-01-03 14:00:00+00:00,2024-01-02 07:30:00+00:00,7966
2024-01-03 14:00:00+00:00,2024-01-02 09:30:00+00:00,7966
2024-01-03 14:00:00+00:00,2024-01-02 11:30:00+00:00,7958
2024-01-03 14:00:00+00:00,2024-01-02 15:30:00+00:00,8236
2024-01-03 14:00:00+00:00,2024-01-02 18:30:00+00:00,8357
2024-01-03 14:00:00+00:00,2024-01-02 22:30:00+00:00,8357
2024-01-03 15:00:00+00:00,2024-01-01 02:30:00+00:00,10482
2024-01-03 15:00:00+00:00,2024-01-01 04:30:00+00:00,10479
2024-01-03 15:00:00+00:00,2024-01-01 07:30:00+00:00,10044
2024-01-03 15:00:00+00:00,2024-01-01 09:30:00+00:00,10043
2024-01-03 15:00:00+00:00,2024-01-01 11:30:00+00:00,10045
2024-01-03 15:00:00+00:00,2024-01-01 15:30:00+00:00,9367
2024-01-03 15:00:00+00:00,2024-01-01 18:30:00+00:00,8687
2024-01-03 15:00:00+00:00,2024-01-01 22:30:00+00:00,8682
2024-01-03 15:00:00+00:00,2024-01-02 02:30:00+00:00,8454
2024-01-03 15:00:00+00:00,2024-01-02 04:30:00+00:00,8456
2024-01-03 15:00:00+00:00,2024-01-02 07:30:00+00:00,8297
2024-01-03 15:00:00+00:00,2024-01-02 09:30:00+00:00,8295
2024-01-03 15:00:00+00:00,2024-01-02 11:30:00+00:00,8287
2024-01-03 15:00:00+00:00,2024-01-02 15:30:00+00:00,8445
2024-01-03 15:00:00+00:00,2024-01-02 18:30:00+00:00,8360
2024-01-03 15:00:00+00:00,2024-01-02 22:30:00+00:00,8359
2024-01-03 16:00:00+00:00,2024-01-01 02:30:00+00:00,10484
2024-01-03 16:00:00+00:00,2024-01-01 04:30:00+00:00,10480
2024-01-03 16:00:00+00:00,2024-01-01 07:30:00+00:00,10060
2024-01-03 16:00:00+00:00,2024-01-01 09:30:00+00:00,10058
2024-01-03 16:00:00+00:00,2024-01-01 11:30:00+00:00,10061
2024-01-03 16:00:00+00:00,2024-01-01 15:30:00+00:00,9421
2024-01-03 16:00:00+00:00,2024-01-01 18:30:00+00:00,8884
2024-01-03 16:00:00+00:00,2024-01-01 22:30:00+00:00,8879
2024-01-03 16:00:00+00:00,2024-01-02 02:30:00+00:00,8400
2024-01-03 16:00:00+00:00,2024-01-02 04:30:00+00:00,8398
2024-01-03 16:00:00+00:00,2024-01-02 07:30:00+00:00,8501
2024-01-03 16:00:00+00:00,2024-01-02 09:30:00+00:00,8501
2024-01-03 16:00:00+00:00,2024-01-02 11:30:00+00:00,8496
2024-01-03 16:00:00+00:00,2024-01-02 15:30:00+00:00,8730
2024-01-03 16:00:00+00:00,2024-01-02 18:30:00+00:00,8699
2024-01-03 16:00:00+00:00,2024-01-02 22:30:00+00:00,8699
2024-01-03 17:00:00+00:00,2024-01-01 02:30:00+00:00,10479
2024-01-03 17:00:00+00:00,2024-01-01 04:30:00+00:00,10474
2024-01-03 17:00:00+00:00,2024-01-01 07:30:00+00:00,10072
2024-01-03 17:00:00+00:00,2024-01-01 09:30:00+00:00,10070
2024-01-03 17:00:00+00:00,2024-01-01 11:30:00+00:00,10075
2024-01-03 17:00:00+00:00,2024-01-01 15:30:00+00:00,9475
2024-01-03 17:00:00+00:00,2024-01-01 18:30:00+00:00,9082
2024-01-03 17:00:00+00:00,2024-01-01 22:30:00+00:00,9076
2024-01-03 17:00:00+00:00,2024-01-02 02:30:00+00:00,8683
2024-01-03 17:00:00+00:00,2024-01-02 04:30:00+00:00,8678
2024-01-03 17:00:00+00:00,2024-01-02 07:30:00+00:00,8908
2024-01-03 17:00:00+00:00,2024-01-02 09:30:00+00:00,8907
2024-01-03 17:00:00+00:00,2024-01-02 11:30:00+00:00,8906
2024-01-03 17:00:00+00:00,2024-01-02 15:30:00+00:00,9125
2024-01-03 17:00:00+00:00,2024-01-02 18:30:00+00:00,9084
2024-01-03 17:00:00+00:00,2024-01-02 22:30:00+00:00,9085
2024-01-03 18:00:00+00:00,2024-01-01 02:30:00+00:00,10470
2024-01-03 18:00:00+00:00,2024-01-01 04:30:00+00:00,10464
2024-01-03 18:00:00+00:00,2024-01-01 07:30:00+00:00,10080
2024-01-03 18:00:00+00:00,2024-01-01 09:30:00+00:00,10078
2024-01-03 18:00:00+00:00,2024-01-01 11:30:00+00:00,10084
2024-01-03 18:00:00+00:00,2024-01-01 15:30:00+00:00,9529
2024-01-03 18:00:00+00:00,2024-01-01 18:30:00+00:00,9278
2024-01-03 18:00:00+00:00,2024-01-01 22:30:00+00:00,9272
2024-01-03 18:00:00+00:00,2024-01-02 02:30:00+00:00,8967
2024-01-03 18:00:00+00:00,2024-01-02 04:30:00+00:00,8959
2024-01-03 18:00:00+00:00,2024-01-02 07:30:00+00:00,9295
2024-01-03 18:00:00+00:00,2024-01-02 09:30:00+00:00,9294
2024-01-03 18:00:00+00:00,2024-01-02 11:30:00+00:00,9280
2024-01-03 18:00:00+00:00,2024-01-02 15:30:00+00:00,9520
2024-01-03 18:00:00+00:00,2024-01-02 18:30:00+00:00,9392
2024-01-03 18:00:00+00:00,2024-01-02 22:30:00+00:00,9393
2024-01-03 19:00:00+00:00,2024-01-01 02:30:00+00:00,10520
2024-01-03 19:00:00+00:00,2024-01-01 04:30:00+00:00,10514
2024-01-03 19:00:00+00:00,2024-01-01 07:30:00+00:00,10190
2024-01-03 19:00:00+00:00,2024-01-01 09:30:00+00:00,10189
2024-01-03 19:00:00+00:00,2024-01-01 11:30:00+00:00,10196
2024-01-03 19:00:00+00:00,2024-01-01 15:30:00+00:00,9749
2024-01-03 19:00:00+00:00,2024-01-01 18:30:00+00:00,9636
2024-01-03 19:00:00+00:00,2024-01-01 22:30:00+00:00,9631
2024-01-03 19:00:00+00:00,2024-01-02 02:30:00+00:00,9366
2024-01-03 19:00:00+00:00,2024-01-02 04:30:00+00:00,9358
2024-01-03 19:00:00+00:00,2024-01-02 07:30:00+00:00,9774
2024-01-03 19:00:00+00:00,2024-01-02 09:30:00+00:00,9774
2024-01-03 19:00:00+00:00,2024-01-02 11:30:00+00:00,9778
2024-01-03 19:00:00+00:00,2024-01-02 15:30:00+00:00,10123
2024-01-03 19:00:00+00:00,2024-01-02 18:30:00+00:00,9884
2024-01-03 19:00:00+00:00,2024-01-02 22:30:00+00:00,9885
2024-01-03 20:00:00+00:00,2024-01-01 02:30:00+00:00,10573
2024-01-03 20:00:00+00:00,2024-01-01 04:30:00+00:00,10567
2024-01-03 20:00:00+00:00,2024-01-01 07:30:00+00:00,10306
2024-01-03 20:00:00+00:00,2024-01-01 09:30:00+00:00,10305
2024-01-03 20:00:00+00:00,2024-01-01 11:30:00+00:00,10312
2024-01-03 20:00:00+00:00,2024-01-01 15:30:00+00:00,9978
2024-01-03 20:00:00+00:00,2024-01-01 18:30:00+00:00,10003
2024-01-03 20:00:00+00:00,2024-01-01 22:30:00+00:00,9998
2024-01-03 20:00:00+00:00,2024-01-02 02:30:00+00:00,9775
2024-01-03 20:00:00+00:00,2024-01-02 04:30:00+00:00,9768
2024-01-03 20:00:00+00:00,2024-01-02 07:30:00+00:00,10088
2024-01-03 20:00:00+00:00,2024-01-02 09:30:00+00:00,10087
2024-01-03 20:00:00+00:00,2024-01-02 11:30:00+00:00,10090
2024-01-03 20:00:00+00:00,2024-01-02 15:30:00+00:00,10548
2024-01-03 20:00:00+00:00,2024-01-02 18:30:00+00:00,10275
2024-01-03 20:00:00+00:00,2024-01-02 22:30:00+00:00,10276
2024-01-03 21:00:00+00:00,2024-01-01 02:30:00+00:00,10629
2024-01-03 21:00:00+00:00,2024-01-01 04:30:00+00:00,10623
2024-01-03 21:00:00+00:00,2024-01-01 07:30:00+00:00,10426
2024-01-03 21:00:00+00:00,2024-01-01 09:30:00+00:00,10425
2024-01-03 21:00:00+00:00,2024-01-01 11:30:00+00:00,10432
2024-01-03 21:00:00+00:00,2024-01-01 15:30:00+00:00,10212
2024-01-03 21:00:00+00:00,2024-01-01 18:30:00+00:00,10373
2024-01-03 21:00:00+00:00,2024-01-01 22:30:00+00:00,10369
2024-01-03 21:00:00+00:00,2024-01-02 02:30:00+00:00,10190
2024-01-03 21:00:00+00:00,2024-01-02 04:30:00+00:00,10183
2024-01-03 21:00:00+00:00,2024-01-02 07:30:00+00:00,10453
2024-01-03 21:00:00+00:00,2024-01-02 09:30:00+00:00,10451
2024-01-03 21:00:00+00:00,2024-01-02 11:30:00+00:00,10452
2024-01-03 21:00:00+00:00,2024-01-02 15:30:00+00:00,10901
2024-01-03 21:00:00+00:00,2024-01-02 18:30:00+00:00,10716
2024-01-03 21:00:00+00:00,2024-01-02 22:30:00+00:00,10717
2024-01-03 21:00:00+00:00,2024-01-03 02:30:00+00:00,10552
2024-01-03 21:00:00+00:00,2024-01-03 04:30:00+00:00,10550
2024-01-03 21:00:00+00:00,2024-01-03 07:30:00+00:00,9664
2024-01-03 21:00:00+00:00,2024-01-03 09:30:00+00:00,9663
2024-01-03 21:00:00+00:00,2024-01-03 11:30:00+00:00,9670
2024-01-03 21:00:00+00:00,2024-01-03 15:30:00+00:00,9291
2024-01-03 21:00:00+00:00,2024-01-03 18:30:00+00:00,8618
2024-01-03 21:00:00+00:00,2024-01-03 22:30:00+00:00,8611
2024-01-03 22:00:00+00:00,2024-01-02 02:30:00+00:00,10419
2024-01-03 22:00:00+00:00,2024-01-02 04:30:00+00:00,10412
2024-01-03 22:00:00+00:00,2024-01-02 07:30:00+00:00,10189
2024-01-03 22:00:00+00:00,2024-01-02 09:30:00+00:00,10187
2024-01-03 22:00:00+00:00,2024-01-02 11:30:00+00:00,10175
2024-01-03 22:00:00+00:00,2024-01-02 15:30:00+00:00,11029
2024-01-03 22:00:00+00:00,2024-01-02 18:30:00+00:00,11033
2024-01-03 22:00:00+00:00,2024-01-02 22:30:00+00:00,11034
2024-01-03 22:00:00+00:00,2024-01-03 02:30:00+00:00,10811
2024-01-03 22:00:00+00:00,2024-01-03 04:30:00+00:00,10809
2024-01-03 22:00:00+00:00,2024-01-03 07:30:00+00:00,9900
2024-01-03 22:00:00+00:00,2024-01-03 09:30:00+00:00,9899
2024-01-03 22:00:00+00:00,2024-01-03 11:30:00+00:00,9904
2024-01-03 22:00:00+00:00,2024-01-03 15:30:00+00:00,9589
2024-01-03 22:00:00+00:00,2024-01-03 18:30:00+00:00,8857
2024-01-03 22:00:00+00:00,2024-01-03 22:30:00+00:00,8851
2024-01-03 23:00:00+00:00,2024-01-02 02:30:00+00:00,10646
2024-01-03 23:00:00+00:00,2024-01-02 04:30:00+00:00,10640
2024-01-03 23:00:00+00:00,2024-01-02 07:30:00+00:00,10465
2024-01-03 23:00:00+00:00,2024-01-02 09:30:00+00:00,10462
2024-01-03 23:00:00+00:00,2024-01-02 11:30:00+00:00,10441
2024-01-03 23:00:00+00:00,2024-01-02 15:30:00+00:00,11407
2024-01-03 23:00:00+00:00,2024-01-02 18:30:00+00:00,11346
2024-01-03 23:00:00+00:00,2024-01-02 22:30:00+00:00,11348
2024-01-03 23:00:00+00:00,2024-01-03 02:30:00+00:00,10998
2024-01-03 23:00:00+00:00,2024-01-03 04:30:00+00:00,10994
2024-01-03 23:00:00+00:00,2024-01-03 07:30:00+00:00,9893
2024-01-03 23:00:00+00:00,2024-01-03 09:30:00+00:00,9893
2024-01-03 23:00:00+00:00,2024-01-03 11:30:00+00:00,9893
2024-01-03 23:00:00+00:00,2024-01-03 15:30:00+00:00,9508
2024-01-03 23:00:00+00:00,2024-01-03 18:30:00+00:00,8928
2024-01-03 23:00:00+00:00,2024-01-03 22:30:00+00:00,8926
2024-01-04 00:00:00+00:00,2024-01-02 02:30:00+00:00,10869
2024-01-04 00:00:00+00:00,2024-01-02 04:30:00+00:00,10863
2024-01-04 00:00:00+00:00,2024-01-02 07:30:00+00:00,10730
2024-01-04 00:00:00+00:00,2024-01-02 09:30:00+00:00,10727
2024-01-04 00:00:00+00:00,2024-01-02 11:30:00+00:00,10701
2024-01-04 00:00:00+00:00,2024-01-02 15:30:00+00:00,11492
2024-01-04 00:00:00+00:00,2024-01-02 18:30:00+00:00,11506
2024-01-04 00:00:00+00:00,2024-01-02 22:30:00+00:00,11508
2024-01-04 00:00:00+00:00,2024-01-03 02:30:00+00:00,11077
2024-01-04 00:00:00+00:00,2024-01-03 04:30:00+00:00,11074
2024-01-04 00:00:00+00:00,2024-01-03 07:30:00+00:00,9814
2024-01-04 00:00:00+00:00,2024-01-03 09:30:00+00:00,9816
2024-01-04 00:00:00+00:00,2024-01-03 11:30:00+00:00,9820
2024-01-04 00:00:00+00:00,2024-01-03 15:30:00+00:00,9491
2024-01-04 00:00:00+00:00,2024-01-03 18:30:00+00:00,9132
2024-01-04 00:00:00+00:00,2024-01-03 22:30:00+00:00,9132
2024-01-04 01:00:00+00:00,2024-01-02 02:30:00+00:00,11074
2024-01-04 01:00:00+00:00,2024-01-02 04:30:00+00:00,11068
2024-01-04 01:00:00+00:00,2024-01-02 07:30:00+00:00,10901
2024-01-04 01:00:00+00:00,2024-01-02 09:30:00+00:00,10899
2024-01-04 01:00:00+00:00,2024-01-02 11:30:00+00:00,10853
2024-01-04 01:00:00+00:00,2024-01-02 15:30:00+00:00,11560
2024-01-04 01:00:00+00:00,2024-01-02 18:30:00+00:00,11561
2024-01-04 01:00:00+00:00,2024-01-02 22:30:00+00:00,11563
2024-01-04 01:00:00+00:00,2024-01-03 02:30:00+00:00,11107
2024-01-04 01:00:00+00:00,2024-01-03 04:30:00+00:00,11105
2024-01-04 01:00:00+00:00,2024-01-03 07:30:00+00:00,9801
2024-01-04 01:00:00+00:00,2024-01-03 09:30:00+00:00,9802
2024-01-04 01:00:00+00:00,2024-01-03 11:30:00+00:00,9806
2024-01-04 01:00:00+00:00,2024-01-03 15:30:00+00:00,9430
2024-01-04 01:00:00+00:00,2024-01-03 18:30:00+00:00,9116
2024-01-04 01:00:00+00:00,2024-01-03 22:30:00+00:00,9115
2024-01-04 02:00:00+00:00,2024-01-02 02:30:00+00:00,11274
2024-01-04 02:00:00+00:00,2024-01-02 04:30:00+00:00,11267
2024-01-04 02:00:00+00:00,2024-01-02 07:30:00+00:00,11065
2024-01-04 02:00:00+00:00,2024-01-02 09:30:00+00:00,11063
2024-01-04 02:00:00+00:00,2024-01-02 11:30:00+00:00,11019
2024-01-04 02:00:00+00:00,2024-01-02 15:30:00+00:00,11769
2024-01-04 02:00:00+00:00,2024-01-02 18:30:00+00:00,11604
2024-01-04 02:00:00+00:00,2024-01-02 22:30:00+00:00,11605
2024-01-04 02:00:00+00:00,2024-01-03 02:30:00+00:00,11115
2024-01-04 02:00:00+00:00,2024-01-03 04:30:00+00:00,11113
2024-01-04 02:00:00+00:00,2024-01-03 07:30:00+00:00,9633
2024-01-04 02:00:00+00:00,2024-01-03 09:30:00+00:00,9634
2024-01-04 02:00:00+00:00,2024-01-03 11:30:00+00:00,9634
2024-01-04 02:00:00+00:00,2024-01-03 15:30:00+00:00,9159
2024-01-04 02:00:00+00:00,2024-01-03 18:30:00+00:00,9085
2024-01-04 02:00:00+00:00,2024-01-03 22:30:00+00:00,9084
2024-01-04 03:00:00+00:00,2024-01-02 02:30:00+00:00,11469
2024-01-04 03:00:00+00:00,2024-01-02 04:30:00+00:00,11462
2024-01-04 03:00:00+00:00,2024-01-02 07:30:00+00:00,11221
2024-01-04 03:00:00+00:00,2024-01-02 09:30:00+00:00,11220
2024-01-04 03:00:00+00:00,2024-01-02 11:30:00+00:00,11188
2024-01-04 03:00:00+00:00,2024-01-02 15:30:00+00:00,11871
2024-01-04 03:00:00+00:00,2024-01-02 18:30:00+00:00,11749
2024-01-04 03:00:00+00:00,2024-01-02 22:30:00+00:00,11748
2024-01-04 03:00:00+00:00,2024-01-03 02:30:00+00:00,11265
2024-01-04 03:00:00+00:00,2024-01-03 04:30:00+00:00,11261
2024-01-04 03:00:00+00:00,2024-01-03 07:30:00+00:00,9662
2024-01-04 03:00:00+00:00,2024-01-03 09:30:00+00:00,9663
2024-01-04 03:00:00+00:00,2024-01-03 11:30:00+00:00,9664
2024-01-04 03:00:00+00:00,2024-01-03 15:30:00+00:00,9157
2024-01-04 03:00:00+00:00,2024-01-03 18:30:00+00:00,9124
2024-01-04 03:00:00+00:00,2024-01-03 22:30:00+00:00,9120
2024-01-04 04:00:00+00:00,2024-01-02 02:30:00+00:00,11273
2024-01-04 04:00:00+00:00,2024-01-02 04:30:00+00:00,11268
2024-01-04 04:00:00+00:00,2024-01-02 07:30:00+00:00,11053
2024-01-04 04:00:00+00:00,2024-01-02 09:30:00+00:00,11051
2024-01-04 04:00:00+00:00,2024-01-02 11:30:00+00:00,11029
2024-01-04 04:00:00+00:00,2024-01-02 15:30:00+00:00,10872
2024-01-04 04:00:00+00:00,2024-01-02 18:30:00+00:00,11486
2024-01-04 04:00:00+00:00,2024-01-02 22:30:00+00:00,11486
2024-01-04 04:00:00+00:00,2024-01-03 02:30:00+00:00,11154
2024-01-04 04:00:00+00:00,2024-01-03 04:30:00+00:00,11154
2024-01-04 04:00:00+00:00,2024-01-03 07:30:00+00:00,9478
2024-01-04 04:00:00+00:00,2024-01-03 09:30:00+00:00,9478
2024-01-04 04:00:00+00:00,2024-01-03 11:30:00+00:00,9478
2024-01-04 04:00:00+00:00,2024-01-03 15:30:00+00:00,8998
2024-01-04 04:00:00+00:00,2024-01-03 18:30:00+00:00,9020
2024-01-04 04:00:00+00:00,2024-01-03 22:30:00+00:00,9018
2024-01-04 05:00:00+00:00,2024-01-02 02:30:00+00:00,11064
2024-01-04 05:00:00+00:00,2024-01-02 04:30:00+00:00,11060
2024-01-04 05:00:00+00:00,2024-01-02 07:30:00+00:00,10867
2024-01-04 05:00:00+00:00,2024-01-02 09:30:00+00:00,10864
2024-01-04 05:00:00+00:00,2024-01-02 11:30:00+00:00,10854
2024-01-04 05:00:00+00:00,2024-01-02 15:30:00+00:00,10764
2024-01-04 05:00:00+00:00,2024-01-02 18:30:00+00:00,11286
2024-01-04 05:00:00+00:00,2024-01-02 22:30:00+00:00,11282
2024-01-04 05:00:00+00:00,2024-01-03 02:30:00+00:00,10974
2024-01-04 05:00:00+00:00,2024-01-03 04:30:00+00:00,10971
2024-01-04 05:00:00+00:00,2024-01-03 07:30:00+00:00,9211
2024-01-04 05:00:00+00:00,2024-01-03 09:30:00+00:00,9211
2024-01-04 05:00:00+00:00,2024-01-03 11:30:00+00:00,9217
2024-01-04 05:00:00+00:00,2024-01-03 15:30:00+00:00,8740
2024-01-04 05:00:00+00:00,2024-01-03 18:30:00+00:00,8679
2024-01-04 05:00:00+00:00,2024-01-03 22:30:00+00:00,8681
2024-01-04 06:00:00+00:00,2024-01-02 02:30:00+00:00,10841
2024-01-04 06:00:00+00:00,2024-01-02 04:30:00+00:00,10838
2024-01-04 06:00:00+00:00,2024-01-02 07:30:00+00:00,10662
2024-01-04 06:00:00+00:00,2024-01-02 09:30:00+00:00,10659
2024-01-04 06:00:00+00:00,2024-01-02 11:30:00+00:00,10663
2024-01-04 06:00:00+00:00,2024-01-02 15:30:00+00:00,10639
2024-01-04 06:00:00+00:00,2024-01-02 18:30:00+00:00,11014
2024-01-04 06:00:00+00:00,2024-01-02 22:30:00+00:00,11005
2024-01-04 06:00:00+00:00,2024-01-03 02:30:00+00:00,10655
2024-01-04 06:00:00+00:00,2024-01-03 04:30:00+00:00,10656
2024-01-04 06:00:00+00:00,2024-01-03 07:30:00+00:00,8860
2024-01-04 06:00:00+00:00,2024-01-03 09:30:00+00:00,8858
2024-01-04 06:00:00+00:00,2024-01-03 11:30:00+00:00,8869
2024-01-04 06:00:00+00:00,2024-01-03 15:30:00+00:00,8379
2024-01-04 06:00:00+00:00,2024-01-03 18:30:00+00:00,8315
2024-01-04 06:00:00+00:00,2024-01-03 22:30:00+00:00,8315
2024-01-04 07:00:00+00:00,2024-01-02 02:30:00+00:00,10340
2024-01-04 07:00:00+00:00,2024-01-02 04:30:00+00:00,10336
2024-01-04 07:00:00+00:00,2024-01-02 07:30:00+00:00,10227
2024-01-04 07:00:00+00:00,2024-01-02 09:30:00+00:00,10223
2024-01-04 07:00:00+00:00,2024-01-02 11:30:00+00:00,10226
2024-01-04 07:00:00+00:00,2024-01-02 15:30:00+00:00,10298
2024-01-04 07:00:00+00:00,2024-01-02 18:30:00+00:00,10516
2024-01-04 07:00:00+00:00,2024-01-02 22:30:00+00:00,10497
2024-01-04 07:00:00+00:00,2024-01-03 02:30:00+00:00,10277
2024-01-04 07:00:00+00:00,2024-01-03 04:30:00+00:00,10274
2024-01-04 07:00:00+00:00,2024-01-03 07:30:00+00:00,8486
2024-01-04 07:00:00+00:00,2024-01-03 09:30:00+00:00,8484
2024-01-04 07:00:00+00:00,2024-01-03 11:30:00+00:00,8491
2024-01-04 07:00:00+00:00,2024-01-03 15:30:00+00:00,8007
2024-01-04 07:00:00+00:00,2024-01-03 18:30:00+00:00,7887
2024-01-04 07:00:00+00:00,2024-01-03 22:30:00+00:00,7889
2024-01-04 08:00:00+00:00,2024-01-02 02:30:00+00:00,9819
2024-01-04 08:00:00+00:00,2024-01-02 04:30:00+00:00,9813
2024-01-04 08:00:00+00:00,2024-01-02 07:30:00+00:00,9771
2024-01-04 08:00:00+00:00,2024-01-02 09:30:00+00:00,9766
2024-01-04 08:00:00+00:00,2024-01-02 11:30:00+00:00,9768
2024-01-04 08:00:00+00:00,2024-01-02 15:30:00+00:00,9931
2024-01-04 08:00:00+00:00,2024-01-02 18:30:00+00:00,10227
2024-01-04 08:00:00+00:00,2024-01-02 22:30:00+00:00,10202
2024-01-04 08:00:00+00:00,2024-01-03 02:30:00+00:00,9952
2024-01-04 08:00:00+00:00,2024-01-03 04:30:00+00:00,9945
2024-01-04 08:00:00+00:00,2024-01-03 07:30:00+00:00,8042
2024-01-04 08:00:00+00:00,2024-01-03 09:30:00+00:00,8041
2024-01-04 08:00:00+00:00,2024-01-03 11:30:00+00:00,8025
2024-01-04 08:00:00+00:00,2024-01-03 15:30:00+00:00,7511
2024-01-04 08:00:00+00:00,2024-01-03 18:30:00+00:00,7356
2024-01-04 08:00:00+00:00,2024-01-03 22:30:00+00:00,7355
2024-01-04 09:00:00+00:00,2024-01-02 02:30:00+00:00,9286
2024-01-04 09:00:00+00:00,2024-01-02 04:30:00+00:00,9278
2024-01-04 09:00:00+00:00,2024-01-02 07:30:00+00:00,9301
2024-01-04 09:00:00+00:00,2024-01-02 09:30:00+00:00,9294
2024-01-04 09:00:00+00:00,2024-01-02 11:30:00+00:00,9294
2024-01-04 09:00:00+00:00,2024-01-02 15:30:00+00:00,9543
2024-01-04 09:00:00+00:00,2024-01-02 18:30:00+00:00,9894
2024-01-04 09:00:00+00:00,2024-01-02 22:30:00+00:00,9869
2024-01-04 09:00:00+00:00,2024-01-03 02:30:00+00:00,9510
2024-01-04 09:00:00+00:00,2024-01-03 04:30:00+00:00,9507
2024-01-04 09:00:00+00:00,2024-01-03 07:30:00+00:00,7688
2024-01-04 09:00:00+00:00,2024-01-03 09:30:00+00:00,7686
2024-01-04 09:00:00+00:00,2024-01-03 11:30:00+00:00,7666
2024-01-04 09:00:00+00:00,2024-01-03 15:30:00+00:00,7226
2024-01-04 09:00:00+00:00,2024-01-03 18:30:00+00:00,7023
2024-01-04 09:00:00+00:00,2024-01-03 22:30:00+00:00,7021
2024-01-04 10:00:00+00:00,2024-01-02 02:30:00+00:00,8597
2024-01-04 10:00:00+00:00,2024-01-02 04:30:00+00:00,8588
2024-01-04 10:00:00+00:00,2024-01-02 07:30:00+00:00,8651
2024-01-04 10:00:00+00:00,2024-01-02 09:30:00+00:00,8644
2024-01-04 10:00:00+00:00,2024-01-02 11:30:00+00:00,8642
2024-01-04 10:00:00+00:00,2024-01-02 15:30:00+00:00,8955
2024-01-04 10:00:00+00:00,2024-01-02 18:30:00+00:00,8267
2024-01-04 10:00:00+00:00,2024-01-02 22:30:00+00:00,8239
2024-01-04 10:00:00+00:00,2024-01-03 02:30:00+00:00,8679
2024-01-04 10:00:00+00:00,2024-01-03 04:30:00+00:00,8673
2024-01-04 10:00:00+00:00,2024-01-03 07:30:00+00:00,7350
2024-01-04 10:00:00+00:00,2024-01-03 09:30:00+00:00,7348
2024-01-04 10:00:00+00:00,2024-01-03 11:30:00+00:00,7343
2024-01-04 10:00:00+00:00,2024-01-03 15:30:00+00:00,6809
2024-01-04 10:00:00+00:00,2024-01-03 18:30:00+00:00,6550
2024-01-04 10:00:00+00:00,2024-01-03 22:30:00+00:00,6550
2024-01-04 11:00:00+00:00,2024-01-02 02:30:00+00:00,7888
2024-01-04 11:00:00+00:00,2024-01-02 04:30:00+00:00,7878
2024-01-04 11:00:00+00:00,2024-01-02 07:30:00+00:00,7977
2024-01-04 11:00:00+00:00,2024-01-02 09:30:00+00:00,7970
2024-01-04 11:00:00+00:00,2024-01-02 11:30:00+00:00,7966
2024-01-04 11:00:00+00:00,2024-01-02 15:30:00+00:00,8340
2024-01-04 11:00:00+00:00,2024-01-02 18:30:00+00:00,7690
2024-01-04 11:00:00+00:00,2024-01-02 22:30:00+00:00,7660
2024-01-04 11:00:00+00:00,2024-01-03 02:30:00+00:00,7739
2024-01-04 11:00:00+00:00,2024-01-03 04:30:00+00:00,7734
2024-01-04 11:00:00+00:00,2024-01-03 07:30:00+00:00,6513
2024-01-04 11:00:00+00:00,2024-01-03 09:30:00+00:00,6510
2024-01-04 11:00:00+00:00,2024-01-03 11:30:00+00:00,6514
2024-01-04 11:00:00+00:00,2024-01-03 15:30:00+00:00,6150
2024-01-04 11:00:00+00:00,2024-01-03 18:30:00+00:00,5943
2024-01-04 11:00:00+00:00,2024-01-03 22:30:00+00:00,5940
2024-01-04 12:00:00+00:00,2024-01-02 02:30:00+00:00,7177
2024-01-04 12:00:00+00:00,2024-01-02 04:30:00+00:00,7166
2024-01-04 12:00:00+00:00,2024-01-02 07:30:00+00:00,7295
2024-01-04 12:00:00+00:00,2024-01-02 09:30:00+00:00,7289
2024-01-04 12:00:00+00:00,2024-01-02 11:30:00+00:00,7284
2024-01-04 12:00:00+00:00,2024-01-02 15:30:00+00:00,7715
2024-01-04 12:00:00+00:00,2024-01-02 18:30:00+00:00,7106
2024-01-04 12:00:00+00:00,2024-01-02 22:30:00+00:00,7078
2024-01-04 12:00:00+00:00,2024-01-03 02:30:00+00:00,6780
2024-01-04 12:00:00+00:00,2024-01-03 04:30:00+00:00,6758
2024-01-04 12:00:00+00:00,2024-01-03 07:30:00+00:00,5623
2024-01-04 12:00:00+00:00,2024-01-03 09:30:00+00:00,5614
2024-01-04 12:00:00+00:00,2024-01-03 11:30:00+00:00,5597
2024-01-04 12:00:00+00:00,2024-01-03 15:30:00+00:00,5306
2024-01-04 12:00:00+00:00,2024-01-03 18:30:00+00:00,5090
2024-01-04 12:00:00+00:00,2024-01-03 22:30:00+00:00,5088
2024-01-04 13:00:00+00:00,2024-01-02 02:30:00+00:00,6273
2024-01-04 13:00:00+00:00,2024-01-02 04:30:00+00:00,6260
2024-01-04 13:00:00+00:00,2024-01-02 07:30:00+00:00,6428
2024-01-04 13:00:00+00:00,2024-01-02 09:30:00+00:00,6422
2024-01-04 13:00:00+00:00,2024-01-02 11:30:00+00:00,6423
2024-01-04 13:00:00+00:00,2024-01-02 15:30:00+00:00,6809
2024-01-04 13:00:00+00:00,2024-01-02 18:30:00+00:00,6200
2024-01-04 13:00:00+00:00,2024-01-02 22:30:00+00:00,6171
2024-01-04 13:00:00+00:00,2024-01-03 02:30:00+00:00,5667
2024-01-04 13:00:00+00:00,2024-01-03 04:30:00+00:00,5659
2024-01-04 13:00:00+00:00,2024-01-03 07:30:00+00:00,4600
2024-01-04 13:00:00+00:00,2024-01-03 09:30:00+00:00,4593
2024-01-04 13:00:00+00:00,2024-01-03 11:30:00+00:00,4572
2024-01-04 13:00:00+00:00,2024-01-03 15:30:00+00:00,4313
2024-01-04 13:00:00+00:00,2024-01-03 18:30:00+00:00,4199
2024-01-04 13:00:00+00:00,2024-01-03 22:30:00+00:00,4194
2024-01-04 14:00:00+00:00,2024-01-02 02:30:00+00:00,5394
2024-01-04 14:00:00+00:00,2024-01-02 04:30:00+00:00,5377
2024-01-04 14:00:00+00:00,2024-01-02 07:30:00+00:00,5579
2024-01-04 14:00:00+00:00,2024-01-02 09:30:00+00:00,5574
2024-01-04 14:00:00+00:00,2024-01-02 11:30:00+00:00,5582
2024-01-04 14:00:00+00:00,2024-01-02 15:30:00+00:00,5912
2024-01-04 14:00:00+00:00,2024-01-02 18:30:00+00:00,5346
2024-01-04 14:00:00+00:00,2024-01-02 22:30:00+00:00,5317
2024-01-04 14:00:00+00:00,2024-01-03 02:30:00+00:00,4839
2024-01-04 14:00:00+00:00,2024-01-03 04:30:00+00:00,4829
2024-01-04 14:00:00+00:00,2024-01-03 07:30:00+00:00,4057
2024-01-04 14:00:00+00:00,2024-01-03 09:30:00+00:00,4052
2024-01-04 14:00:00+00:00,2024-01-03 11:30:00+00:00,4023
2024-01-04 14:00:00+00:00,2024-01-03 15:30:00+00:00,3766
2024-01-04 14:00:00+00:00,2024-01-03 18:30:00+00:00,3567
2024-01-04 14:00:00+00:00,2024-01-03 22:30:00+00:00,3572
2024-01-04 15:00:00+00:00,2024-01-02 02:30:00+00:00,4578
2024-01-04 15:00:00+00:00,2024-01-02 04:30:00+00:00,4556
2024-01-04 15:00:00+00:00,2024-01-02 07:30:00+00:00,4777
2024-01-04 15:00:00+00:00,2024-01-02 09:30:00+00:00,4774
2024-01-04 15:00:00+00:00,2024-01-02 11:30:00+00:00,4795
2024-01-04 15:00:00+00:00,2024-01-02 15:30:00+00:00,5065
2024-01-04 15:00:00+00:00,2024-01-02 18:30:00+00:00,4580
2024-01-04 15:00:00+00:00,2024-01-02 22:30:00+00:00,4549
2024-01-04 15:00:00+00:00,2024-01-03 02:30:00+00:00,4304
2024-01-04 15:00:00+00:00,2024-01-03 04:30:00+00:00,4260
2024-01-04 15:00:00+00:00,2024-01-03 07:30:00+00:00,3758
2024-01-04 15:00:00+00:00,2024-01-03 09:30:00+00:00,3756
2024-01-04 15:00:00+00:00,2024-01-03 11:30:00+00:00,3738
2024-01-04 15:00:00+00:00,2024-01-03 15:30:00+00:00,3296
2024-01-04 15:00:00+00:00,2024-01-03 18:30:00+00:00,3124
2024-01-04 15:00:00+00:00,2024-01-03 22:30:00+00:00,3131
2024-01-04 16:00:00+00:00,2024-01-02 02:30:00+00:00,4274
2024-01-04 16:00:00+00:00,2024-01-02 04:30:00+00:00,4256
2024-01-04 16:00:00+00:00,2024-01-02 07:30:00+00:00,4448
2024-01-04 16:00:00+00:00,2024-01-02 09:30:00+00:00,4446
2024-01-04 16:00:00+00:00,2024-01-02 11:30:00+00:00,4472
2024-01-04 16:00:00+00:00,2024-01-02 15:30:00+00:00,4628
2024-01-04 16:00:00+00:00,2024-01-02 18:30:00+00:00,4199
2024-01-04 16:00:00+00:00,2024-01-02 22:30:00+00:00,4169
2024-01-04 16:00:00+00:00,2024-01-03 02:30:00+00:00,3650
2024-01-04 16:00:00+00:00,2024-01-03 04:30:00+00:00,3599
2024-01-04 16:00:00+00:00,2024-01-03 07:30:00+00:00,3459
2024-01-04 16:00:00+00:00,2024-01-03 09:30:00+00:00,3460
2024-01-04 16:00:00+00:00,2024-01-03 11:30:00+00:00,3445
2024-01-04 16:00:00+00:00,2024-01-03 15:30:00+00:00,3150
2024-01-04 16:00:00+00:00,2024-01-03 18:30:00+00:00,2956
2024-01-04 16:00:00+00:00,2024-01-03 22:30:00+00:00,2973
2024-01-04 17:00:00+00:00,2024-01-02 02:30:00+00:00,3994
2024-01-04 17:00:00+00:00,2024-01-02 04:30:00+00:00,3980
2024-01-04 17:00:00+00:00,2024-01-02 07:30:00+00:00,4142
2024-01-04 17:00:00+00:00,2024-01-02 09:30:00+00:00,4140
2024-01-04 17:00:00+00:00,2024-01-02 11:30:00+00:00,4170
2024-01-04 17:00:00+00:00,2024-01-02 15:30:00+00:00,4225
2024-01-04 17:00:00+00:00,2024-01-02 18:30:00+00:00,3859
2024-01-04 17:00:00+00:00,2024-01-02 22:30:00+00:00,3830
2024-01-04 17:00:00+00:00,2024-01-03 02:30:00+00:00,3459
2024-01-04 17:00:00+00:00,2024-01-03 04:30:00+00:00,3406
2024-01-04 17:00:00+00:00,2024-01-03 07:30:00+00:00,3458
2024-01-04 17:00:00+00:00,2024-01-03 09:30:00+00:00,3463
2024-01-04 17:00:00+00:00,2024-01-03 11:30:00+00:00,3494
2024-01-04 17:00:00+00:00,2024-01-03 15:30:00+00:00,3219
2024-01-04 17:00:00+00:00,2024-01-03 18:30:00+00:00,2988
2024-01-04 17:00:00+00:00,2024-01-03 22:30:00+00:00,3003
2024-01-04 18:00:00+00:00,2024-01-02 02:30:00+00:00,3738
2024-01-04 18:00:00+00:00,2024-01-02 04:30:00+00:00,3727
2024-01-04 18:00:00+00:00,2024-01-02 07:30:00+00:00,3858
2024-01-04 18:00:00+00:00,2024-01-02 09:30:00+00:00,3856
2024-01-04 18:00:00+00:00,2024-01-02 11:30:00+00:00,3891
2024-01-04 18:00:00+00:00,2024-01-02 15:30:00+00:00,3859
2024-01-04 18:00:00+00:00,2024-01-02 18:30:00+00:00,3559
2024-01-04 18:00:00+00:00,2024-01-02 22:30:00+00:00,3532
2024-01-04 18:00:00+00:00,2024-01-03 02:30:00+00:00,3295
2024-01-04 18:00:00+00:00,2024-01-03 04:30:00+00:00,3243
2024-01-04 18:00:00+00:00,2024-01-03 07:30:00+00:00,3517
2024-01-04 18:00:00+00:00,2024-01-03 09:30:00+00:00,3525
2024-01-04 18:00:00+00:00,2024-01-03 11:30:00+00:00,3578
2024-01-04 18:00:00+00:00,2024-01-03 15:30:00+00:00,3266
2024-01-04 18:00:00+00:00,2024-01-03 18:30:00+00:00,3164
2024-01-04 18:00:00+00:00,2024-01-03 22:30:00+00:00,3177
2024-01-04 19:00:00+00:00,2024-01-02 02:30:00+00:00,3543
2024-01-04 19:00:00+00:00,2024-01-02 04:30:00+00:00,3534
2024-01-04 19:00:00+00:00,2024-01-02 07:30:00+00:00,3567
2024-01-04 19:00:00+00:00,2024-01-02 09:30:00+00:00,3560
2024-01-04 19:00:00+00:00,2024-01-02 11:30:00+00:00,3606
2024-01-04 19:00:00+00:00,2024-01-02 15:30:00+00:00,3607
2024-01-04 19:00:00+00:00,2024-01-02 18:30:00+00:00,3435
2024-01-04 19:00:00+00:00,2024-01-02 22:30:00+00:00,3406
2024-01-04 19:00:00+00:00,2024-01-03 02:30:00+00:00,3257
2024-01-04 19:00:00+00:00,2024-01-03 04:30:00+00:00,3209
2024-01-04 19:00:00+00:00,2024-01-03 07:30:00+00:00,3572
2024-01-04 19:00:00+00:00,2024-01-03 09:30:00+00:00,3583
2024-01-04 19:00:00+00:00,2024-01-03 11:30:00+00:00,3614
2024-01-04 19:00:00+00:00,2024-01-03 15:30:00+00:00,3225
2024-01-04 19:00:00+00:00,2024-01-03 18:30:00+00:00,3274
2024-01-04 19:00:00+00:00,2024-01-03 22:30:00+00:00,3286
2024-01-04 20:00:00+00:00,2024-01-02 02:30:00+00:00,3359
2024-01-04 20:00:00+00:00,2024-01-02 04:30:00+00:00,3351
2024-01-04 20:00:00+00:00,2024-01-02 07:30:00+00:00,3296
2024-01-04 20:00:00+00:00,2024-01-02 09:30:00+00:00,3285
2024-01-04 20:00:00+00:00,2024-01-02 11:30:00+00:00,3340
2024-01-04 20:00:00+00:00,2024-01-02 15:30:00+00:00,3373
2024-01-04 20:00:00+00:00,2024-01-02 18:30:00+00:00,3319
2024-01-04 20:00:00+00:00,2024-01-02 22:30:00+00:00,3290
2024-01-04 20:00:00+00:00,2024-01-03 02:30:00+00:00,3228
2024-01-04 20:00:00+00:00,2024-01-03 04:30:00+00:00,3184
2024-01-04 20:00:00+00:00,2024-01-03 07:30:00+00:00,3535
2024-01-04 20:00:00+00:00,2024-01-03 09:30:00+00:00,3547
2024-01-04 20:00:00+00:00,2024-01-03 11:30:00+00:00,3548
2024-01-04 20:00:00+00:00,2024-01-03 15:30:00+00:00,3182
2024-01-04 20:00:00+00:00,2024-01-03 18:30:00+00:00,3378
2024-01-04 20:00:00+00:00,2024-01-03 22:30:00+00:00,3392
2024-01-04 21:00:00+00:00,2024-01-02 02:30:00+00:00,3185
2024-01-04 21:00:00+00:00,2024-01-02 04:30:00+00:00,3179
2024-01-04 21:00:00+00:00,2024-01-02 07:30:00+00:00,3044
2024-01-04 21:00:00+00:00,2024-01-02 09:30:00+00:00,3029
2024-01-04 21:00:00+00:00,2024-01-02 11:30:00+00:00,3094
2024-01-04 21:00:00+00:00,2024-01-02 15:30:00+00:00,3158
2024-01-04 21:00:00+00:00,2024-01-02 18:30:00+00:00,3212
2024-01-04 21:00:00+00:00,2024-01-02 22:30:00+00:00,3183
2024-01-04 21:00:00+00:00,2024-01-03 02:30:00+00:00,3208
2024-01-04 21:00:00+00:00,2024-01-03 04:30:00+00:00,3167
2024-01-04 21:00:00+00:00,2024-01-03 07:30:00+00:00,3367
2024-01-04 21:00:00+00:00,2024-01-03 09:30:00+00:00,3386
2024-01-04 21:00:00+00:00,2024-01-03 11:30:00+00:00,3424
2024-01-04 21:00:00+00:00,2024-01-03 15:30:00+00:00,3202
2024-01-04 21:00:00+00:00,2024-01-03 18:30:00+00:00,3645
2024-01-04 21:00:00+00:00,2024-01-03 22:30:00+00:00,3650
2024-01-04 21:00:00+00:00,2024-01-04 02:30:00+00:00,4246
2024-01-04 21:00:00+00:00,2024-01-04 04:30:00+00:00,4249
2024-01-04 21:00:00+00:00,2024-01-04 07:30:00+00:00,4334
2024-01-04 21:00:00+00:00,2024-01-04 09:30:00+00:00,4334
2024-01-04 21:00:00+00:00,2024-01-04 11:30:00+00:00,4344
2024-01-04 21:00:00+00:00,2024-01-04 15:30:00+00:00,4711
2024-01-04 21:00:00+00:00,2024-01-04 18:30:00+00:00,4840
2024-01-04 21:00:00+00:00,2024-01-04 22:30:00+00:00,5101
2024-01-04 22:00:00+00:00,2024-01-03 02:30:00+00:00,3244
2024-01-04 22:00:00+00:00,2024-01-03 04:30:00+00:00,3204
2024-01-04 22:00:00+00:00,2024-01-03 07:30:00+00:00,2896
2024-01-04 22:00:00+00:00,2024-01-03 09:30:00+00:00,2917
2024-01-04 22:00:00+00:00,2024-01-03 11:30:00+00:00,2898
2024-01-04 22:00:00+00:00,2024-01-03 15:30:00+00:00,3140
2024-01-04 22:00:00+00:00,2024-01-03 18:30:00+00:00,3894
2024-01-04 22:00:00+00:00,2024-01-03 22:30:00+00:00,3893
2024-01-04 22:00:00+00:00,2024-01-04 02:30:00+00:00,4607
2024-01-04 22:00:00+00:00,2024-01-04 04:30:00+00:00,4602
2024-01-04 22:00:00+00:00,2024-01-04 07:30:00+00:00,4504
2024-01-04 22:00:00+00:00,2024-01-04 09:30:00+00:00,4502
2024-01-04 22:00:00+00:00,2024-01-04 11:30:00+00:00,4521
2024-01-04 22:00:00+00:00,2024-01-04 15:30:00+00:00,5017
2024-01-04 22:00:00+00:00,2024-01-04 18:30:00+00:00,5283
2024-01-04 22:00:00+00:00,2024-01-04 22:30:00+00:00,5518
2024-01-04 23:00:00+00:00,2024-01-03 02:30:00+00:00,3294
2024-01-04 23:00:00+00:00,2024-01-03 04:30:00+00:00,3254
2024-01-04 23:00:00+00:00,2024-01-03 07:30:00+00:00,2935
2024-01-04 23:00:00+00:00,2024-01-03 09:30:00+00:00,2959
2024-01-04 23:00:00+00:00,2024-01-03 11:30:00+00:00,2958
2024-01-04 23:00:00+00:00,2024-01-03 15:30:00+00:00,3329
2024-01-04 23:00:00+00:00,2024-01-03 18:30:00+00:00,4161
2024-01-04 23:00:00+00:00,2024-01-03 22:30:00+00:00,4187
2024-01-04 23:00:00+00:00,2024-01-04 02:30:00+00:00,5039
2024-01-04 23:00:00+00:00,2024-01-04 04:30:00+00:00,5046
2024-01-04 23:00:00+00:00,2024-01-04 07:30:00+00:00,4933
2024-01-04 23:00:00+00:00,2024-01-04 09:30:00+00:00,4930
2024-01-04 23:00:00+00:00,2024-01-04 11:30:00+00:00,4966
2024-01-04 23:00:00+00:00,2024-01-04 15:30:00+00:00,5631
2024-01-04 23:00:00+00:00,2024-01-04 18:30:00+00:00,6005
2024-01-04 23:00:00+00:00,2024-01-04 22:30:00+00:00,6232
2024-01-05 00:00:00+00:00,2024-01-03 02:30:00+00:00,3355
2024-01-05 00:00:00+00:00,2024-01-03 04:30:00+00:00,3317
2024-01-05 00:00:00+00:00,2024-01-03 07:30:00+00:00,2985
2024-01-05 00:00:00+00:00,2024-01-03 09:30:00+00:00,3011
2024-01-05 00:00:00+00:00,2024-01-03 11:30:00+00:00,3022
2024-01-05 00:00:00+00:00,2024-01-03 15:30:00+00:00,3496
2024-01-05 00:00:00+00:00,2024-01-03 18:30:00+00:00,4456
2024-01-05 00:00:00+00:00,2024-01-03 22:30:00+00:00,4476
2024-01-05 00:00:00+00:00,2024-01-04 02:30:00+00:00,5629
2024-01-05 00:00:00+00:00,2024-01-04 04:30:00+00:00,5640
2024-01-05 00:00:00+00:00,2024-01-04 07:30:00+00:00,5462
2024-01-05 00:00:00+00:00,2024-01-04 09:30:00+00:00,5458
2024-01-05 00:00:00+00:00,2024-01-04 11:30:00+00:00,5488
2024-01-05 00:00:00+00:00,2024-01-04 15:30:00+00:00,6092
2024-01-05 00:00:00+00:00,2024-01-04 18:30:00+00:00,6714
2024-01-05 00:00:00+00:00,2024-01-04 22:30:00+00:00,6947
2024-01-05 01:00:00+00:00,2024-01-03 02:30:00+00:00,3363
2024-01-05 01:00:00+00:00,2024-01-03 04:30:00+00:00,3322
2024-01-05 01:00:00+00:00,2024-01-03 07:30:00+00:00,3028
2024-01-05 01:00:00+00:00,2024-01-03 09:30:00+00:00,3045
2024-01-05 01:00:00+00:00,2024-01-03 11:30:00+00:00,3010
2024-01-05 01:00:00+00:00,2024-01-03 15:30:00+00:00,3524
2024-01-05 01:00:00+00:00,2024-01-03 18:30:00+00:00,4665
2024-01-05 01:00:00+00:00,2024-01-03 22:30:00+00:00,4688
2024-01-05 01:00:00+00:00,2024-01-04 02:30:00+00:00,5969
2024-01-05 01:00:00+00:00,2024-01-04 04:30:00+00:00,5975
2024-01-05 01:00:00+00:00,2024-01-04 07:30:00+00:00,6058
2024-01-05 01:00:00+00:00,2024-01-04 09:30:00+00:00,6057
2024-01-05 01:00:00+00:00,2024-01-04 11:30:00+00:00,6073
2024-01-05 01:00:00+00:00,2024-01-04 15:30:00+00:00,6774
2024-01-05 01:00:00+00:00,2024-01-04 18:30:00+00:00,7287
2024-01-05 01:00:00+00:00,2024-01-04 22:30:00+00:00,7543
2024-01-05 02:00:00+00:00,2024-01-03 02:30:00+00:00,3373
2024-01-05 02:00:00+00:00,2024-01-03 04:30:00+00:00,3329
2024-01-05 02:00:00+00:00,2024-01-03 07:30:00+00:00,3082
2024-01-05 02:00:00+00:00,2024-01-03 09:30:00+00:00,3091
2024-01-05 02:00:00+00:00,2024-01-03 11:30:00+00:00,3067
2024-01-05 02:00:00+00:00,2024-01-03 15:30:00+00:00,3811
2024-01-05 02:00:00+00:00,2024-01-03 18:30:00+00:00,5083
2024-01-05 02:00:00+00:00,2024-01-03 22:30:00+00:00,5116
2024-01-05 02:00:00+00:00,2024-01-04 02:30:00+00:00,6228
2024-01-05 02:00:00+00:00,2024-01-04 04:30:00+00:00,6234
2024-01-05 02:00:00+00:00,2024-01-04 07:30:00+00:00,6309
2024-01-05 02:00:00+00:00,2024-01-04 09:30:00+00:00,6312
2024-01-05 02:00:00+00:00,2024-01-04 11:30:00+00:00,6312
2024-01-05 02:00:00+00:00,2024-01-04 15:30:00+00:00,7003
2024-01-05 02:00:00+00:00,2024-01-04 18:30:00+00:00,7442
2024-01-05 02:00:00+00:00,2024-01-04 22:30:00+00:00,7703
2024-01-05 03:00:00+00:00,2024-01-03 02:30:00+00:00,3386
2024-01-05 03:00:00+00:00,2024-01-03 04:30:00+00:00,3338
2024-01-05 03:00:00+00:00,2024-01-03 07:30:00+00:00,3149
2024-01-05 03:00:00+00:00,2024-01-03 09:30:00+00:00,3150
2024-01-05 03:00:00+00:00,2024-01-03 11:30:00+00:00,3141
2024-01-05 03:00:00+00:00,2024-01-03 15:30:00+00:00,3799
2024-01-05 03:00:00+00:00,2024-01-03 18:30:00+00:00,5198
2024-01-05 03:00:00+00:00,2024-01-03 22:30:00+00:00,5226
2024-01-05 03:00:00+00:00,2024-01-04 02:30:00+00:00,6565
2024-01-05 03:00:00+00:00,2024-01-04 04:30:00+00:00,6574
2024-01-05 03:00:00+00:00,2024-01-04 07:30:00+00:00,6665
2024-01-05 03:00:00+00:00,2024-01-04 09:30:00+00:00,6673
2024-01-05 03:00:00+00:00,2024-01-04 11:30:00+00:00,6671
2024-01-05 03:00:00+00:00,2024-01-04 15:30:00+00:00,7279
2024-01-05 03:00:00+00:00,2024-01-04 18:30:00+00:00,7643
2024-01-05 03:00:00+00:00,2024-01-04 22:30:00+00:00,7889
2024-01-05 04:00:00+00:00,2024-01-03 02:30:00+00:00,3442
2024-01-05 04:00:00+00:00,2024-01-03 04:30:00+00:00,3402
2024-01-05 04:00:00+00:00,2024-01-03 07:30:00+00:00,3201
2024-01-05 04:00:00+00:00,2024-01-03 09:30:00+00:00,3203
2024-01-05 04:00:00+00:00,2024-01-03 11:30:00+00:00,3209
2024-01-05 04:00:00+00:00,2024-01-03 15:30:00+00:00,3900
2024-01-05 04:00:00+00:00,2024-01-03 18:30:00+00:00,5394
2024-01-05 04:00:00+00:00,2024-01-03 22:30:00+00:00,5429
2024-01-05 04:00:00+00:00,2024-01-04 02:30:00+00:00,6620
2024-01-05 04:00:00+00:00,2024-01-04 04:30:00+00:00,6624
2024-01-05 04:00:00+00:00,2024-01-04 07:30:00+00:00,6702
2024-01-05 04:00:00+00:00,2024-01-04 09:30:00+00:00,6709
2024-01-05 04:00:00+00:00,2024-01-04 11:30:00+00:00,6715
2024-01-05 04:00:00+00:00,2024-01-04 15:30:00+00:00,7263
2024-01-05 04:00:00+00:00,2024-01-04 18:30:00+00:00,7665
2024-01-05 04:00:00+00:00,2024-01-04 22:30:00+00:00,7904
2024-01-05 05:00:00+00:00,2024-01-03 02:30:00+00:00,3508
2024-01-05 05:00:00+00:00,2024-01-03 04:30:00+00:00,3474
2024-01-05 05:00:00+00:00,2024-01-03 07:30:00+00:00,3271
2024-01-05 05:00:00+00:00,2024-01-03 09:30:00+00:00,3275
2024-01-05 05:00:00+00:00,2024-01-03 11:30:00+00:00,3294
2024-01-05 05:00:00+00:00,2024-01-03 15:30:00+00:00,4098
2024-01-05 05:00:00+00:00,2024-01-03 18:30:00+00:00,5400
2024-01-05 05:00:00+00:00,2024-01-03 22:30:00+00:00,5441
2024-01-05 05:00:00+00:00,2024-01-04 02:30:00+00:00,6582
2024-01-05 05:00:00+00:00,2024-01-04 04:30:00+00:00,6589
2024-01-05 05:00:00+00:00,2024-01-04 07:30:00+00:00,6745
2024-01-05 05:00:00+00:00,2024-01-04 09:30:00+00:00,6750
2024-01-05 05:00:00+00:00,2024-01-04 11:30:00+00:00,6767
2024-01-05 05:00:00+00:00,2024-01-04 15:30:00+00:00,7199
2024-01-05 05:00:00+00:00,2024-01-04 18:30:00+00:00,7557
2024-01-05 05:00:00+00:00,2024-01-04 22:30:00+00:00,7782
2024-01-05 06:00:00+00:00,2024-01-03 02:30:00+00:00,3584
2024-01-05 06:00:00+00:00,2024-01-03 04:30:00+00:00,3557
2024-01-05 06:00:00+00:00,2024-01-03 07:30:00+00:00,3361
2024-01-05 06:00:00+00:00,2024-01-03 09:30:00+00:00,3365
2024-01-05 06:00:00+00:00,2024-01-03 11:30:00+00:00,3399
2024-01-05 06:00:00+00:00,2024-01-03 15:30:00+00:00,4324
2024-01-05 06:00:00+00:00,2024-01-03 18:30:00+00:00,5573
2024-01-05 06:00:00+00:00,2024-01-03 22:30:00+00:00,5604
2024-01-05 06:00:00+00:00,2024-01-04 02:30:00+00:00,6703
2024-01-05 06:00:00+00:00,2024-01-04 04:30:00+00:00,6715
2024-01-05 06:00:00+00:00,2024-01-04 07:30:00+00:00,6848
2024-01-05 06:00:00+00:00,2024-01-04 09:30:00+00:00,6851
2024-01-05 06:00:00+00:00,2024-01-04 11:30:00+00:00,6867
2024-01-05 06:00:00+00:00,2024-01-04 15:30:00+00:00,7320
2024-01-05 06:00:00+00:00,2024-01-04 18:30:00+00:00,7883
2024-01-05 06:00:00+00:00,2024-01-04 22:30:00+00:00,8101
2024-01-05 07:00:00+00:00,2024-01-03 02:30:00+00:00,3676
2024-01-05 07:00:00+00:00,2024-01-03 04:30:00+00:00,3652
2024-01-05 07:00:00+00:00,2024-01-03 07:30:00+00:00,3480
2024-01-05 07:00:00+00:00,2024-01-03 09:30:00+00:00,3482
2024-01-05 07:00:00+00:00,2024-01-03 11:30:00+00:00,3530
2024-01-05 07:00:00+00:00,2024-01-03 15:30:00+00:00,4497
2024-01-05 07:00:00+00:00,2024-01-03 18:30:00+00:00,5608
2024-01-05 07:00:00+00:00,2024-01-03 22:30:00+00:00,5640
2024-01-05 07:00:00+00:00,2024-01-04 02:30:00+00:00,6738
2024-01-05 07:00:00+00:00,2024-01-04 04:30:00+00:00,6744
2024-01-05 07:00:00+00:00,2024-01-04 07:30:00+00:00,6966
2024-01-05 07:00:00+00:00,2024-01-04 09:30:00+00:00,6969
2024-01-05 07:00:00+00:00,2024-01-04 11:30:00+00:00,6993
2024-01-05 07:00:00+00:00,2024-01-04 15:30:00+00:00,7436
2024-01-05 07:00:00+00:00,2024-01-04 18:30:00+00:00,8008
2024-01-05 07:00:00+00:00,2024-01-04 22:30:00+00:00,8211
2024-01-05 08:00:00+00:00,2024-01-03 02:30:00+00:00,3777
2024-01-05 08:00:00+00:00,2024-01-03 04:30:00+00:00,3756
2024-01-05 08:00:00+00:00,2024-01-03 07:30:00+00:00,3613
2024-01-05 08:00:00+00:00,2024-01-03 09:30:00+00:00,3612
2024-01-05 08:00:00+00:00,2024-01-03 11:30:00+00:00,3675
2024-01-05 08:00:00+00:00,2024-01-03 15:30:00+00:00,4680
2024-01-05 08:00:00+00:00,2024-01-03 18:30:00+00:00,5644
2024-01-05 08:00:00+00:00,2024-01-03 22:30:00+00:00,5671
2024-01-05 08:00:00+00:00,2024-01-04 02:30:00+00:00,6733
2024-01-05 08:00:00+00:00,2024-01-04 04:30:00+00:00,6741
2024-01-05 08:00:00+00:00,2024-01-04 07:30:00+00:00,6851
2024-01-05 08:00:00+00:00,2024-01-04 09:30:00+00:00,6854
2024-01-05 08:00:00+00:00,2024-01-04 11:30:00+00:00,6891
2024-01-05 08:00:00+00:00,2024-01-04 15:30:00+00:00,7397
2024-01-05 08:00:00+00:00,2024-01-04 18:30:00+00:00,8056
2024-01-05 08:00:00+00:00,2024-01-04 22:30:00+00:00,8260
2024-01-05 09:00:00+00:00,2024-01-03 02:30:00+00:00,3886
2024-01-05 09:00:00+00:00,2024-01-03 04:30:00+00:00,3869
2024-01-05 09:00:00+00:00,2024-01-03 07:30:00+00:00,3760
2024-01-05 09:00:00+00:00,2024-01-03 09:30:00+00:00,3757
2024-01-05 09:00:00+00:00,2024-01-03 11:30:00+00:00,3833
2024-01-05 09:00:00+00:00,2024-01-03 15:30:00+00:00,4871
2024-01-05 09:00:00+00:00,2024-01-03 18:30:00+00:00,5792
2024-01-05 09:00:00+00:00,2024-01-03 22:30:00+00:00,5812
2024-01-05 09:00:00+00:00,2024-01-04 02:30:00+00:00,6750
2024-01-05 09:00:00+00:00,2024-01-04 04:30:00+00:00,6756
2024-01-05 09:00:00+00:00,2024-01-04 07:30:00+00:00,6930
2024-01-05 09:00:00+00:00,2024-01-04 09:30:00+00:00,6931
2024-01-05 09:00:00+00:00,2024-01-04 11:30:00+00:00,6953
2024-01-05 09:00:00+00:00,2024-01-04 15:30:00+00:00,7518
2024-01-05 09:00:00+00:00,2024-01-04 18:30:00+00:00,8171
2024-01-05 09:00:00+00:00,2024-01-04 22:30:00+00:00,8396
2024-01-05 10:00:00+00:00,2024-01-03 02:30:00+00:00,3937
2024-01-05 10:00:00+00:00,2024-01-03 04:30:00+00:00,3918
2024-01-05 10:00:00+00:00,2024-01-03 07:30:00+00:00,3804
2024-01-05 10:00:00+00:00,2024-01-03 09:30:00+00:00,3801
2024-01-05 10:00:00+00:00,2024-01-03 11:30:00+00:00,3873
2024-01-05 10:00:00+00:00,2024-01-03 15:30:00+00:00,4894
2024-01-05 10:00:00+00:00,2024-01-03 18:30:00+00:00,5762
2024-01-05 10:00:00+00:00,2024-01-03 22:30:00+00:00,5779
2024-01-05 10:00:00+00:00,2024-01-04 02:30:00+00:00,6622
2024-01-05 10:00:00+00:00,2024-01-04 04:30:00+00:00,6629
2024-01-05 10:00:00+00:00,2024-01-04 07:30:00+00:00,6789
2024-01-05 10:00:00+00:00,2024-01-04 09:30:00+00:00,6790
2024-01-05 10:00:00+00:00,2024-01-04 11:30:00+00:00,6818
2024-01-05 10:00:00+00:00,2024-01-04 15:30:00+00:00,7494
2024-01-05 10:00:00+00:00,2024-01-04 18:30:00+00:00,8206
2024-01-05 10:00:00+00:00,2024-01-04 22:30:00+00:00,8436
2024-01-05 11:00:00+00:00,2024-01-03 02:30:00+00:00,3995
2024-01-05 11:00:00+00:00,2024-01-03 04:30:00+00:00,3974
2024-01-05 11:00:00+00:00,2024-01-03 07:30:00+00:00,3854
2024-01-05 11:00:00+00:00,2024-01-03 09:30:00+00:00,3851
2024-01-05 11:00:00+00:00,2024-01-03 11:30:00+00:00,3917
2024-01-05 11:00:00+00:00,2024-01-03 15:30:00+00:00,4924
2024-01-05 11:00:00+00:00,2024-01-03 18:30:00+00:00,5778
2024-01-05 11:00:00+00:00,2024-01-03 22:30:00+00:00,5790
2024-01-05 11:00:00+00:00,2024-01-04 02:30:00+00:00,6510
2024-01-05 11:00:00+00:00,2024-01-04 04:30:00+00:00,6513
2024-01-05 11:00:00+00:00,2024-01-04 07:30:00+00:00,6810
2024-01-05 11:00:00+00:00,2024-01-04 09:30:00+00:00,6809
2024-01-05 11:00:00+00:00,2024-01-04 11:30:00+00:00,6823
2024-01-05 11:00:00+00:00,2024-01-04 15:30:00+00:00,7468
2024-01-05 11:00:00+00:00,2024-01-04 18:30:00+00:00,8138
2024-01-05 11:00:00+00:00,2024-01-04 22:30:00+00:00,8360
2024-01-05 12:00:00+00:00,2024-01-03 02:30:00+00:00,4059
2024-01-05 12:00:00+00:00,2024-01-03 04:30:00+00:00,4037
2024-01-05 12:00:00+00:00,2024-01-03 07:30:00+00:00,3909
2024-01-05 12:00:00+00:00,2024-01-03 09:30:00+00:00,3906
2024-01-05 12:00:00+00:00,2024-01-03 11:30:00+00:00,3966
2024-01-05 12:00:00+00:00,2024-01-03 15:30:00+00:00,4962
2024-01-05 12:00:00+00:00,2024-01-03 18:30:00+00:00,5797
2024-01-05 12:00:00+00:00,2024-01-03 22:30:00+00:00,5805
2024-01-05 12:00:00+00:00,2024-01-04 02:30:00+00:00,6345
2024-01-05 12:00:00+00:00,2024-01-04 04:30:00+00:00,6343
2024-01-05 12:00:00+00:00,2024-01-04 07:30:00+00:00,6640
2024-01-05 12:00:00+00:00,2024-01-04 09:30:00+00:00,6639
2024-01-05 12:00:00+00:00,2024-01-04 11:30:00+00:00,6654
2024-01-05 12:00:00+00:00,2024-01-04 15:30:00+00:00,7383
2024-01-05 12:00:00+00:00,2024-01-04 18:30:00+00:00,8043
2024-01-05 12:00:00+00:00,2024-01-04 22:30:00+00:00,8255
2024-01-05 13:00:00+00:00,2024-01-03 02:30:00+00:00,4211
2024-01-05 13:00:00+00:00,2024-01-03 04:30:00+00:00,4189
2024-01-05 13:00:00+00:00,2024-01-03 07:30:00+00:00,4060
2024-01-05 13:00:00+00:00,2024-01-03 09:30:00+00:00,4059
2024-01-05 13:00:00+00:00,2024-01-03 11:30:00+00:00,4112
2024-01-05 13:00:00+00:00,2024-01-03 15:30:00+00:00,5048
2024-01-05 13:00:00+00:00,2024-01-03 18:30:00+00:00,5819
2024-01-05 13:00:00+00:00,2024-01-03 22:30:00+00:00,5823
2024-01-05 13:00:00+00:00,2024-01-04 02:30:00+00:00,6301
2024-01-05 13:00:00+00:00,2024-01-04 04:30:00+00:00,6304
2024-01-05 13:00:00+00:00,2024-01-04 07:30:00+00:00,6552
2024-01-05 13:00:00+00:00,2024-01-04 09:30:00+00:00,6549
2024-01-05 13:00:00+00:00,2024-01-04 11:30:00+00:00,6563
2024-01-05 13:00:00+00:00,2024-01-04 15:30:00+00:00,7326
2024-01-05 13:00:00+00:00,2024-01-04 18:30:00+00:00,8003
2024-01-05 13:00:00+00:00,2024-01-04 22:30:00+00:00,8198
2024-01-05 14:00:00+00:00,2024-01-03 02:30:00+00:00,4376
2024-01-05 14:00:00+00:00,2024-01-03 04:30:00+00:00,4354
2024-01-05 14:00:00+00:00,2024-01-03 07:30:00+00:00,4221
2024-01-05 14:00:00+00:00,2024-01-03 09:30:00+00:00,4221
2024-01-05 14:00:00+00:00,2024-01-03 11:30:00+00:00,4266
2024-01-05 14:00:00+00:00,2024-01-03 15:30:00+00:00,5143
2024-01-05 14:00:00+00:00,2024-01-03 18:30:00+00:00,5850
2024-01-05 14:00:00+00:00,2024-01-03 22:30:00+00:00,5849
2024-01-05 14:00:00+00:00,2024-01-04 02:30:00+00:00,6239
2024-01-05 14:00:00+00:00,2024-01-04 04:30:00+00:00,6237
2024-01-05 14:00:00+00:00,2024-01-04 07:30:00+00:00,6356
2024-01-05 14:00:00+00:00,2024-01-04 09:30:00+00:00,6353
2024-01-05 14:00:00+00:00,2024-01-04 11:30:00+00:00,6366
2024-01-05 14:00:00+00:00,2024-01-04 15:30:00+00:00,7268
2024-01-05 14:00:00+00:00,2024-01-04 18:30:00+00:00,8053
2024-01-05 14:00:00+00:00,2024-01-04 22:30:00+00:00,8250
2024-01-05 15:00:00+00:00,2024-01-03 02:30:00+00:00,4556
2024-01-05 15:00:00+00:00,2024-01-03 04:30:00+00:00,4533
2024-01-05 15:00:00+00:00,2024-01-03 07:30:00+00:00,4392
2024-01-05 15:00:00+00:00,2024-01-03 09:30:00+00:00,4393
2024-01-05 15:00:00+00:00,2024-01-03 11:30:00+00:00,4430
2024-01-05 15:00:00+00:00,2024-01-03 15:30:00+00:00,5247
2024-01-05 15:00:00+00:00,2024-01-03 18:30:00+00:00,5891
2024-01-05 15:00:00+00:00,2024-01-03 22:30:00+00:00,5886
2024-01-05 15:00:00+00:00,2024-01-04 02:30:00+00:00,6319
2024-01-05 15:00:00+00:00,2024-01-04 04:30:00+00:00,6311
2024-01-05 15:00:00+00:00,2024-01-04 07:30:00+00:00,6344
2024-01-05 15:00:00+00:00,2024-01-04 09:30:00+00:00,6342
2024-01-05 15:00:00+00:00,2024-01-04 11:30:00+00:00,6361
2024-01-05 15:00:00+00:00,2024-01-04 15:30:00+00:00,7124
2024-01-05 15:00:00+00:00,2024-01-04 18:30:00+00:00,7935
2024-01-05 15:00:00+00:00,2024-01-04 22:30:00+00:00,8108
2024-01-05 16:00:00+00:00,2024-01-03 02:30:00+00:00,4821
2024-01-05 16:00:00+00:00,2024-01-03 04:30:00+00:00,4798
2024-01-05 16:00:00+00:00,2024-01-03 07:30:00+00:00,4613
2024-01-05 16:00:00+00:00,2024-01-03 09:30:00+00:00,4611
2024-01-05 16:00:00+00:00,2024-01-03 11:30:00+00:00,4646
2024-01-05 16:00:00+00:00,2024-01-03 15:30:00+00:00,5398
2024-01-05 16:00:00+00:00,2024-01-03 18:30:00+00:00,6003
2024-01-05 16:00:00+00:00,2024-01-03 22:30:00+00:00,5996
2024-01-05 16:00:00+00:00,2024-01-04 02:30:00+00:00,6573
2024-01-05 16:00:00+00:00,2024-01-04 04:30:00+00:00,6556
2024-01-05 16:00:00+00:00,2024-01-04 07:30:00+00:00,6521
2024-01-05 16:00:00+00:00,2024-01-04 09:30:00+00:00,6521
2024-01-05 16:00:00+00:00,2024-01-04 11:30:00+00:00,6520
2024-01-05 16:00:00+00:00,2024-01-04 15:30:00+00:00,7070
2024-01-05 16:00:00+00:00,2024-01-04 18:30:00+00:00,7649
2024-01-05 16:00:00+00:00,2024-01-04 22:30:00+00:00,7820
2024-01-05 17:00:00+00:00,2024-01-03 02:30:00+00:00,5102
2024-01-05 17:00:00+00:00,2024-01-03 04:30:00+00:00,5078
2024-01-05 17:00:00+00:00,2024-01-03 07:30:00+00:00,4842
2024-01-05 17:00:00+00:00,2024-01-03 09:30:00+00:00,4837
2024-01-05 17:00:00+00:00,2024-01-03 11:30:00+00:00,4871
2024-01-05 17:00:00+00:00,2024-01-03 15:30:00+00:00,5554
2024-01-05 17:00:00+00:00,2024-01-03 18:30:00+00:00,6120
2024-01-05 17:00:00+00:00,2024-01-03 22:30:00+00:00,6112
2024-01-05 17:00:00+00:00,2024-01-04 02:30:00+00:00,6777
2024-01-05 17:00:00+00:00,2024-01-04 04:30:00+00:00,6753
2024-01-05 17:00:00+00:00,2024-01-04 07:30:00+00:00,6644
2024-01-05 17:00:00+00:00,2024-01-04 09:30:00+00:00,6644
2024-01-05 17:00:00+00:00,2024-01-04 11:30:00+00:00,6644
2024-01-05 17:00:00+00:00,2024-01-04 15:30:00+00:00,7284
2024-01-05 17:00:00+00:00,2024-01-04 18:30:00+00:00,7772
2024-01-05 17:00:00+00:00,2024-01-04 22:30:00+00:00,7960
2024-01-05 18:00:00+00:00,2024-01-03 02:30:00+00:00,5397
2024-01-05 18:00:00+00:00,2024-01-03 04:30:00+00:00,5373
2024-01-05 18:00:00+00:00,2024-01-03 07:30:00+00:00,5081
2024-01-05 18:00:00+00:00,2024-01-03 09:30:00+00:00,5073
2024-01-05 18:00:00+00:00,2024-01-03 11:30:00+00:00,5106
2024-01-05 18:00:00+00:00,2024-01-03 15:30:00+00:00,5716
2024-01-05 18:00:00+00:00,2024-01-03 18:30:00+00:00,6244
2024-01-05 18:00:00+00:00,2024-01-03 22:30:00+00:00,6234
2024-01-05 18:00:00+00:00,2024-01-04 02:30:00+00:00,6988
2024-01-05 18:00:00+00:00,2024-01-04 04:30:00+00:00,6956
2024-01-05 18:00:00+00:00,2024-01-04 07:30:00+00:00,6694
2024-01-05 18:00:00+00:00,2024-01-04 09:30:00+00:00,6693
2024-01-05 18:00:00+00:00,2024-01-04 11:30:00+00:00,6686
2024-01-05 18:00:00+00:00,2024-01-04 15:30:00+00:00,7301
2024-01-05 18:00:00+00:00,2024-01-04 18:30:00+00:00,7744
2024-01-05 18:00:00+00:00,2024-01-04 22:30:00+00:00,7929
2024-01-05 19:00:00+00:00,2024-01-03 02:30:00+00:00,5534
2024-01-05 19:00:00+00:00,2024-01-03 04:30:00+00:00,5510
2024-01-05 19:00:00+00:00,2024-01-03 07:30:00+00:00,5244
2024-01-05 19:00:00+00:00,2024-01-03 09:30:00+00:00,5237
2024-01-05 19:00:00+00:00,2024-01-03 11:30:00+00:00,5268
2024-01-05 19:00:00+00:00,2024-01-03 15:30:00+00:00,5863
2024-01-05 19:00:00+00:00,2024-01-03 18:30:00+00:00,6350
2024-01-05 19:00:00+00:00,2024-01-03 22:30:00+00:00,6339
2024-01-05 19:00:00+00:00,2024-01-04 02:30:00+00:00,7023
2024-01-05 19:00:00+00:00,2024-01-04 04:30:00+00:00,6990
2024-01-05 19:00:00+00:00,2024-01-04 07:30:00+00:00,6748
2024-01-05 19:00:00+00:00,2024-01-04 09:30:00+00:00,6748
2024-01-05 19:00:00+00:00,2024-01-04 11:30:00+00:00,6752
2024-01-05 19:00:00+00:00,2024-01-04 15:30:00+00:00,7343
2024-01-05 19:00:00+00:00,2024-01-04 18:30:00+00:00,7481
2024-01-05 19:00:00+00:00,2024-01-04 22:30:00+00:00,7645
2024-01-05 20:00:00+00:00,2024-01-03 02:30:00+00:00,5676
2024-01-05 20:00:00+00:00,2024-01-03 04:30:00+00:00,5653
2024-01-05 20:00:00+00:00,2024-01-03 07:30:00+00:00,5416
2024-01-05 20:00:00+00:00,2024-01-03 09:30:00+00:00,5409
2024-01-05 20:00:00+00:00,2024-01-03 11:30:00+00:00,5440
2024-01-05 20:00:00+00:00,2024-01-03 15:30:00+00:00,6017
2024-01-05 20:00:00+00:00,2024-01-03 18:30:00+00:00,6459
2024-01-05 20:00:00+00:00,2024-01-03 22:30:00+00:00,6447
2024-01-05 20:00:00+00:00,2024-01-04 02:30:00+00:00,7059
2024-01-05 20:00:00+00:00,2024-01-04 04:30:00+00:00,7024
2024-01-05 20:00:00+00:00,2024-01-04 07:30:00+00:00,6683
2024-01-05 20:00:00+00:00,2024-01-04 09:30:00+00:00,6681
2024-01-05 20:00:00+00:00,2024-01-04 11:30:00+00:00,6683
2024-01-05 20:00:00+00:00,2024-01-04 15:30:00+00:00,7234
2024-01-05 20:00:00+00:00,2024-01-04 18:30:00+00:00,7362
2024-01-05 20:00:00+00:00,2024-01-04 22:30:00+00:00,7534
2024-01-05 21:00:00+00:00,2024-01-03 02:30:00+00:00,5825
2024-01-05 21:00:00+00:00,2024-01-03 04:30:00+00:00,5802
2024-01-05 21:00:00+00:00,2024-01-03 07:30:00+00:00,5596
2024-01-05 21:00:00+00:00,2024-01-03 09:30:00+00:00,5590
2024-01-05 21:00:00+00:00,2024-01-03 11:30:00+00:00,5618
2024-01-05 21:00:00+00:00,2024-01-03 15:30:00+00:00,6176
2024-01-05 21:00:00+00:00,2024-01-03 18:30:00+00:00,6572
2024-01-05 21:00:00+00:00,2024-01-03 22:30:00+00:00,6559
2024-01-05 21:00:00+00:00,2024-01-04 02:30:00+00:00,7095
2024-01-05 21:00:00+00:00,2024-01-04 04:30:00+00:00,7059
2024-01-05 21:00:00+00:00,2024-01-04 07:30:00+00:00,6618
2024-01-05 21:00:00+00:00,2024-01-04 09:30:00+00:00,6614
2024-01-05 21:00:00+00:00,2024-01-04 11:30:00+00:00,6613
2024-01-05 21:00:00+00:00,2024-01-04 15:30:00+00:00,7041
2024-01-05 21:00:00+00:00,2024-01-04 18:30:00+00:00,7047
2024-01-05 21:00:00+00:00,2024-01-04 22:30:00+00:00,7231
2024-01-05 21:00:00+00:00,2024-01-05 02:30:00+00:00,6864
2024-01-05 21:00:00+00:00,2024-01-05 04:30:00+00:00,6866
2024-01-05 21:00:00+00:00,2024-01-05 07:30:00+00:00,6757
2024-01-05 21:00:00+00:00,2024-01-05 09:30:00+00:00,6756
2024-01-05 21:00:00+00:00,2024-01-05 11:30:00+00:00,6765
2024-01-05 21:00:00+00:00,2024-01-05 15:30:00+00:00,7088
2024-01-05 21:00:00+00:00,2024-01-05 18:30:00+00:00,6864
2024-01-05 21:00:00+00:00,2024-01-05 22:30:00+00:00,6855
2024-01-05 22:00:00+00:00,2024-01-04 02:30:00+00:00,7110
2024-01-05 22:00:00+00:00,2024-01-04 04:30:00+00:00,7072
2024-01-05 22:00:00+00:00,2024-01-04 07:30:00+00:00,6768
2024-01-05 22:00:00+00:00,2024-01-04 09:30:00+00:00,6762
2024-01-05 22:00:00+00:00,2024-01-04 11:30:00+00:00,6733
2024-01-05 22:00:00+00:00,2024-01-04 15:30:00+00:00,7067
2024-01-05 22:00:00+00:00,2024-01-04 18:30:00+00:00,6840
2024-01-05 22:00:00+00:00,2024-01-04 22:30:00+00:00,7039
2024-01-05 22:00:00+00:00,2024-01-05 02:30:00+00:00,6564
2024-01-05 22:00:00+00:00,2024-01-05 04:30:00+00:00,6563
2024-01-05 22:00:00+00:00,2024-01-05 07:30:00+00:00,6458
2024-01-05 22:00:00+00:00,2024-01-05 09:30:00+00:00,6457
2024-01-05 22:00:00+00:00,2024-01-05 11:30:00+00:00,6466
2024-01-05 22:00:00+00:00,2024-01-05 15:30:00+00:00,6791
2024-01-05 22:00:00+00:00,2024-01-05 18:30:00+00:00,6657
2024-01-05 22:00:00+00:00,2024-01-05 22:30:00+00:00,6654
2024-01-05 23:00:00+00:00,2024-01-04 02:30:00+00:00,7126
2024-01-05 23:00:00+00:00,2024-01-04 04:30:00+00:00,7086
2024-01-05 23:00:00+00:00,2024-01-04 07:30:00+00:00,6788
2024-01-05 23:00:00+00:00,2024-01-04 09:30:00+00:00,6780
2024-01-05 23:00:00+00:00,2024-01-04 11:30:00+00:00,6736
2024-01-05 23:00:00+00:00,2024-01-04 15:30:00+00:00,7000
2024-01-05 23:00:00+00:00,2024-01-04 18:30:00+00:00,6753
2024-01-05 23:00:00+00:00,2024-01-04 22:30:00+00:00,6946
2024-01-05 23:00:00+00:00,2024-01-05 02:30:00+00:00,6380
2024-01-05 23:00:00+00:00,2024-01-05 04:30:00+00:00,6375
2024-01-05 23:00:00+00:00,2024-01-05 07:30:00+00:00,6246
2024-01-05 23:00:00+00:00,2024-01-05 09:30:00+00:00,6244
2024-01-05 23:00:00+00:00,2024-01-05 11:30:00+00:00,6257
2024-01-05 23:00:00+00:00,2024-01-05 15:30:00+00:00,6668
2024-01-05 23:00:00+00:00,2024-01-05 18:30:00+00:00,6565
2024-01-05 23:00:00+00:00,2024-01-05 22:30:00+00:00,6570
2024-01-06 00:00:00+00:00,2024-01-04 02:30:00+00:00,7142
2024-01-06 00:00:00+00:00,2024-01-04 04:30:00+00:00,7100
2024-01-06 00:00:00+00:00,2024-01-04 07:30:00+00:00,6809
2024-01-06 00:00:00+00:00,2024-01-04 09:30:00+00:00,6799
2024-01-06 00:00:00+00:00,2024-01-04 11:30:00+00:00,6755
2024-01-06 00:00:00+00:00,2024-01-04 15:30:00+00:00,6930
2024-01-06 00:00:00+00:00,2024-01-04 18:30:00+00:00,6747
2024-01-06 00:00:00+00:00,2024-01-04 22:30:00+00:00,6952
2024-01-06 00:00:00+00:00,2024-01-05 02:30:00+00:00,6418
2024-01-06 00:00:00+00:00,2024-01-05 04:30:00+00:00,6411
2024-01-06 00:00:00+00:00,2024-01-05 07:30:00+00:00,6134
2024-01-06 00:00:00+00:00,2024-01-05 09:30:00+00:00,6131
2024-01-06 00:00:00+00:00,2024-01-05 11:30:00+00:00,6147
2024-01-06 00:00:00+00:00,2024-01-05 15:30:00+00:00,6613
2024-01-06 00:00:00+00:00,2024-01-05 18:30:00+00:00,6586
2024-01-06 00:00:00+00:00,2024-01-05 22:30:00+00:00,6590
2024-01-06 01:00:00+00:00,2024-01-04 02:30:00+00:00,7193
2024-01-06 01:00:00+00:00,2024-01-04 04:30:00+00:00,7154
2024-01-06 01:00:00+00:00,2024-01-04 07:30:00+00:00,6779
2024-01-06 01:00:00+00:00,2024-01-04 09:30:00+00:00,6769
2024-01-06 01:00:00+00:00,2024-01-04 11:30:00+00:00,6683
2024-01-06 01:00:00+00:00,2024-01-04 15:30:00+00:00,6984
2024-01-06 01:00:00+00:00,2024-01-04 18:30:00+00:00,6713
2024-01-06 01:00:00+00:00,2024-01-04 22:30:00+00:00,6911
2024-01-06 01:00:00+00:00,2024-01-05 02:30:00+00:00,6350
2024-01-06 01:00:00+00:00,2024-01-05 04:30:00+00:00,6348
2024-01-06 01:00:00+00:00,2024-01-05 07:30:00+00:00,6153
2024-01-06 01:00:00+00:00,2024-01-05 09:30:00+00:00,6150
2024-01-06 01:00:00+00:00,2024-01-05 11:30:00+00:00,6153
2024-01-06 01:00:00+00:00,2024-01-05 15:30:00+00:00,6525
2024-01-06 01:00:00+00:00,2024-01-05 18:30:00+00:00,6377
2024-01-06 01:00:00+00:00,2024-01-05 22:30:00+00:00,6373
2024-01-06 02:00:00+00:00,2024-01-04 02:30:00+00:00,7242
2024-01-06 02:00:00+00:00,2024-01-04 04:30:00+00:00,7207
2024-01-06 02:00:00+00:00,2024-01-04 07:30:00+00:00,6751
2024-01-06 02:00:00+00:00,2024-01-04 09:30:00+00:00,6741
2024-01-06 02:00:00+00:00,2024-01-04 11:30:00+00:00,6620
2024-01-06 02:00:00+00:00,2024-01-04 15:30:00+00:00,6784
2024-01-06 02:00:00+00:00,2024-01-04 18:30:00+00:00,6525
2024-01-06 02:00:00+00:00,2024-01-04 22:30:00+00:00,6712
2024-01-06 02:00:00+00:00,2024-01-05 02:30:00+00:00,6277
2024-01-06 02:00:00+00:00,2024-01-05 04:30:00+00:00,6273
2024-01-06 02:00:00+00:00,2024-01-05 07:30:00+00:00,6161
2024-01-06 02:00:00+00:00,2024-01-05 09:30:00+00:00,6158
2024-01-06 02:00:00+00:00,2024-01-05 11:30:00+00:00,6166
2024-01-06 02:00:00+00:00,2024-01-05 15:30:00+00:00,6649
2024-01-06 02:00:00+00:00,2024-01-05 18:30:00+00:00,6578
2024-01-06 02:00:00+00:00,2024-01-05 22:30:00+00:00,6575
2024-01-06 03:00:00+00:00,2024-01-04 02:30:00+00:00,7291
2024-01-06 03:00:00+00:00,2024-01-04 04:30:00+00:00,7258
2024-01-06 03:00:00+00:00,2024-01-04 07:30:00+00:00,6723
2024-01-06 03:00:00+00:00,2024-01-04 09:30:00+00:00,6714
2024-01-06 03:00:00+00:00,2024-01-04 11:30:00+00:00,6635
2024-01-06 03:00:00+00:00,2024-01-04 15:30:00+00:00,6877
2024-01-06 03:00:00+00:00,2024-01-04 18:30:00+00:00,6645
2024-01-06 03:00:00+00:00,2024-01-04 22:30:00+00:00,6840
2024-01-06 03:00:00+00:00,2024-01-05 02:30:00+00:00,6301
2024-01-06 03:00:00+00:00,2024-01-05 04:30:00+00:00,6287
2024-01-06 03:00:00+00:00,2024-01-05 07:30:00+00:00,6045
2024-01-06 03:00:00+00:00,2024-01-05 09:30:00+00:00,6041
2024-01-06 03:00:00+00:00,2024-01-05 11:30:00+00:00,6045
2024-01-06 03:00:00+00:00,2024-01-05 15:30:00+00:00,6509
2024-01-06 03:00:00+00:00,2024-01-05 18:30:00+00:00,6460
2024-01-06 03:00:00+00:00,2024-01-05 22:30:00+00:00,6457
2024-01-06 04:00:00+00:00,2024-01-04 02:30:00+00:00,7278
2024-01-06 04:00:00+00:00,2024-01-04 04:30:00+00:00,7249
2024-01-06 04:00:00+00:00,2024-01-04 07:30:00+00:00,6764
2024-01-06 04:00:00+00:00,2024-01-04 09:30:00+00:00,6757
2024-01-06 04:00:00+00:00,2024-01-04 11:30:00+00:00,6707
2024-01-06 04:00:00+00:00,2024-01-04 15:30:00+00:00,6451
2024-01-06 04:00:00+00:00,2024-01-04 18:30:00+00:00,6589
2024-01-06 04:00:00+00:00,2024-01-04 22:30:00+00:00,6805
2024-01-06 04:00:00+00:00,2024-01-05 02:30:00+00:00,6357
2024-01-06 04:00:00+00:00,2024-01-05 04:30:00+00:00,6354
2024-01-06 04:00:00+00:00,2024-01-05 07:30:00+00:00,6243
2024-01-06 04:00:00+00:00,2024-01-05 09:30:00+00:00,6239
2024-01-06 04:00:00+00:00,2024-01-05 11:30:00+00:00,6244
2024-01-06 04:00:00+00:00,2024-01-05 15:30:00+00:00,6578
2024-01-06 04:00:00+00:00,2024-01-05 18:30:00+00:00,6419
2024-01-06 04:00:00+00:00,2024-01-05 22:30:00+00:00,6410
2024-01-06 05:00:00+00:00,2024-01-04 02:30:00+00:00,7264
2024-01-06 05:00:00+00:00,2024-01-04 04:30:00+00:00,7239
2024-01-06 05:00:00+00:00,2024-01-04 07:30:00+00:00,6806
2024-01-06 05:00:00+00:00,2024-01-04 09:30:00+00:00,6800
2024-01-06 05:00:00+00:00,2024-01-04 11:30:00+00:00,6775
2024-01-06 05:00:00+00:00,2024-01-04 15:30:00+00:00,6504
2024-01-06 05:00:00+00:00,2024-01-04 18:30:00+00:00,6719
2024-01-06 05:00:00+00:00,2024-01-04 22:30:00+00:00,6910
2024-01-06 05:00:00+00:00,2024-01-05 02:30:00+00:00,6394
2024-01-06 05:00:00+00:00,2024-01-05 04:30:00+00:00,6387
2024-01-06 05:00:00+00:00,2024-01-05 07:30:00+00:00,6214
2024-01-06 05:00:00+00:00,2024-01-05 09:30:00+00:00,6210
2024-01-06 05:00:00+00:00,2024-01-05 11:30:00+00:00,6223
2024-01-06 05:00:00+00:00,2024-01-05 15:30:00+00:00,6610
2024-01-06 05:00:00+00:00,2024-01-05 18:30:00+00:00,6538
2024-01-06 05:00:00+00:00,2024-01-05 22:30:00+00:00,6524
2024-01-06 06:00:00+00:00,2024-01-04 02:30:00+00:00,7250
2024-01-06 06:00:00+00:00,2024-01-04 04:30:00+00:00,7228
2024-01-06 06:00:00+00:00,2024-01-04 07:30:00+00:00,6849
2024-01-06 06:00:00+00:00,2024-01-04 09:30:00+00:00,6843
2024-01-06 06:00:00+00:00,2024-01-04 11:30:00+00:00,6837
2024-01-06 06:00:00+00:00,2024-01-04 15:30:00+00:00,6556
2024-01-06 06:00:00+00:00,2024-01-04 18:30:00+00:00,6807
2024-01-06 06:00:00+00:00,2024-01-04 22:30:00+00:00,6995
2024-01-06 06:00:00+00:00,2024-01-05 02:30:00+00:00,6507
2024-01-06 06:00:00+00:00,2024-01-05 04:30:00+00:00,6495
2024-01-06 06:00:00+00:00,2024-01-05 07:30:00+00:00,6352
2024-01-06 06:00:00+00:00,2024-01-05 09:30:00+00:00,6349
2024-01-06 06:00:00+00:00,2024-01-05 11:30:00+00:00,6353
2024-01-06 06:00:00+00:00,2024-01-05 15:30:00+00:00,6727
2024-01-06 06:00:00+00:00,2024-01-05 18:30:00+00:00,6636
2024-01-06 06:00:00+00:00,2024-01-05 22:30:00+00:00,6631
2024-01-06 07:00:00+00:00,2024-01-04 02:30:00+00:00,7074
2024-01-06 07:00:00+00:00,2024-01-04 04:30:00+00:00,7053
2024-01-06 07:00:00+00:00,2024-01-04 07:30:00+00:00,6715
2024-01-06 07:00:00+00:00,2024-01-04 09:30:00+00:00,6709
2024-01-06 07:00:00+00:00,2024-01-04 11:30:00+00:00,6705
2024-01-06 07:00:00+00:00,2024-01-04 15:30:00+00:00,6421
2024-01-06 07:00:00+00:00,2024-01-04 18:30:00+00:00,6597
2024-01-06 07:00:00+00:00,2024-01-04 22:30:00+00:00,6790
2024-01-06 07:00:00+00:00,2024-01-05 02:30:00+00:00,6268
2024-01-06 07:00:00+00:00,2024-01-05 04:30:00+00:00,6267
2024-01-06 07:00:00+00:00,2024-01-05 07:30:00+00:00,6142
2024-01-06 07:00:00+00:00,2024-01-05 09:30:00+00:00,6139
2024-01-06 07:00:00+00:00,2024-01-05 11:30:00+00:00,6139
2024-01-06 07:00:00+00:00,2024-01-05 15:30:00+00:00,6491
2024-01-06 07:00:00+00:00,2024-01-05 18:30:00+00:00,6396
2024-01-06 07:00:00+00:00,2024-01-05 22:30:00+00:00,6390
2024-01-06 08:00:00+00:00,2024-01-04 02:30:00+00:00,6907
2024-01-06 08:00:00+00:00,2024-01-04 04:30:00+00:00,6888
2024-01-06 08:00:00+00:00,2024-01-04 07:30:00+00:00,6589
2024-01-06 08:00:00+00:00,2024-01-04 09:30:00+00:00,6583
2024-01-06 08:00:00+00:00,2024-01-04 11:30:00+00:00,6581
2024-01-06 08:00:00+00:00,2024-01-04 15:30:00+00:00,6294
2024-01-06 08:00:00+00:00,2024-01-04 18:30:00+00:00,6518
2024-01-06 08:00:00+00:00,2024-01-04 22:30:00+00:00,6709
2024-01-06 08:00:00+00:00,2024-01-05 02:30:00+00:00,6276
2024-01-06 08:00:00+00:00,2024-01-05 04:30:00+00:00,6277
2024-01-06 08:00:00+00:00,2024-01-05 07:30:00+00:00,6191
2024-01-06 08:00:00+00:00,2024-01-05 09:30:00+00:00,6188
2024-01-06 08:00:00+00:00,2024-01-05 11:30:00+00:00,6196
2024-01-06 08:00:00+00:00,2024-01-05 15:30:00+00:00,6578
2024-01-06 08:00:00+00:00,2024-01-05 18:30:00+00:00,6439
2024-01-06 08:00:00+00:00,2024-01-05 22:30:00+00:00,6442
2024-01-06 09:00:00+00:00,2024-01-04 02:30:00+00:00,6750
2024-01-06 09:00:00+00:00,2024-01-04 04:30:00+00:00,6732
2024-01-06 09:00:00+00:00,2024-01-04 07:30:00+00:00,6472
2024-01-06 09:00:00+00:00,2024-01-04 09:30:00+00:00,6465
2024-01-06 09:00:00+00:00,2024-01-04 11:30:00+00:00,6465
2024-01-06 09:00:00+00:00,2024-01-04 15:30:00+00:00,6175
2024-01-06 09:00:00+00:00,2024-01-04 18:30:00+00:00,6355
2024-01-06 09:00:00+00:00,2024-01-04 22:30:00+00:00,6506
2024-01-06 09:00:00+00:00,2024-01-05 02:30:00+00:00,6252
2024-01-06 09:00:00+00:00,2024-01-05 04:30:00+00:00,6249
2024-01-06 09:00:00+00:00,2024-01-05 07:30:00+00:00,6209
2024-01-06 09:00:00+00:00,2024-01-05 09:30:00+00:00,6204
2024-01-06 09:00:00+00:00,2024-01-05 11:30:00+00:00,6212
2024-01-06 09:00:00+00:00,2024-01-05 15:30:00+00:00,6574
2024-01-06 09:00:00+00:00,2024-01-05 18:30:00+00:00,6518
2024-01-06 09:00:00+00:00,2024-01-05 22:30:00+00:00,6517
2024-01-06 10:00:00+00:00,2024-01-04 02:30:00+00:00,6571
2024-01-06 10:00:00+00:00,2024-01-04 04:30:00+00:00,6558
2024-01-06 10:00:00+00:00,2024-01-04 07:30:00+00:00,6331
2024-01-06 10:00:00+00:00,2024-01-04 09:30:00+00:00,6326
2024-01-06 10:00:00+00:00,2024-01-04 11:30:00+00:00,6328
2024-01-06 10:00:00+00:00,2024-01-04 15:30:00+00:00,6075
2024-01-06 10:00:00+00:00,2024-01-04 18:30:00+00:00,5576
2024-01-06 10:00:00+00:00,2024-01-04 22:30:00+00:00,5752
2024-01-06 10:00:00+00:00,2024-01-05 02:30:00+00:00,6154
2024-01-06 10:00:00+00:00,2024-01-05 04:30:00+00:00,6155
2024-01-06 10:00:00+00:00,2024-01-05 07:30:00+00:00,6158
2024-01-06 10:00:00+00:00,2024-01-05 09:30:00+00:00,6154
2024-01-06 10:00:00+00:00,2024-01-05 11:30:00+00:00,6156
2024-01-06 10:00:00+00:00,2024-01-05 15:30:00+00:00,6473
2024-01-06 10:00:00+00:00,2024-01-05 18:30:00+00:00,6358
2024-01-06 10:00:00+00:00,2024-01-05 22:30:00+00:00,6359
2024-01-06 11:00:00+00:00,2024-01-04 02:30:00+00:00,6405
2024-01-06 11:00:00+00:00,2024-01-04 04:30:00+00:00,6395
2024-01-06 11:00:00+00:00,2024-01-04 07:30:00+00:00,6196
2024-01-06 11:00:00+00:00,2024-01-04 09:30:00+00:00,6192
2024-01-06 11:00:00+00:00,2024-01-04 11:30:00+00:00,6196
2024-01-06 11:00:00+00:00,2024-01-04 15:30:00+00:00,5973
2024-01-06 11:00:00+00:00,2024-01-04 18:30:00+00:00,5528
2024-01-06 11:00:00+00:00,2024-01-04 22:30:00+00:00,5715
2024-01-06 11:00:00+00:00,2024-01-05 02:30:00+00:00,5955
2024-01-06 11:00:00+00:00,2024-01-05 04:30:00+00:00,5953
2024-01-06 11:00:00+00:00,2024-01-05 07:30:00+00:00,6038
2024-01-06 11:00:00+00:00,2024-01-05 09:30:00+00:00,6035
2024-01-06 11:00:00+00:00,2024-01-05 11:30:00+00:00,6027
2024-01-06 11:00:00+00:00,2024-01-05 15:30:00+00:00,6381
2024-01-06 11:00:00+00:00,2024-01-05 18:30:00+00:00,6336
2024-01-06 11:00:00+00:00,2024-01-05 22:30:00+00:00,6332
2024-01-06 12:00:00+00:00,2024-01-04 02:30:00+00:00,6249
2024-01-06 12:00:00+00:00,2024-01-04 04:30:00+00:00,6242
2024-01-06 12:00:00+00:00,2024-01-04 07:30:00+00:00,6067
2024-01-06 12:00:00+00:00,2024-01-04 09:30:00+00:00,6063
2024-01-06 12:00:00+00:00,2024-01-04 11:30:00+00:00,6069
2024-01-06 12:00:00+00:00,2024-01-04 15:30:00+00:00,5875
2024-01-06 12:00:00+00:00,2024-01-04 18:30:00+00:00,5473
2024-01-06 12:00:00+00:00,2024-01-04 22:30:00+00:00,5670
2024-01-06 12:00:00+00:00,2024-01-05 02:30:00+00:00,5949
2024-01-06 12:00:00+00:00,2024-01-05 04:30:00+00:00,5940
2024-01-06 12:00:00+00:00,2024-01-05 07:30:00+00:00,5933
2024-01-06 12:00:00+00:00,2024-01-05 09:30:00+00:00,5931
2024-01-06 12:00:00+00:00,2024-01-05 11:30:00+00:00,5925
2024-01-06 12:00:00+00:00,2024-01-05 15:30:00+00:00,6328
2024-01-06 12:00:00+00:00,2024-01-05 18:30:00+00:00,6238
2024-01-06 12:00:00+00:00,2024-01-05 22:30:00+00:00,6235
2024-01-06 13:00:00+00:00,2024-01-04 02:30:00+00:00,6243
2024-01-06 13:00:00+00:00,2024-01-04 04:30:00+00:00,6234
2024-01-06 13:00:00+00:00,2024-01-04 07:30:00+00:00,6062
2024-01-06 13:00:00+00:00,2024-01-04 09:30:00+00:00,6058
2024-01-06 13:00:00+00:00,2024-01-04 11:30:00+00:00,6064
2024-01-06 13:00:00+00:00,2024-01-04 15:30:00+00:00,5897
2024-01-06 13:00:00+00:00,2024-01-04 18:30:00+00:00,5566
2024-01-06 13:00:00+00:00,2024-01-04 22:30:00+00:00,5764
2024-01-06 13:00:00+00:00,2024-01-05 02:30:00+00:00,6013
2024-01-06 13:00:00+00:00,2024-01-05 04:30:00+00:00,6011
2024-01-06 13:00:00+00:00,2024-01-05 07:30:00+00:00,6036
2024-01-06 13:00:00+00:00,2024-01-05 09:30:00+00:00,6034
2024-01-06 13:00:00+00:00,2024-01-05 11:30:00+00:00,6030
2024-01-06 13:00:00+00:00,2024-01-05 15:30:00+00:00,6573
2024-01-06 13:00:00+00:00,2024-01-05 18:30:00+00:00,6467
2024-01-06 13:00:00+00:00,2024-01-05 22:30:00+00:00,6463
2024-01-06 14:00:00+00:00,2024-01-04 02:30:00+00:00,6237
2024-01-06 14:00:00+00:00,2024-01-04 04:30:00+00:00,6227
2024-01-06 14:00:00+00:00,2024-01-04 07:30:00+00:00,6057
2024-01-06 14:00:00+00:00,2024-01-04 09:30:00+00:00,6053
2024-01-06 14:00:00+00:00,2024-01-04 11:30:00+00:00,6059
2024-01-06 14:00:00+00:00,2024-01-04 15:30:00+00:00,5921
2024-01-06 14:00:00+00:00,2024-01-04 18:30:00+00:00,5662
2024-01-06 14:00:00+00:00,2024-01-04 22:30:00+00:00,5861
2024-01-06 14:00:00+00:00,2024-01-05 02:30:00+00:00,6182
2024-01-06 14:00:00+00:00,2024-01-05 04:30:00+00:00,6181
2024-01-06 14:00:00+00:00,2024-01-05 07:30:00+00:00,6261
2024-01-06 14:00:00+00:00,2024-01-05 09:30:00+00:00,6259
2024-01-06 14:00:00+00:00,2024-01-05 11:30:00+00:00,6258
2024-01-06 14:00:00+00:00,2024-01-05 15:30:00+00:00,6725
2024-01-06 14:00:00+00:00,2024-01-05 18:30:00+00:00,6635
2024-01-06 14:00:00+00:00,2024-01-05 22:30:00+00:00,6627
2024-01-06 15:00:00+00:00,2024-01-04 02:30:00+00:00,6233
2024-01-06 15:00:00+00:00,2024-01-04 04:30:00+00:00,6222
2024-01-06 15:00:00+00:00,2024-01-04 07:30:00+00:00,6051
2024-01-06 15:00:00+00:00,2024-01-04 09:30:00+00:00,6047
2024-01-06 15:00:00+00:00,2024-01-04 11:30:00+00:00,6053
2024-01-06 15:00:00+00:00,2024-01-04 15:30:00+00:00,5947
2024-01-06 15:00:00+00:00,2024-01-04 18:30:00+00:00,5759
2024-01-06 15:00:00+00:00,2024-01-04 22:30:00+00:00,5960
2024-01-06 15:00:00+00:00,2024-01-05 02:30:00+00:00,6155
2024-01-06 15:00:00+00:00,2024-01-05 04:30:00+00:00,6157
2024-01-06 15:00:00+00:00,2024-01-05 07:30:00+00:00,6296
2024-01-06 15:00:00+00:00,2024-01-05 09:30:00+00:00,6295
2024-01-06 15:00:00+00:00,2024-01-05 11:30:00+00:00,6306
2024-01-06 15:00:00+00:00,2024-01-05 15:30:00+00:00,6893
2024-01-06 15:00:00+00:00,2024-01-05 18:30:00+00:00,6755
2024-01-06 15:00:00+00:00,2024-01-05 22:30:00+00:00,6747
2024-01-06 16:00:00+00:00,2024-01-04 02:30:00+00:00,6240
2024-01-06 16:00:00+00:00,2024-01-04 04:30:00+00:00,6228
2024-01-06 16:00:00+00:00,2024-01-04 07:30:00+00:00,6026
2024-01-06 16:00:00+00:00,2024-01-04 09:30:00+00:00,6022
2024-01-06 16:00:00+00:00,2024-01-04 11:30:00+00:00,6028
2024-01-06 16:00:00+00:00,2024-01-04 15:30:00+00:00,5900
2024-01-06 16:00:00+00:00,2024-01-04 18:30:00+00:00,5739
2024-01-06 16:00:00+00:00,2024-01-04 22:30:00+00:00,5926
2024-01-06 16:00:00+00:00,2024-01-05 02:30:00+00:00,5758
2024-01-06 16:00:00+00:00,2024-01-05 04:30:00+00:00,5754
2024-01-06 16:00:00+00:00,2024-01-05 07:30:00+00:00,6191
2024-01-06 16:00:00+00:00,2024-01-05 09:30:00+00:00,6189
2024-01-06 16:00:00+00:00,2024-01-05 11:30:00+00:00,6196
2024-01-06 16:00:00+00:00,2024-01-05 15:30:00+00:00,6790
2024-01-06 16:00:00+00:00,2024-01-05 18:30:00+00:00,6782
2024-01-06 16:00:00+00:00,2024-01-05 22:30:00+00:00,6772
2024-01-06 17:00:00+00:00,2024-01-04 02:30:00+00:00,6250
2024-01-06 17:00:00+00:00,2024-01-04 04:30:00+00:00,6236
2024-01-06 17:00:00+00:00,2024-01-04 07:30:00+00:00,6003
2024-01-06 17:00:00+00:00,2024-01-04 09:30:00+00:00,5998
2024-01-06 17:00:00+00:00,2024-01-04 11:30:00+00:00,6005
2024-01-06 17:00:00+00:00,2024-01-04 15:30:00+00:00,5856
2024-01-06 17:00:00+00:00,2024-01-04 18:30:00+00:00,5722
2024-01-06 17:00:00+00:00,2024-01-04 22:30:00+00:00,5894
2024-01-06 17:00:00+00:00,2024-01-05 02:30:00+00:00,5774
2024-01-06 17:00:00+00:00,2024-01-05 04:30:00+00:00,5763
2024-01-06 17:00:00+00:00,2024-01-05 07:30:00+00:00,6228
2024-01-06 17:00:00+00:00,2024-01-05 09:30:00+00:00,6225
2024-01-06 17:00:00+00:00,2024-01-05 11:30:00+00:00,6237
2024-01-06 17:00:00+00:00,2024-01-05 15:30:00+00:00,6860
2024-01-06 17:00:00+00:00,2024-01-05 18:30:00+00:00,6839
2024-01-06 17:00:00+00:00,2024-01-05 22:30:00+00:00,6830
2024-01-06 18:00:00+00:00,2024-01-04 02:30:00+00:00,6263
2024-01-06 18:00:00+00:00,2024-01-04 04:30:00+00:00,6249
2024-01-06 18:00:00+00:00,2024-01-04 07:30:00+00:00,5983
2024-01-06 18:00:00+00:00,2024-01-04 09:30:00+00:00,5979
2024-01-06 18:00:00+00:00,2024-01-04 11:30:00+00:00,5985
2024-01-06 18:00:00+00:00,2024-01-04 15:30:00+00:00,5817
2024-01-06 18:00:00+00:00,2024-01-04 18:30:00+00:00,5709
2024-01-06 18:00:00+00:00,2024-01-04 22:30:00+00:00,5865
2024-01-06 18:00:00+00:00,2024-01-05 02:30:00+00:00,5792
2024-01-06 18:00:00+00:00,2024-01-05 04:30:00+00:00,5777
2024-01-06 18:00:00+00:00,2024-01-05 07:30:00+00:00,6337
2024-01-06 18:00:00+00:00,2024-01-05 09:30:00+00:00,6331
2024-01-06 18:00:00+00:00,2024-01-05 11:30:00+00:00,6313
2024-01-06 18:00:00+00:00,2024-01-05 15:30:00+00:00,6967
2024-01-06 18:00:00+00:00,2024-01-05 18:30:00+00:00,6819
2024-01-06 18:00:00+00:00,2024-01-05 22:30:00+00:00,6815
2024-01-06 19:00:00+00:00,2024-01-04 02:30:00+00:00,6125
2024-01-06 19:00:00+00:00,2024-01-04 04:30:00+00:00,6111
2024-01-06 19:00:00+00:00,2024-01-04 07:30:00+00:00,5820
2024-01-06 19:00:00+00:00,2024-01-04 09:30:00+00:00,5816
2024-01-06 19:00:00+00:00,2024-01-04 11:30:00+00:00,5821
2024-01-06 19:00:00+00:00,2024-01-04 15:30:00+00:00,5613
2024-01-06 19:00:00+00:00,2024-01-04 18:30:00+00:00,5529
2024-01-06 19:00:00+00:00,2024-01-04 22:30:00+00:00,5681
2024-01-06 19:00:00+00:00,2024-01-05 02:30:00+00:00,5633
2024-01-06 19:00:00+00:00,2024-01-05 04:30:00+00:00,5617
2024-01-06 19:00:00+00:00,2024-01-05 07:30:00+00:00,6106
2024-01-06 19:00:00+00:00,2024-01-05 09:30:00+00:00,6103
2024-01-06 19:00:00+00:00,2024-01-05 11:30:00+00:00,6113
2024-01-06 19:00:00+00:00,2024-01-05 15:30:00+00:00,6685
2024-01-06 19:00:00+00:00,2024-01-05 18:30:00+00:00,6600
2024-01-06 19:00:00+00:00,2024-01-05 22:30:00+00:00,6594
2024-01-06 20:00:00+00:00,2024-01-04 02:30:00+00:00,5995
2024-01-06 20:00:00+00:00,2024-01-04 04:30:00+00:00,5981
2024-01-06 20:00:00+00:00,2024-01-04 07:30:00+00:00,5664
2024-01-06 20:00:00+00:00,2024-01-04 09:30:00+00:00,5661
2024-01-06 20:00:00+00:00,2024-01-04 11:30:00+00:00,5665
2024-01-06 20:00:00+00:00,2024-01-04 15:30:00+00:00,5418
2024-01-06 20:00:00+00:00,2024-01-04 18:30:00+00:00,5359
2024-01-06 20:00:00+00:00,2024-01-04 22:30:00+00:00,5505
2024-01-06 20:00:00+00:00,2024-01-05 02:30:00+00:00,5483
2024-01-06 20:00:00+00:00,2024-01-05 04:30:00+00:00,5467
2024-01-06 20:00:00+00:00,2024-01-05 07:30:00+00:00,5807
2024-01-06 20:00:00+00:00,2024-01-05 09:30:00+00:00,5807
2024-01-06 20:00:00+00:00,2024-01-05 11:30:00+00:00,5828
2024-01-06 20:00:00+00:00,2024-01-05 15:30:00+00:00,6457
2024-01-06 20:00:00+00:00,2024-01-05 18:30:00+00:00,6491
2024-01-06 20:00:00+00:00,2024-01-05 22:30:00+00:00,6488
2024-01-06 21:00:00+00:00,2024-01-04 02:30:00+00:00,5873
2024-01-06 21:00:00+00:00,2024-01-04 04:30:00+00:00,5859
2024-01-06 21:00:00+00:00,2024-01-04 07:30:00+00:00,5516
2024-01-06 21:00:00+00:00,2024-01-04 09:30:00+00:00,5512
2024-01-06 21:00:00+00:00,2024-01-04 11:30:00+00:00,5516
2024-01-06 21:00:00+00:00,2024-01-04 15:30:00+00:00,5232
2024-01-06 21:00:00+00:00,2024-01-04 18:30:00+00:00,5197
2024-01-06 21:00:00+00:00,2024-01-04 22:30:00+00:00,5338
2024-01-06 21:00:00+00:00,2024-01-05 02:30:00+00:00,5341
2024-01-06 21:00:00+00:00,2024-01-05 04:30:00+00:00,5324
2024-01-06 21:00:00+00:00,2024-01-05 07:30:00+00:00,5784
2024-01-06 21:00:00+00:00,2024-01-05 09:30:00+00:00,5783
2024-01-06 21:00:00+00:00,2024-01-05 11:30:00+00:00,5784
2024-01-06 21:00:00+00:00,2024-01-05 15:30:00+00:00,6444
2024-01-06 21:00:00+00:00,2024-01-05 18:30:00+00:00,6493
2024-01-06 21:00:00+00:00,2024-01-05 22:30:00+00:00,6480
2024-01-06 21:00:00+00:00,2024-01-06 02:30:00+00:00,6271
2024-01-06 21:00:00+00:00,2024-01-06 04:30:00+00:00,6267
2024-01-06 21:00:00+00:00,2024-01-06 07:30:00+00:00,6039
2024-01-06 21:00:00+00:00,2024-01-06 09:30:00+00:00,6039
2024-01-06 21:00:00+00:00,2024-01-06 11:30:00+00:00,6031
2024-01-06 21:00:00+00:00,2024-01-06 15:30:00+00:00,6078
2024-01-06 21:00:00+00:00,2024-01-06 18:30:00+00:00,5924
2024-01-06 21:00:00+00:00,2024-01-06 22:30:00+00:00,5909
2024-01-06 22:00:00+00:00,2024-01-05 02:30:00+00:00,5111
2024-01-06 22:00:00+00:00,2024-01-05 04:30:00+00:00,5095
2024-01-06 22:00:00+00:00,2024-01-05 07:30:00+00:00,5382
2024-01-06 22:00:00+00:00,2024-01-05 09:30:00+00:00,5381
2024-01-06 22:00:00+00:00,2024-01-05 11:30:00+00:00,5345
2024-01-06 22:00:00+00:00,2024-01-05 15:30:00+00:00,6182
2024-01-06 22:00:00+00:00,2024-01-05 18:30:00+00:00,6386
2024-01-06 22:00:00+00:00,2024-01-05 22:30:00+00:00,6378
2024-01-06 22:00:00+00:00,2024-01-06 02:30:00+00:00,6255
2024-01-06 22:00:00+00:00,2024-01-06 04:30:00+00:00,6257
2024-01-06 22:00:00+00:00,2024-01-06 07:30:00+00:00,6042
2024-01-06 22:00:00+00:00,2024-01-06 09:30:00+00:00,6045
2024-01-06 22:00:00+00:00,2024-01-06 11:30:00+00:00,6021
2024-01-06 22:00:00+00:00,2024-01-06 15:30:00+00:00,6181
2024-01-06 22:00:00+00:00,2024-01-06 18:30:00+00:00,6014
2024-01-06 22:00:00+00:00,2024-01-06 22:30:00+00:00,5996
2024-01-06 23:00:00+00:00,2024-01-05 02:30:00+00:00,4892
2024-01-06 23:00:00+00:00,2024-01-05 04:30:00+00:00,4877
2024-01-06 23:00:00+00:00,2024-01-05 07:30:00+00:00,5264
2024-01-06 23:00:00+00:00,2024-01-05 09:30:00+00:00,5263
2024-01-06 23:00:00+00:00,2024-01-05 11:30:00+00:00,5210
2024-01-06 23:00:00+00:00,2024-01-05 15:30:00+00:00,6286
2024-01-06 23:00:00+00:00,2024-01-05 18:30:00+00:00,6439
2024-01-06 23:00:00+00:00,2024-01-05 22:30:00+00:00,6434
2024-01-06 23:00:00+00:00,2024-01-06 02:30:00+00:00,6239
2024-01-06 23:00:00+00:00,2024-01-06 04:30:00+00:00,6238
2024-01-06 23:00:00+00:00,2024-01-06 07:30:00+00:00,6023
2024-01-06 23:00:00+00:00,2024-01-06 09:30:00+00:00,6029
2024-01-06 23:00:00+00:00,2024-01-06 11:30:00+00:00,6019
2024-01-06 23:00:00+00:00,2024-01-06 15:30:00+00:00,6214
2024-01-06 23:00:00+00:00,2024-01-06 18:30:00+00:00,6163
2024-01-06 23:00:00+00:00,2024-01-06 22:30:00+00:00,6149
2024-01-07 00:00:00+00:00,2024-01-05 02:30:00+00:00,4686
2024-01-07 00:00:00+00:00,2024-01-05 04:30:00+00:00,4671
2024-01-07 00:00:00+00:00,2024-01-05 07:30:00+00:00,5152
2024-01-07 00:00:00+00:00,2024-01-05 09:30:00+00:00,5150
2024-01-07 00:00:00+00:00,2024-01-05 11:30:00+00:00,5117
2024-01-07 00:00:00+00:00,2024-01-05 15:30:00+00:00,6167
2024-01-07 00:00:00+00:00,2024-01-05 18:30:00+00:00,6340
2024-01-07 00:00:00+00:00,2024-01-05 22:30:00+00:00,6334
2024-01-07 00:00:00+00:00,2024-01-06 02:30:00+00:00,6157
2024-01-07 00:00:00+00:00,2024-01-06 04:30:00+00:00,6155
2024-01-07 00:00:00+00:00,2024-01-06 07:30:00+00:00,6013
2024-01-07 00:00:00+00:00,2024-01-06 09:30:00+00:00,6020
2024-01-07 00:00:00+00:00,2024-01-06 11:30:00+00:00,5995
2024-01-07 00:00:00+00:00,2024-01-06 15:30:00+00:00,6228
2024-01-07 00:00:00+00:00,2024-01-06 18:30:00+00:00,6228
2024-01-07 00:00:00+00:00,2024-01-06 22:30:00+00:00,6235
2024-01-07 01:00:00+00:00,2024-01-05 02:30:00+00:00,4551
2024-01-07 01:00:00+00:00,2024-01-05 04:30:00+00:00,4539
2024-01-07 01:00:00+00:00,2024-01-05 07:30:00+00:00,5096
2024-01-07 01:00:00+00:00,2024-01-05 09:30:00+00:00,5095
2024-01-07 01:00:00+00:00,2024-01-05 11:30:00+00:00,5045
2024-01-07 01:00:00+00:00,2024-01-05 15:30:00+00:00,6104
2024-01-07 01:00:00+00:00,2024-01-05 18:30:00+00:00,6397
2024-01-07 01:00:00+00:00,2024-01-05 22:30:00+00:00,6394
2024-01-07 01:00:00+00:00,2024-01-06 02:30:00+00:00,6236
2024-01-07 01:00:00+00:00,2024-01-06 04:30:00+00:00,6233
2024-01-07 01:00:00+00:00,2024-01-06 07:30:00+00:00,6063
2024-01-07 01:00:00+00:00,2024-01-06 09:30:00+00:00,6070
2024-01-07 01:00:00+00:00,2024-01-06 11:30:00+00:00,6049
2024-01-07 01:00:00+00:00,2024-01-06 15:30:00+00:00,6305
2024-01-07 01:00:00+00:00,2024-01-06 18:30:00+00:00,6278
2024-01-07 01:00:00+00:00,2024-01-06 22:30:00+00:00,6292
2024-01-07 02:00:00+00:00,2024-01-05 02:30:00+00:00,4423
2024-01-07 02:00:00+00:00,2024-01-05 04:30:00+00:00,4413
2024-01-07 02:00:00+00:00,2024-01-05 07:30:00+00:00,5043
2024-01-07 02:00:00+00:00,2024-01-05 09:30:00+00:00,5042
2024-01-07 02:00:00+00:00,2024-01-05 11:30:00+00:00,4998
2024-01-07 02:00:00+00:00,2024-01-05 15:30:00+00:00,5942
2024-01-07 02:00:00+00:00,2024-01-05 18:30:00+00:00,6226
2024-01-07 02:00:00+00:00,2024-01-05 22:30:00+00:00,6226
2024-01-07 02:00:00+00:00,2024-01-06 02:30:00+00:00,6155
2024-01-07 02:00:00+00:00,2024-01-06 04:30:00+00:00,6155
2024-01-07 02:00:00+00:00,2024-01-06 07:30:00+00:00,6087
2024-01-07 02:00:00+00:00,2024-01-06 09:30:00+00:00,6093
2024-01-07 02:00:00+00:00,2024-01-06 11:30:00+00:00,6078
2024-01-07 02:00:00+00:00,2024-01-06 15:30:00+00:00,6272
2024-01-07 02:00:00+00:00,2024-01-06 18:30:00+00:00,6301
2024-01-07 02:00:00+00:00,2024-01-06 22:30:00+00:00,6311
2024-01-07 03:00:00+00:00,2024-01-05 02:30:00+00:00,4302
2024-01-07 03:00:00+00:00,2024-01-05 04:30:00+00:00,4294
2024-01-07 03:00:00+00:00,2024-01-05 07:30:00+00:00,4992
2024-01-07 03:00:00+00:00,2024-01-05 09:30:00+00:00,4992
2024-01-07 03:00:00+00:00,2024-01-05 11:30:00+00:00,4959
2024-01-07 03:00:00+00:00,2024-01-05 15:30:00+00:00,5859
2024-01-07 03:00:00+00:00,2024-01-05 18:30:00+00:00,6084
2024-01-07 03:00:00+00:00,2024-01-05 22:30:00+00:00,6083
2024-01-07 03:00:00+00:00,2024-01-06 02:30:00+00:00,6005
2024-01-07 03:00:00+00:00,2024-01-06 04:30:00+00:00,6015
2024-01-07 03:00:00+00:00,2024-01-06 07:30:00+00:00,6164
2024-01-07 03:00:00+00:00,2024-01-06 09:30:00+00:00,6170
2024-01-07 03:00:00+00:00,2024-01-06 11:30:00+00:00,6152
2024-01-07 03:00:00+00:00,2024-01-06 15:30:00+00:00,6437
2024-01-07 03:00:00+00:00,2024-01-06 18:30:00+00:00,6271
2024-01-07 03:00:00+00:00,2024-01-06 22:30:00+00:00,6274
2024-01-07 04:00:00+00:00,2024-01-05 02:30:00+00:00,4185
2024-01-07 04:00:00+00:00,2024-01-05 04:30:00+00:00,4178
2024-01-07 04:00:00+00:00,2024-01-05 07:30:00+00:00,4910
2024-01-07 04:00:00+00:00,2024-01-05 09:30:00+00:00,4910
2024-01-07 04:00:00+00:00,2024-01-05 11:30:00+00:00,4891
2024-01-07 04:00:00+00:00,2024-01-05 15:30:00+00:00,5423
2024-01-07 04:00:00+00:00,2024-01-05 18:30:00+00:00,6111
2024-01-07 04:00:00+00:00,2024-01-05 22:30:00+00:00,6113
2024-01-07 04:00:00+00:00,2024-01-06 02:30:00+00:00,6015
2024-01-07 04:00:00+00:00,2024-01-06 04:30:00+00:00,6013
2024-01-07 04:00:00+00:00,2024-01-06 07:30:00+00:00,6035
2024-01-07 04:00:00+00:00,2024-01-06 09:30:00+00:00,6039
2024-01-07 04:00:00+00:00,2024-01-06 11:30:00+00:00,6020
2024-01-07 04:00:00+00:00,2024-01-06 15:30:00+00:00,6311
2024-01-07 04:00:00+00:00,2024-01-06 18:30:00+00:00,6361
2024-01-07 04:00:00+00:00,2024-01-06 22:30:00+00:00,6360
2024-01-07 05:00:00+00:00,2024-01-05 02:30:00+00:00,4071
2024-01-07 05:00:00+00:00,2024-01-05 04:30:00+00:00,4066
2024-01-07 05:00:00+00:00,2024-01-05 07:30:00+00:00,4832
2024-01-07 05:00:00+00:00,2024-01-05 09:30:00+00:00,4832
2024-01-07 05:00:00+00:00,2024-01-05 11:30:00+00:00,4824
2024-01-07 05:00:00+00:00,2024-01-05 15:30:00+00:00,5364
2024-01-07 05:00:00+00:00,2024-01-05 18:30:00+00:00,6022
2024-01-07 05:00:00+00:00,2024-01-05 22:30:00+00:00,6023
2024-01-07 05:00:00+00:00,2024-01-06 02:30:00+00:00,6004
2024-01-07 05:00:00+00:00,2024-01-06 04:30:00+00:00,6004
2024-01-07 05:00:00+00:00,2024-01-06 07:30:00+00:00,6028
2024-01-07 05:00:00+00:00,2024-01-06 09:30:00+00:00,6032
2024-01-07 05:00:00+00:00,2024-01-06 11:30:00+00:00,6025
2024-01-07 05:00:00+00:00,2024-01-06 15:30:00+00:00,6269
2024-01-07 05:00:00+00:00,2024-01-06 18:30:00+00:00,6322
2024-01-07 05:00:00+00:00,2024-01-06 22:30:00+00:00,6321
2024-01-07 06:00:00+00:00,2024-01-05 02:30:00+00:00,3962
2024-01-07 06:00:00+00:00,2024-01-05 04:30:00+00:00,3958
2024-01-07 06:00:00+00:00,2024-01-05 07:30:00+00:00,4758
2024-01-07 06:00:00+00:00,2024-01-05 09:30:00+00:00,4758
2024-01-07 06:00:00+00:00,2024-01-05 11:30:00+00:00,4760
2024-01-07 06:00:00+00:00,2024-01-05 15:30:00+00:00,5308
2024-01-07 06:00:00+00:00,2024-01-05 18:30:00+00:00,5958
2024-01-07 06:00:00+00:00,2024-01-05 22:30:00+00:00,5959
2024-01-07 06:00:00+00:00,2024-01-06 02:30:00+00:00,5952
2024-01-07 06:00:00+00:00,2024-01-06 04:30:00+00:00,5959
2024-01-07 06:00:00+00:00,2024-01-06 07:30:00+00:00,5982
2024-01-07 06:00:00+00:00,2024-01-06 09:30:00+00:00,5985
2024-01-07 06:00:00+00:00,2024-01-06 11:30:00+00:00,5974
2024-01-07 06:00:00+00:00,2024-01-06 15:30:00+00:00,6160
2024-01-07 06:00:00+00:00,2024-01-06 18:30:00+00:00,6167
2024-01-07 06:00:00+00:00,2024-01-06 22:30:00+00:00,6166
2024-01-07 07:00:00+00:00,2024-01-05 02:30:00+00:00,3821
2024-01-07 07:00:00+00:00,2024-01-05 04:30:00+00:00,3820
2024-01-07 07:00:00+00:00,2024-01-05 07:30:00+00:00,4654
2024-01-07 07:00:00+00:00,2024-01-05 09:30:00+00:00,4654
2024-01-07 07:00:00+00:00,2024-01-05 11:30:00+00:00,4658
2024-01-07 07:00:00+00:00,2024-01-05 15:30:00+00:00,5211
2024-01-07 07:00:00+00:00,2024-01-05 18:30:00+00:00,5784
2024-01-07 07:00:00+00:00,2024-01-05 22:30:00+00:00,5786
2024-01-07 07:00:00+00:00,2024-01-06 02:30:00+00:00,5822
2024-01-07 07:00:00+00:00,2024-01-06 04:30:00+00:00,5822
2024-01-07 07:00:00+00:00,2024-01-06 07:30:00+00:00,5860
2024-01-07 07:00:00+00:00,2024-01-06 09:30:00+00:00,5862
2024-01-07 07:00:00+00:00,2024-01-06 11:30:00+00:00,5861
2024-01-07 07:00:00+00:00,2024-01-06 15:30:00+00:00,5988
2024-01-07 07:00:00+00:00,2024-01-06 18:30:00+00:00,6023
2024-01-07 07:00:00+00:00,2024-01-06 22:30:00+00:00,6022
2024-01-07 08:00:00+00:00,2024-01-05 02:30:00+00:00,3686
2024-01-07 08:00:00+00:00,2024-01-05 04:30:00+00:00,3687
2024-01-07 08:00:00+00:00,2024-01-05 07:30:00+00:00,4554
2024-01-07 08:00:00+00:00,2024-01-05 09:30:00+00:00,4554
2024-01-07 08:00:00+00:00,2024-01-05 11:30:00+00:00,4560
2024-01-07 08:00:00+00:00,2024-01-05 15:30:00+00:00,5117
2024-01-07 08:00:00+00:00,2024-01-05 18:30:00+00:00,5619
2024-01-07 08:00:00+00:00,2024-01-05 22:30:00+00:00,5622
2024-01-07 08:00:00+00:00,2024-01-06 02:30:00+00:00,5616
2024-01-07 08:00:00+00:00,2024-01-06 04:30:00+00:00,5615
2024-01-07 08:00:00+00:00,2024-01-06 07:30:00+00:00,5686
2024-01-07 08:00:00+00:00,2024-01-06 09:30:00+00:00,5687
2024-01-07 08:00:00+00:00,2024-01-06 11:30:00+00:00,5683
2024-01-07 08:00:00+00:00,2024-01-06 15:30:00+00:00,5798
2024-01-07 08:00:00+00:00,2024-01-06 18:30:00+00:00,5768
2024-01-07 08:00:00+00:00,2024-01-06 22:30:00+00:00,5766
2024-01-07 09:00:00+00:00,2024-01-05 02:30:00+00:00,3556
2024-01-07 09:00:00+00:00,2024-01-05 04:30:00+00:00,3558
2024-01-07 09:00:00+00:00,2024-01-05 07:30:00+00:00,4459
2024-01-07 09:00:00+00:00,2024-01-05 09:30:00+00:00,4459
2024-01-07 09:00:00+00:00,2024-01-05 11:30:00+00:00,4467
2024-01-07 09:00:00+00:00,2024-01-05 15:30:00+00:00,5027
2024-01-07 09:00:00+00:00,2024-01-05 18:30:00+00:00,5424
2024-01-07 09:00:00+00:00,2024-01-05 22:30:00+00:00,5426
2024-01-07 09:00:00+00:00,2024-01-06 02:30:00+00:00,5413
2024-01-07 09:00:00+00:00,2024-01-06 04:30:00+00:00,5416
2024-01-07 09:00:00+00:00,2024-01-06 07:30:00+00:00,5498
2024-01-07 09:00:00+00:00,2024-01-06 09:30:00+00:00,5498
2024-01-07 09:00:00+00:00,2024-01-06 11:30:00+00:00,5493
2024-01-07 09:00:00+00:00,2024-01-06 15:30:00+00:00,5559
2024-01-07 09:00:00+00:00,2024-01-06 18:30:00+00:00,5574
2024-01-07 09:00:00+00:00,2024-01-06 22:30:00+00:00,5570
2024-01-07 10:00:00+00:00,2024-01-05 02:30:00+00:00,3458
2024-01-07 10:00:00+00:00,2024-01-05 04:30:00+00:00,3461
2024-01-07 10:00:00+00:00,2024-01-05 07:30:00+00:00,4378
2024-01-07 10:00:00+00:00,2024-01-05 09:30:00+00:00,4378
2024-01-07 10:00:00+00:00,2024-01-05 11:30:00+00:00,4386
2024-01-07 10:00:00+00:00,2024-01-05 15:30:00+00:00,4924
2024-01-07 10:00:00+00:00,2024-01-05 18:30:00+00:00,5049
2024-01-07 10:00:00+00:00,2024-01-05 22:30:00+00:00,5050
2024-01-07 10:00:00+00:00,2024-01-06 02:30:00+00:00,5135
2024-01-07 10:00:00+00:00,2024-01-06 04:30:00+00:00,5134
2024-01-07 10:00:00+00:00,2024-01-06 07:30:00+00:00,5249
2024-01-07 10:00:00+00:00,2024-01-06 09:30:00+00:00,5250
2024-01-07 10:00:00+00:00,2024-01-06 11:30:00+00:00,5247
2024-01-07 10:00:00+00:00,2024-01-06 15:30:00+00:00,5284
2024-01-07 10:00:00+00:00,2024-01-06 18:30:00+00:00,5276
2024-01-07 10:00:00+00:00,2024-01-06 22:30:00+00:00,5275
2024-01-07 11:00:00+00:00,2024-01-05 02:30:00+00:00,3361
2024-01-07 11:00:00+00:00,2024-01-05 04:30:00+00:00,3365
2024-01-07 11:00:00+00:00,2024-01-05 07:30:00+00:00,4298
2024-01-07 11:00:00+00:00,2024-01-05 09:30:00+00:00,4298
2024-01-07 11:00:00+00:00,2024-01-05 11:30:00+00:00,4306
2024-01-07 11:00:00+00:00,2024-01-05 15:30:00+00:00,4823
2024-01-07 11:00:00+00:00,2024-01-05 18:30:00+00:00,4899
2024-01-07 11:00:00+00:00,2024-01-05 22:30:00+00:00,4900
2024-01-07 11:00:00+00:00,2024-01-06 02:30:00+00:00,4890
2024-01-07 11:00:00+00:00,2024-01-06 04:30:00+00:00,4890
2024-01-07 11:00:00+00:00,2024-01-06 07:30:00+00:00,4982
2024-01-07 11:00:00+00:00,2024-01-06 09:30:00+00:00,4982
2024-01-07 11:00:00+00:00,2024-01-06 11:30:00+00:00,4979
2024-01-07 11:00:00+00:00,2024-01-06 15:30:00+00:00,4977
2024-01-07 11:00:00+00:00,2024-01-06 18:30:00+00:00,4899
2024-01-07 11:00:00+00:00,2024-01-06 22:30:00+00:00,4899
2024-01-07 12:00:00+00:00,2024-01-05 02:30:00+00:00,3265
2024-01-07 12:00:00+00:00,2024-01-05 04:30:00+00:00,3269
2024-01-07 12:00:00+00:00,2024-01-05 07:30:00+00:00,4219
2024-01-07 12:00:00+00:00,2024-01-05 09:30:00+00:00,4219
2024-01-07 12:00:00+00:00,2024-01-05 11:30:00+00:00,4227
2024-01-07 12:00:00+00:00,2024-01-05 15:30:00+00:00,4724
2024-01-07 12:00:00+00:00,2024-01-05 18:30:00+00:00,4751
2024-01-07 12:00:00+00:00,2024-01-05 22:30:00+00:00,4752
2024-01-07 12:00:00+00:00,2024-01-06 02:30:00+00:00,4651
2024-01-07 12:00:00+00:00,2024-01-06 04:30:00+00:00,4650
2024-01-07 12:00:00+00:00,2024-01-06 07:30:00+00:00,4720
2024-01-07 12:00:00+00:00,2024-01-06 09:30:00+00:00,4721
2024-01-07 12:00:00+00:00,2024-01-06 11:30:00+00:00,4716
2024-01-07 12:00:00+00:00,2024-01-06 15:30:00+00:00,4763
2024-01-07 12:00:00+00:00,2024-01-06 18:30:00+00:00,4657
2024-01-07 12:00:00+00:00,2024-01-06 22:30:00+00:00,4657
2024-01-07 13:00:00+00:00,2024-01-05 02:30:00+00:00,3315
2024-01-07 13:00:00+00:00,2024-01-05 04:30:00+00:00,3320
2024-01-07 13:00:00+00:00,2024-01-05 07:30:00+00:00,4309
2024-01-07 13:00:00+00:00,2024-01-05 09:30:00+00:00,4310
2024-01-07 13:00:00+00:00,2024-01-05 11:30:00+00:00,4318
2024-01-07 13:00:00+00:00,2024-01-05 15:30:00+00:00,4794
2024-01-07 13:00:00+00:00,2024-01-05 18:30:00+00:00,4772
2024-01-07 13:00:00+00:00,2024-01-05 22:30:00+00:00,4773
2024-01-07 13:00:00+00:00,2024-01-06 02:30:00+00:00,4551
2024-01-07 13:00:00+00:00,2024-01-06 04:30:00+00:00,4552
2024-01-07 13:00:00+00:00,2024-01-06 07:30:00+00:00,4595
2024-01-07 13:00:00+00:00,2024-01-06 09:30:00+00:00,4595
2024-01-07 13:00:00+00:00,2024-01-06 11:30:00+00:00,4598
2024-01-07 13:00:00+00:00,2024-01-06 15:30:00+00:00,4605
2024-01-07 13:00:00+00:00,2024-01-06 18:30:00+00:00,4557
2024-01-07 13:00:00+00:00,2024-01-06 22:30:00+00:00,4556
2024-01-07 14:00:00+00:00,2024-01-05 02:30:00+00:00,3371
2024-01-07 14:00:00+00:00,2024-01-05 04:30:00+00:00,3375
2024-01-07 14:00:00+00:00,2024-01-05 07:30:00+00:00,4407
2024-01-07 14:00:00+00:00,2024-01-05 09:30:00+00:00,4407
2024-01-07 14:00:00+00:00,2024-01-05 11:30:00+00:00,4415
2024-01-07 14:00:00+00:00,2024-01-05 15:30:00+00:00,4868
2024-01-07 14:00:00+00:00,2024-01-05 18:30:00+00:00,4796
2024-01-07 14:00:00+00:00,2024-01-05 22:30:00+00:00,4796
2024-01-07 14:00:00+00:00,2024-01-06 02:30:00+00:00,4497
2024-01-07 14:00:00+00:00,2024-01-06 04:30:00+00:00,4497
2024-01-07 14:00:00+00:00,2024-01-06 07:30:00+00:00,4516
2024-01-07 14:00:00+00:00,2024-01-06 09:30:00+00:00,4516
2024-01-07 14:00:00+00:00,2024-01-06 11:30:00+00:00,4515
2024-01-07 14:00:00+00:00,2024-01-06 15:30:00+00:00,4547
2024-01-07 14:00:00+00:00,2024-01-06 18:30:00+00:00,4475
2024-01-07 14:00:00+00:00,2024-01-06 22:30:00+00:00,4474
2024-01-07 15:00:00+00:00,2024-01-05 02:30:00+00:00,3431
2024-01-07 15:00:00+00:00,2024-01-05 04:30:00+00:00,3435
2024-01-07 15:00:00+00:00,2024-01-05 07:30:00+00:00,4509
2024-01-07 15:00:00+00:00,2024-01-05 09:30:00+00:00,4511
2024-01-07 15:00:00+00:00,2024-01-05 11:30:00+00:00,4518
2024-01-07 15:00:00+00:00,2024-01-05 15:30:00+00:00,4946
2024-01-07 15:00:00+00:00,2024-01-05 18:30:00+00:00,4822
2024-01-07 15:00:00+00:00,2024-01-05 22:30:00+00:00,4822
2024-01-07 15:00:00+00:00,2024-01-06 02:30:00+00:00,4520
2024-01-07 15:00:00+00:00,2024-01-06 04:30:00+00:00,4522
2024-01-07 15:00:00+00:00,2024-01-06 07:30:00+00:00,4509
2024-01-07 15:00:00+00:00,2024-01-06 09:30:00+00:00,4510
2024-01-07 15:00:00+00:00,2024-01-06 11:30:00+00:00,4509
2024-01-07 15:00:00+00:00,2024-01-06 15:30:00+00:00,4542
2024-01-07 15:00:00+00:00,2024-01-06 18:30:00+00:00,4458
2024-01-07 15:00:00+00:00,2024-01-06 22:30:00+00:00,4459
2024-01-07 16:00:00+00:00,2024-01-05 02:30:00+00:00,3660
2024-01-07 16:00:00+00:00,2024-01-05 04:30:00+00:00,3664
2024-01-07 16:00:00+00:00,2024-01-05 07:30:00+00:00,4816
2024-01-07 16:00:00+00:00,2024-01-05 09:30:00+00:00,4817
2024-01-07 16:00:00+00:00,2024-01-05 11:30:00+00:00,4826
2024-01-07 16:00:00+00:00,2024-01-05 15:30:00+00:00,5231
2024-01-07 16:00:00+00:00,2024-01-05 18:30:00+00:00,5055
2024-01-07 16:00:00+00:00,2024-01-05 22:30:00+00:00,5055
2024-01-07 16:00:00+00:00,2024-01-06 02:30:00+00:00,5111
2024-01-07 16:00:00+00:00,2024-01-06 04:30:00+00:00,5110
2024-01-07 16:00:00+00:00,2024-01-06 07:30:00+00:00,4690
2024-01-07 16:00:00+00:00,2024-01-06 09:30:00+00:00,4692
2024-01-07 16:00:00+00:00,2024-01-06 11:30:00+00:00,4689
2024-01-07 16:00:00+00:00,2024-01-06 15:30:00+00:00,4601
2024-01-07 16:00:00+00:00,2024-01-06 18:30:00+00:00,4470
2024-01-07 16:00:00+00:00,2024-01-06 22:30:00+00:00,4471
2024-01-07 17:00:00+00:00,2024-01-05 02:30:00+00:00,3914
2024-01-07 17:00:00+00:00,2024-01-05 04:30:00+00:00,3918
2024-01-07 17:00:00+00:00,2024-01-05 07:30:00+00:00,5144
2024-01-07 17:00:00+00:00,2024-01-05 09:30:00+00:00,5145
2024-01-07 17:00:00+00:00,2024-01-05 11:30:00+00:00,5155
2024-01-07 17:00:00+00:00,2024-01-05 15:30:00+00:00,5528
2024-01-07 17:00:00+00:00,2024-01-05 18:30:00+00:00,5301
2024-01-07 17:00:00+00:00,2024-01-05 22:30:00+00:00,5299
2024-01-07 17:00:00+00:00,2024-01-06 02:30:00+00:00,5335
2024-01-07 17:00:00+00:00,2024-01-06 04:30:00+00:00,5331
2024-01-07 17:00:00+00:00,2024-01-06 07:30:00+00:00,4835
2024-01-07 17:00:00+00:00,2024-01-06 09:30:00+00:00,4841
2024-01-07 17:00:00+00:00,2024-01-06 11:30:00+00:00,4840
2024-01-07 17:00:00+00:00,2024-01-06 15:30:00+00:00,4650
2024-01-07 17:00:00+00:00,2024-01-06 18:30:00+00:00,4450
2024-01-07 17:00:00+00:00,2024-01-06 22:30:00+00:00,4456
2024-01-07 18:00:00+00:00,2024-01-05 02:30:00+00:00,4194
2024-01-07 18:00:00+00:00,2024-01-05 04:30:00+00:00,4198
2024-01-07 18:00:00+00:00,2024-01-05 07:30:00+00:00,5488
2024-01-07 18:00:00+00:00,2024-01-05 09:30:00+00:00,5490
2024-01-07 18:00:00+00:00,2024-01-05 11:30:00+00:00,5501
2024-01-07 18:00:00+00:00,2024-01-05 15:30:00+00:00,5837
2024-01-07 18:00:00+00:00,2024-01-05 18:30:00+00:00,5558
2024-01-07 18:00:00+00:00,2024-01-05 22:30:00+00:00,5554
2024-01-07 18:00:00+00:00,2024-01-06 02:30:00+00:00,5567
2024-01-07 18:00:00+00:00,2024-01-06 04:30:00+00:00,5560
2024-01-07 18:00:00+00:00,2024-01-06 07:30:00+00:00,4990
2024-01-07 18:00:00+00:00,2024-01-06 09:30:00+00:00,4993
2024-01-07 18:00:00+00:00,2024-01-06 11:30:00+00:00,4971
2024-01-07 18:00:00+00:00,2024-01-06 15:30:00+00:00,4713
2024-01-07 18:00:00+00:00,2024-01-06 18:30:00+00:00,4530
2024-01-07 18:00:00+00:00,2024-01-06 22:30:00+00:00,4535
2024-01-07 19:00:00+00:00,2024-01-05 02:30:00+00:00,4445
2024-01-07 19:00:00+00:00,2024-01-05 04:30:00+00:00,4449
2024-01-07 19:00:00+00:00,2024-01-05 07:30:00+00:00,5752
2024-01-07 19:00:00+00:00,2024-01-05 09:30:00+00:00,5753
2024-01-07 19:00:00+00:00,2024-01-05 11:30:00+00:00,5763
2024-01-07 19:00:00+00:00,2024-01-05 15:30:00+00:00,6109
2024-01-07 19:00:00+00:00,2024-01-05 18:30:00+00:00,5779
2024-01-07 19:00:00+00:00,2024-01-05 22:30:00+00:00,5775
2024-01-07 19:00:00+00:00,2024-01-06 02:30:00+00:00,5745
2024-01-07 19:00:00+00:00,2024-01-06 04:30:00+00:00,5736
2024-01-07 19:00:00+00:00,2024-01-06 07:30:00+00:00,5082
2024-01-07 19:00:00+00:00,2024-01-06 09:30:00+00:00,5091
2024-01-07 19:00:00+00:00,2024-01-06 11:30:00+00:00,5094
2024-01-07 19:00:00+00:00,2024-01-06 15:30:00+00:00,4796
2024-01-07 19:00:00+00:00,2024-01-06 18:30:00+00:00,4538
2024-01-07 19:00:00+00:00,2024-01-06 22:30:00+00:00,4545
2024-01-07 20:00:00+00:00,2024-01-05 02:30:00+00:00,4716
2024-01-07 20:00:00+00:00,2024-01-05 04:30:00+00:00,4721
2024-01-07 20:00:00+00:00,2024-01-05 07:30:00+00:00,6024
2024-01-07 20:00:00+00:00,2024-01-05 09:30:00+00:00,6025
2024-01-07 20:00:00+00:00,2024-01-05 11:30:00+00:00,6033
2024-01-07 20:00:00+00:00,2024-01-05 15:30:00+00:00,6390
2024-01-07 20:00:00+00:00,2024-01-05 18:30:00+00:00,6011
2024-01-07 20:00:00+00:00,2024-01-05 22:30:00+00:00,6005
2024-01-07 20:00:00+00:00,2024-01-06 02:30:00+00:00,5929
2024-01-07 20:00:00+00:00,2024-01-06 04:30:00+00:00,5919
2024-01-07 20:00:00+00:00,2024-01-06 07:30:00+00:00,5129
2024-01-07 20:00:00+00:00,2024-01-06 09:30:00+00:00,5138
2024-01-07 20:00:00+00:00,2024-01-06 11:30:00+00:00,5135
2024-01-07 20:00:00+00:00,2024-01-06 15:30:00+00:00,4815
2024-01-07 20:00:00+00:00,2024-01-06 18:30:00+00:00,4588
2024-01-07 20:00:00+00:00,2024-01-06 22:30:00+00:00,4591
2024-01-07 21:00:00+00:00,2024-01-05 02:30:00+00:00,5006
2024-01-07 21:00:00+00:00,2024-01-05 04:30:00+00:00,5011
2024-01-07 21:00:00+00:00,2024-01-05 07:30:00+00:00,6301
2024-01-07 21:00:00+00:00,2024-01-05 09:30:00+00:00,6302
2024-01-07 21:00:00+00:00,2024-01-05 11:30:00+00:00,6309
2024-01-07 21:00:00+00:00,2024-01-05 15:30:00+00:00,6679
2024-01-07 21:00:00+00:00,2024-01-05 18:30:00+00:00,6252
2024-01-07 21:00:00+00:00,2024-01-05 22:30:00+00:00,6245
2024-01-07 21:00:00+00:00,2024-01-06 02:30:00+00:00,6121
2024-01-07 21:00:00+00:00,2024-01-06 04:30:00+00:00,6109
2024-01-07 21:00:00+00:00,2024-01-06 07:30:00+00:00,5310
2024-01-07 21:00:00+00:00,2024-01-06 09:30:00+00:00,5315
2024-01-07 21:00:00+00:00,2024-01-06 11:30:00+00:00,5274
2024-01-07 21:00:00+00:00,2024-01-06 15:30:00+00:00,4984
2024-01-07 21:00:00+00:00,2024-01-06 18:30:00+00:00,4677
2024-01-07 21:00:00+00:00,2024-01-06 22:30:00+00:00,4682
2024-01-07 21:00:00+00:00,2024-01-07 02:30:00+00:00,4664
2024-01-07 21:00:00+00:00,2024-01-07 04:30:00+00:00,4685
2024-01-07 21:00:00+00:00,2024-01-07 07:30:00+00:00,4611
2024-01-07 21:00:00+00:00,2024-01-07 09:30:00+00:00,4611
2024-01-07 21:00:00+00:00,2024-01-07 11:30:00+00:00,4612
2024-01-07 21:00:00+00:00,2024-01-07 15:30:00+00:00,4467
2024-01-07 21:00:00+00:00,2024-01-07 18:30:00+00:00,4138
2024-01-07 21:00:00+00:00,2024-01-07 22:30:00+00:00,4162
2024-01-07 22:00:00+00:00,2024-01-06 02:30:00+00:00,6249
2024-01-07 22:00:00+00:00,2024-01-06 04:30:00+00:00,6235
2024-01-07 22:00:00+00:00,2024-01-06 07:30:00+00:00,5721
2024-01-07 22:00:00+00:00,2024-01-06 09:30:00+00:00,5722
2024-01-07 22:00:00+00:00,2024-01-06 11:30:00+00:00,5580
2024-01-07 22:00:00+00:00,2024-01-06 15:30:00+00:00,4975
2024-01-07 22:00:00+00:00,2024-01-06 18:30:00+00:00,4670
2024-01-07 22:00:00+00:00,2024-01-06 22:30:00+00:00,4673
2024-01-07 22:00:00+00:00,2024-01-07 02:30:00+00:00,4787
2024-01-07 22:00:00+00:00,2024-01-07 04:30:00+00:00,4808
2024-01-07 22:00:00+00:00,2024-01-07 07:30:00+00:00,4586
2024-01-07 22:00:00+00:00,2024-01-07 09:30:00+00:00,4588
2024-01-07 22:00:00+00:00,2024-01-07 11:30:00+00:00,4586
2024-01-07 22:00:00+00:00,2024-01-07 15:30:00+00:00,4342
2024-01-07 22:00:00+00:00,2024-01-07 18:30:00+00:00,4075
2024-01-07 22:00:00+00:00,2024-01-07 22:30:00+00:00,4098
2024-01-07 23:00:00+00:00,2024-01-06 02:30:00+00:00,6378
2024-01-07 23:00:00+00:00,2024-01-06 04:30:00+00:00,6363
2024-01-07 23:00:00+00:00,2024-01-06 07:30:00+00:00,5876
2024-01-07 23:00:00+00:00,2024-01-06 09:30:00+00:00,5876
2024-01-07 23:00:00+00:00,2024-01-06 11:30:00+00:00,5699
2024-01-07 23:00:00+00:00,2024-01-06 15:30:00+00:00,5060
2024-01-07 23:00:00+00:00,2024-01-06 18:30:00+00:00,4793
2024-01-07 23:00:00+00:00,2024-01-06 22:30:00+00:00,4791
2024-01-07 23:00:00+00:00,2024-01-07 02:30:00+00:00,4959
2024-01-07 23:00:00+00:00,2024-01-07 04:30:00+00:00,4981
2024-01-07 23:00:00+00:00,2024-01-07 07:30:00+00:00,4789
2024-01-07 23:00:00+00:00,2024-01-07 09:30:00+00:00,4791
2024-01-07 23:00:00+00:00,2024-01-07 11:30:00+00:00,4778
2024-01-07 23:00:00+00:00,2024-01-07 15:30:00+00:00,4566
2024-01-07 23:00:00+00:00,2024-01-07 18:30:00+00:00,4252
2024-01-07 23:00:00+00:00,2024-01-07 22:30:00+00:00,4245
2024-01-08 00:00:00+00:00,2024-01-06 02:30:00+00:00,6510
2024-01-08 00:00:00+00:00,2024-01-06 04:30:00+00:00,6494
2024-01-08 00:00:00+00:00,2024-01-06 07:30:00+00:00,6028
2024-01-08 00:00:00+00:00,2024-01-06 09:30:00+00:00,6026
2024-01-08 00:00:00+00:00,2024-01-06 11:30:00+00:00,5925
2024-01-08 00:00:00+00:00,2024-01-06 15:30:00+00:00,5382
2024-01-08 00:00:00+00:00,2024-01-06 18:30:00+00:00,5184
2024-01-08 00:00:00+00:00,2024-01-06 22:30:00+00:00,5176
2024-01-08 00:00:00+00:00,2024-01-07 02:30:00+00:00,5323
2024-01-08 00:00:00+00:00,2024-01-07 04:30:00+00:00,5338
2024-01-08 00:00:00+00:00,2024-01-07 07:30:00+00:00,5023
2024-01-08 00:00:00+00:00,2024-01-07 09:30:00+00:00,5023
2024-01-08 00:00:00+00:00,2024-01-07 11:30:00+00:00,4999
2024-01-08 00:00:00+00:00,2024-01-07 15:30:00+00:00,4943
2024-01-08 00:00:00+00:00,2024-01-07 18:30:00+00:00,4593
2024-01-08 00:00:00+00:00,2024-01-07 22:30:00+00:00,4578
2024-01-08 01:00:00+00:00,2024-01-06 02:30:00+00:00,6650
2024-01-08 01:00:00+00:00,2024-01-06 04:30:00+00:00,6632
2024-01-08 01:00:00+00:00,2024-01-06 07:30:00+00:00,6221
2024-01-08 01:00:00+00:00,2024-01-06 09:30:00+00:00,6219
2024-01-08 01:00:00+00:00,2024-01-06 11:30:00+00:00,6034
2024-01-08 01:00:00+00:00,2024-01-06 15:30:00+00:00,5454
2024-01-08 01:00:00+00:00,2024-01-06 18:30:00+00:00,5376
2024-01-08 01:00:00+00:00,2024-01-06 22:30:00+00:00,5376
2024-01-08 01:00:00+00:00,2024-01-07 02:30:00+00:00,5548
2024-01-08 01:00:00+00:00,2024-01-07 04:30:00+00:00,5551
2024-01-08 01:00:00+00:00,2024-01-07 07:30:00+00:00,5340
2024-01-08 01:00:00+00:00,2024-01-07 09:30:00+00:00,5339
2024-01-08 01:00:00+00:00,2024-01-07 11:30:00+00:00,5304
2024-01-08 01:00:00+00:00,2024-01-07 15:30:00+00:00,5280
2024-01-08 01:00:00+00:00,2024-01-07 18:30:00+00:00,4819
2024-01-08 01:00:00+00:00,2024-01-07 22:30:00+00:00,4805
2024-01-08 02:00:00+00:00,2024-01-06 02:30:00+00:00,6786
2024-01-08 02:00:00+00:00,2024-01-06 04:30:00+00:00,6767
2024-01-08 02:00:00+00:00,2024-01-06 07:30:00+00:00,6409
2024-01-08 02:00:00+00:00,2024-01-06 09:30:00+00:00,6408
2024-01-08 02:00:00+00:00,2024-01-06 11:30:00+00:00,6230
2024-01-08 02:00:00+00:00,2024-01-06 15:30:00+00:00,5816
2024-01-08 02:00:00+00:00,2024-01-06 18:30:00+00:00,5729
2024-01-08 02:00:00+00:00,2024-01-06 22:30:00+00:00,5739
2024-01-08 02:00:00+00:00,2024-01-07 02:30:00+00:00,5891
2024-01-08 02:00:00+00:00,2024-01-07 04:30:00+00:00,5899
2024-01-08 02:00:00+00:00,2024-01-07 07:30:00+00:00,5670
2024-01-08 02:00:00+00:00,2024-01-07 09:30:00+00:00,5670
2024-01-08 02:00:00+00:00,2024-01-07 11:30:00+00:00,5653
2024-01-08 02:00:00+00:00,2024-01-07 15:30:00+00:00,5573
2024-01-08 02:00:00+00:00,2024-01-07 18:30:00+00:00,5105
2024-01-08 02:00:00+00:00,2024-01-07 22:30:00+00:00,5087
2024-01-08 03:00:00+00:00,2024-01-06 02:30:00+00:00,6920
2024-01-08 03:00:00+00:00,2024-01-06 04:30:00+00:00,6899
2024-01-08 03:00:00+00:00,2024-01-06 07:30:00+00:00,6593
2024-01-08 03:00:00+00:00,2024-01-06 09:30:00+00:00,6591
2024-01-08 03:00:00+00:00,2024-01-06 11:30:00+00:00,6508
2024-01-08 03:00:00+00:00,2024-01-06 15:30:00+00:00,5996
2024-01-08 03:00:00+00:00,2024-01-06 18:30:00+00:00,5906
2024-01-08 03:00:00+00:00,2024-01-06 22:30:00+00:00,5904
2024-01-08 03:00:00+00:00,2024-01-07 02:30:00+00:00,6036
2024-01-08 03:00:00+00:00,2024-01-07 04:30:00+00:00,6042
2024-01-08 03:00:00+00:00,2024-01-07 07:30:00+00:00,5865
2024-01-08 03:00:00+00:00,2024-01-07 09:30:00+00:00,5865
2024-01-08 03:00:00+00:00,2024-01-07 11:30:00+00:00,5841
2024-01-08 03:00:00+00:00,2024-01-07 15:30:00+00:00,5802
2024-01-08 03:00:00+00:00,2024-01-07 18:30:00+00:00,5482
2024-01-08 03:00:00+00:00,2024-01-07 22:30:00+00:00,5479
2024-01-08 04:00:00+00:00,2024-01-06 02:30:00+00:00,7131
2024-01-08 04:00:00+00:00,2024-01-06 04:30:00+00:00,7112
2024-01-08 04:00:00+00:00,2024-01-06 07:30:00+00:00,6810
2024-01-08 04:00:00+00:00,2024-01-06 09:30:00+00:00,6809
2024-01-08 04:00:00+00:00,2024-01-06 11:30:00+00:00,6764
2024-01-08 04:00:00+00:00,2024-01-06 15:30:00+00:00,7012
2024-01-08 04:00:00+00:00,2024-01-06 18:30:00+00:00,6387
2024-01-08 04:00:00+00:00,2024-01-06 22:30:00+00:00,6389
2024-01-08 04:00:00+00:00,2024-01-07 02:30:00+00:00,6442
2024-01-08 04:00:00+00:00,2024-01-07 04:30:00+00:00,6449
2024-01-08 04:00:00+00:00,2024-01-07 07:30:00+00:00,6272
2024-01-08 04:00:00+00:00,2024-01-07 09:30:00+00:00,6272
2024-01-08 04:00:00+00:00,2024-01-07 11:30:00+00:00,6242
2024-01-08 04:00:00+00:00,2024-01-07 15:30:00+00:00,6258
2024-01-08 04:00:00+00:00,2024-01-07 18:30:00+00:00,5780
2024-01-08 04:00:00+00:00,2024-01-07 22:30:00+00:00,5772
2024-01-08 05:00:00+00:00,2024-01-06 02:30:00+00:00,7336
2024-01-08 05:00:00+00:00,2024-01-06 04:30:00+00:00,7318
2024-01-08 05:00:00+00:00,2024-01-06 07:30:00+00:00,7022
2024-01-08 05:00:00+00:00,2024-01-06 09:30:00+00:00,7021
2024-01-08 05:00:00+00:00,2024-01-06 11:30:00+00:00,7001
2024-01-08 05:00:00+00:00,2024-01-06 15:30:00+00:00,7256
2024-01-08 05:00:00+00:00,2024-01-06 18:30:00+00:00,6757
2024-01-08 05:00:00+00:00,2024-01-06 22:30:00+00:00,6775
2024-01-08 05:00:00+00:00,2024-01-07 02:30:00+00:00,6822
2024-01-08 05:00:00+00:00,2024-01-07 04:30:00+00:00,6824
2024-01-08 05:00:00+00:00,2024-01-07 07:30:00+00:00,6650
2024-01-08 05:00:00+00:00,2024-01-07 09:30:00+00:00,6653
2024-01-08 05:00:00+00:00,2024-01-07 11:30:00+00:00,6651
2024-01-08 05:00:00+00:00,2024-01-07 15:30:00+00:00,6762
2024-01-08 05:00:00+00:00,2024-01-07 18:30:00+00:00,6483
2024-01-08 05:00:00+00:00,2024-01-07 22:30:00+00:00,6485
2024-01-08 06:00:00+00:00,2024-01-06 02:30:00+00:00,7535
2024-01-08 06:00:00+00:00,2024-01-06 04:30:00+00:00,7518
2024-01-08 06:00:00+00:00,2024-01-06 07:30:00+00:00,7227
2024-01-08 06:00:00+00:00,2024-01-06 09:30:00+00:00,7226
2024-01-08 06:00:00+00:00,2024-01-06 11:30:00+00:00,7225
2024-01-08 06:00:00+00:00,2024-01-06 15:30:00+00:00,7484
2024-01-08 06:00:00+00:00,2024-01-06 18:30:00+00:00,6987
2024-01-08 06:00:00+00:00,2024-01-06 22:30:00+00:00,6989
2024-01-08 06:00:00+00:00,2024-01-07 02:30:00+00:00,6979
2024-01-08 06:00:00+00:00,2024-01-07 04:30:00+00:00,6991
2024-01-08 06:00:00+00:00,2024-01-07 07:30:00+00:00,6884
2024-01-08 06:00:00+00:00,2024-01-07 09:30:00+00:00,6887
2024-01-08 06:00:00+00:00,2024-01-07 11:30:00+00:00,6901
2024-01-08 06:00:00+00:00,2024-01-07 15:30:00+00:00,7104
2024-01-08 06:00:00+00:00,2024-01-07 18:30:00+00:00,6951
2024-01-08 06:00:00+00:00,2024-01-07 22:30:00+00:00,6950
2024-01-08 07:00:00+00:00,2024-01-06 02:30:00+00:00,7584
2024-01-08 07:00:00+00:00,2024-01-06 04:30:00+00:00,7568
2024-01-08 07:00:00+00:00,2024-01-06 07:30:00+00:00,7277
2024-01-08 07:00:00+00:00,2024-01-06 09:30:00+00:00,7276
2024-01-08 07:00:00+00:00,2024-01-06 11:30:00+00:00,7275
2024-01-08 07:00:00+00:00,2024-01-06 15:30:00+00:00,7564
2024-01-08 07:00:00+00:00,2024-01-06 18:30:00+00:00,7048
2024-01-08 07:00:00+00:00,2024-01-06 22:30:00+00:00,7059
2024-01-08 07:00:00+00:00,2024-01-07 02:30:00+00:00,7092
2024-01-08 07:00:00+00:00,2024-01-07 04:30:00+00:00,7095
2024-01-08 07:00:00+00:00,2024-01-07 07:30:00+00:00,7080
2024-01-08 07:00:00+00:00,2024-01-07 09:30:00+00:00,7088
2024-01-08 07:00:00+00:00,2024-01-07 11:30:00+00:00,7096
2024-01-08 07:00:00+00:00,2024-01-07 15:30:00+00:00,7334
2024-01-08 07:00:00+00:00,2024-01-07 18:30:00+00:00,7283
2024-01-08 07:00:00+00:00,2024-01-07 22:30:00+00:00,7285
2024-01-08 08:00:00+00:00,2024-01-06 02:30:00+00:00,7635
2024-01-08 08:00:00+00:00,2024-01-06 04:30:00+00:00,7621
2024-01-08 08:00:00+00:00,2024-01-06 07:30:00+00:00,7329
2024-01-08 08:00:00+00:00,2024-01-06 09:30:00+00:00,7327
2024-01-08 08:00:00+00:00,2024-01-06 11:30:00+00:00,7325
2024-01-08 08:00:00+00:00,2024-01-06 15:30:00+00:00,7645
2024-01-08 08:00:00+00:00,2024-01-06 18:30:00+00:00,7191
2024-01-08 08:00:00+00:00,2024-01-06 22:30:00+00:00,7207
2024-01-08 08:00:00+00:00,2024-01-07 02:30:00+00:00,7339
2024-01-08 08:00:00+00:00,2024-01-07 04:30:00+00:00,7341
2024-01-08 08:00:00+00:00,2024-01-07 07:30:00+00:00,7388
2024-01-08 08:00:00+00:00,2024-01-07 09:30:00+00:00,7398
2024-01-08 08:00:00+00:00,2024-01-07 11:30:00+00:00,7415
2024-01-08 08:00:00+00:00,2024-01-07 15:30:00+00:00,7810
2024-01-08 08:00:00+00:00,2024-01-07 18:30:00+00:00,7960
2024-01-08 08:00:00+00:00,2024-01-07 22:30:00+00:00,7963
2024-01-08 09:00:00+00:00,2024-01-06 02:30:00+00:00,7689
2024-01-08 09:00:00+00:00,2024-01-06 04:30:00+00:00,7675
2024-01-08 09:00:00+00:00,2024-01-06 07:30:00+00:00,7381
2024-01-08 09:00:00+00:00,2024-01-06 09:30:00+00:00,7379
2024-01-08 09:00:00+00:00,2024-01-06 11:30:00+00:00,7377
2024-01-08 09:00:00+00:00,2024-01-06 15:30:00+00:00,7728
2024-01-08 09:00:00+00:00,2024-01-06 18:30:00+00:00,7352
2024-01-08 09:00:00+00:00,2024-01-06 22:30:00+00:00,7361
2024-01-08 09:00:00+00:00,2024-01-07 02:30:00+00:00,7518
2024-01-08 09:00:00+00:00,2024-01-07 04:30:00+00:00,7546
2024-01-08 09:00:00+00:00,2024-01-07 07:30:00+00:00,7584
2024-01-08 09:00:00+00:00,2024-01-07 09:30:00+00:00,7590
2024-01-08 09:00:00+00:00,2024-01-07 11:30:00+00:00,7573
2024-01-08 09:00:00+00:00,2024-01-07 15:30:00+00:00,8079
2024-01-08 09:00:00+00:00,2024-01-07 18:30:00+00:00,8403
2024-01-08 09:00:00+00:00,2024-01-07 22:30:00+00:00,8404
2024-01-08 10:00:00+00:00,2024-01-06 02:30:00+00:00,7573
2024-01-08 10:00:00+00:00,2024-01-06 04:30:00+00:00,7562
2024-01-08 10:00:00+00:00,2024-01-06 07:30:00+00:00,7282
2024-01-08 10:00:00+00:00,2024-01-06 09:30:00+00:00,7280
2024-01-08 10:00:00+00:00,2024-01-06 11:30:00+00:00,7277
2024-01-08 10:00:00+00:00,2024-01-06 15:30:00+00:00,7709
2024-01-08 10:00:00+00:00,2024-01-06 18:30:00+00:00,7720
2024-01-08 10:00:00+00:00,2024-01-06 22:30:00+00:00,7722
2024-01-08 10:00:00+00:00,2024-01-07 02:30:00+00:00,7727
2024-01-08 10:00:00+00:00,2024-01-07 04:30:00+00:00,7728
2024-01-08 10:00:00+00:00,2024-01-07 07:30:00+00:00,7819
2024-01-08 10:00:00+00:00,2024-01-07 09:30:00+00:00,7822
2024-01-08 10:00:00+00:00,2024-01-07 11:30:00+00:00,7819
2024-01-08 10:00:00+00:00,2024-01-07 15:30:00+00:00,8401
2024-01-08 10:00:00+00:00,2024-01-07 18:30:00+00:00,8783
2024-01-08 10:00:00+00:00,2024-01-07 22:30:00+00:00,8785
2024-01-08 11:00:00+00:00,2024-01-06 02:30:00+00:00,7450
2024-01-08 11:00:00+00:00,2024-01-06 04:30:00+00:00,7442
2024-01-08 11:00:00+00:00,2024-01-06 07:30:00+00:00,7178
2024-01-08 11:00:00+00:00,2024-01-06 09:30:00+00:00,7176
2024-01-08 11:00:00+00:00,2024-01-06 11:30:00+00:00,7172
2024-01-08 11:00:00+00:00,2024-01-06 15:30:00+00:00,7688
2024-01-08 11:00:00+00:00,2024-01-06 18:30:00+00:00,7773
2024-01-08 11:00:00+00:00,2024-01-06 22:30:00+00:00,7772
2024-01-08 11:00:00+00:00,2024-01-07 02:30:00+00:00,7815
2024-01-08 11:00:00+00:00,2024-01-07 04:30:00+00:00,7814
2024-01-08 11:00:00+00:00,2024-01-07 07:30:00+00:00,7873
2024-01-08 11:00:00+00:00,2024-01-07 09:30:00+00:00,7875
2024-01-08 11:00:00+00:00,2024-01-07 11:30:00+00:00,7890
2024-01-08 11:00:00+00:00,2024-01-07 15:30:00+00:00,8371
2024-01-08 11:00:00+00:00,2024-01-07 18:30:00+00:00,8646
2024-01-08 11:00:00+00:00,2024-01-07 22:30:00+00:00,8648
2024-01-08 12:00:00+00:00,2024-01-06 02:30:00+00:00,7320
2024-01-08 12:00:00+00:00,2024-01-06 04:30:00+00:00,7314
2024-01-08 12:00:00+00:00,2024-01-06 07:30:00+00:00,7068
2024-01-08 12:00:00+00:00,2024-01-06 09:30:00+00:00,7067
2024-01-08 12:00:00+00:00,2024-01-06 11:30:00+00:00,7063
2024-01-08 12:00:00+00:00,2024-01-06 15:30:00+00:00,7665
2024-01-08 12:00:00+00:00,2024-01-06 18:30:00+00:00,7821
2024-01-08 12:00:00+00:00,2024-01-06 22:30:00+00:00,7819
2024-01-08 12:00:00+00:00,2024-01-07 02:30:00+00:00,7894
2024-01-08 12:00:00+00:00,2024-01-07 04:30:00+00:00,7900
2024-01-08 12:00:00+00:00,2024-01-07 07:30:00+00:00,7930
2024-01-08 12:00:00+00:00,2024-01-07 09:30:00+00:00,7931
2024-01-08 12:00:00+00:00,2024-01-07 11:30:00+00:00,7935
2024-01-08 12:00:00+00:00,2024-01-07 15:30:00+00:00,8302
2024-01-08 12:00:00+00:00,2024-01-07 18:30:00+00:00,8526
2024-01-08 12:00:00+00:00,2024-01-07 22:30:00+00:00,8523
2024-01-08 13:00:00+00:00,2024-01-06 02:30:00+00:00,7341
2024-01-08 13:00:00+00:00,2024-01-06 04:30:00+00:00,7334
2024-01-08 13:00:00+00:00,2024-01-06 07:30:00+00:00,7129
2024-01-08 13:00:00+00:00,2024-01-06 09:30:00+00:00,7127
2024-01-08 13:00:00+00:00,2024-01-06 11:30:00+00:00,7125
2024-01-08 13:00:00+00:00,2024-01-06 15:30:00+00:00,7774
2024-01-08 13:00:00+00:00,2024-01-06 18:30:00+00:00,7969
2024-01-08 13:00:00+00:00,2024-01-06 22:30:00+00:00,7966
2024-01-08 13:00:00+00:00,2024-01-07 02:30:00+00:00,7931
2024-01-08 13:00:00+00:00,2024-01-07 04:30:00+00:00,7932
2024-01-08 13:00:00+00:00,2024-01-07 07:30:00+00:00,7895
2024-01-08 13:00:00+00:00,2024-01-07 09:30:00+00:00,7895
2024-01-08 13:00:00+00:00,2024-01-07 11:30:00+00:00,7888
2024-01-08 13:00:00+00:00,2024-01-07 15:30:00+00:00,8123
2024-01-08 13:00:00+00:00,2024-01-07 18:30:00+00:00,8353
2024-01-08 13:00:00+00:00,2024-01-07 22:30:00+00:00,8343
2024-01-08 14:00:00+00:00,2024-01-06 02:30:00+00:00,7362
2024-01-08 14:00:00+00:00,2024-01-06 04:30:00+00:00,7355
2024-01-08 14:00:00+00:00,2024-01-06 07:30:00+00:00,7193
2024-01-08 14:00:00+00:00,2024-01-06 09:30:00+00:00,7192
2024-01-08 14:00:00+00:00,2024-01-06 11:30:00+00:00,7190
2024-01-08 14:00:00+00:00,2024-01-06 15:30:00+00:00,7888
2024-01-08 14:00:00+00:00,2024-01-06 18:30:00+00:00,8116
2024-01-08 14:00:00+00:00,2024-01-06 22:30:00+00:00,8113
2024-01-08 14:00:00+00:00,2024-01-07 02:30:00+00:00,8086
2024-01-08 14:00:00+00:00,2024-01-07 04:30:00+00:00,8090
2024-01-08 14:00:00+00:00,2024-01-07 07:30:00+00:00,8106
2024-01-08 14:00:00+00:00,2024-01-07 09:30:00+00:00,8107
2024-01-08 14:00:00+00:00,2024-01-07 11:30:00+00:00,8112
2024-01-08 14:00:00+00:00,2024-01-07 15:30:00+00:00,8295
2024-01-08 14:00:00+00:00,2024-01-07 18:30:00+00:00,8459
2024-01-08 14:00:00+00:00,2024-01-07 22:30:00+00:00,8453
2024-01-08 15:00:00+00:00,2024-01-06 02:30:00+00:00,7384
2024-01-08 15:00:00+00:00,2024-01-06 04:30:00+00:00,7377
2024-01-08 15:00:00+00:00,2024-01-06 07:30:00+00:00,7260
2024-01-08 15:00:00+00:00,2024-01-06 09:30:00+00:00,7259
2024-01-08 15:00:00+00:00,2024-01-06 11:30:00+00:00,7259
2024-01-08 15:00:00+00:00,2024-01-06 15:30:00+00:00,8010
2024-01-08 15:00:00+00:00,2024-01-06 18:30:00+00:00,8265
2024-01-08 15:00:00+00:00,2024-01-06 22:30:00+00:00,8263
2024-01-08 15:00:00+00:00,2024-01-07 02:30:00+00:00,8292
2024-01-08 15:00:00+00:00,2024-01-07 04:30:00+00:00,8295
2024-01-08 15:00:00+00:00,2024-01-07 07:30:00+00:00,8358
2024-01-08 15:00:00+00:00,2024-01-07 09:30:00+00:00,8359
2024-01-08 15:00:00+00:00,2024-01-07 11:30:00+00:00,8350
2024-01-08 15:00:00+00:00,2024-01-07 15:30:00+00:00,8524
2024-01-08 15:00:00+00:00,2024-01-07 18:30:00+00:00,8628
2024-01-08 15:00:00+00:00,2024-01-07 22:30:00+00:00,8635
2024-01-08 16:00:00+00:00,2024-01-06 02:30:00+00:00,7583
2024-01-08 16:00:00+00:00,2024-01-06 04:30:00+00:00,7575
2024-01-08 16:00:00+00:00,2024-01-06 07:30:00+00:00,7482
2024-01-08 16:00:00+00:00,2024-01-06 09:30:00+00:00,7481
2024-01-08 16:00:00+00:00,2024-01-06 11:30:00+00:00,7480
2024-01-08 16:00:00+00:00,2024-01-06 15:30:00+00:00,8245
2024-01-08 16:00:00+00:00,2024-01-06 18:30:00+00:00,8515
2024-01-08 16:00:00+00:00,2024-01-06 22:30:00+00:00,8511
2024-01-08 16:00:00+00:00,2024-01-07 02:30:00+00:00,8637
2024-01-08 16:00:00+00:00,2024-01-07 04:30:00+00:00,8635
2024-01-08 16:00:00+00:00,2024-01-07 07:30:00+00:00,8627
2024-01-08 16:00:00+00:00,2024-01-07 09:30:00+00:00,8630
2024-01-08 16:00:00+00:00,2024-01-07 11:30:00+00:00,8625
2024-01-08 16:00:00+00:00,2024-01-07 15:30:00+00:00,8754
2024-01-08 16:00:00+00:00,2024-01-07 18:30:00+00:00,8900
2024-01-08 16:00:00+00:00,2024-01-07 22:30:00+00:00,8913
2024-01-08 17:00:00+00:00,2024-01-06 02:30:00+00:00,7788
2024-01-08 17:00:00+00:00,2024-01-06 04:30:00+00:00,7778
2024-01-08 17:00:00+00:00,2024-01-06 07:30:00+00:00,7709
2024-01-08 17:00:00+00:00,2024-01-06 09:30:00+00:00,7708
2024-01-08 17:00:00+00:00,2024-01-06 11:30:00+00:00,7708
2024-01-08 17:00:00+00:00,2024-01-06 15:30:00+00:00,8485
2024-01-08 17:00:00+00:00,2024-01-06 18:30:00+00:00,8766
2024-01-08 17:00:00+00:00,2024-01-06 22:30:00+00:00,8761
2024-01-08 17:00:00+00:00,2024-01-07 02:30:00+00:00,8907
2024-01-08 17:00:00+00:00,2024-01-07 04:30:00+00:00,8900
2024-01-08 17:00:00+00:00,2024-01-07 07:30:00+00:00,8959
2024-01-08 17:00:00+00:00,2024-01-07 09:30:00+00:00,8962
2024-01-08 17:00:00+00:00,2024-01-07 11:30:00+00:00,8962
2024-01-08 17:00:00+00:00,2024-01-07 15:30:00+00:00,9135
2024-01-08 17:00:00+00:00,2024-01-07 18:30:00+00:00,9302
2024-01-08 17:00:00+00:00,2024-01-07 22:30:00+00:00,9307
2024-01-08 18:00:00+00:00,2024-01-06 02:30:00+00:00,7996
2024-01-08 18:00:00+00:00,2024-01-06 04:30:00+00:00,7986
2024-01-08 18:00:00+00:00,2024-01-06 07:30:00+00:00,7942
2024-01-08 18:00:00+00:00,2024-01-06 09:30:00+00:00,7940
2024-01-08 18:00:00+00:00,2024-01-06 11:30:00+00:00,7941
2024-01-08 18:00:00+00:00,2024-01-06 15:30:00+00:00,8727
2024-01-08 18:00:00+00:00,2024-01-06 18:30:00+00:00,9018
2024-01-08 18:00:00+00:00,2024-01-06 22:30:00+00:00,9011
2024-01-08 18:00:00+00:00,2024-01-07 02:30:00+00:00,9178
2024-01-08 18:00:00+00:00,2024-01-07 04:30:00+00:00,9168
2024-01-08 18:00:00+00:00,2024-01-07 07:30:00+00:00,9268
2024-01-08 18:00:00+00:00,2024-01-07 09:30:00+00:00,9268
2024-01-08 18:00:00+00:00,2024-01-07 11:30:00+00:00,9260
2024-01-08 18:00:00+00:00,2024-01-07 15:30:00+00:00,9441
2024-01-08 18:00:00+00:00,2024-01-07 18:30:00+00:00,9568
2024-01-08 18:00:00+00:00,2024-01-07 22:30:00+00:00,9573
2024-01-08 19:00:00+00:00,2024-01-06 02:30:00+00:00,7967
2024-01-08 19:00:00+00:00,2024-01-06 04:30:00+00:00,7957
2024-01-08 19:00:00+00:00,2024-01-06 07:30:00+00:00,7910
2024-01-08 19:00:00+00:00,2024-01-06 09:30:00+00:00,7909
2024-01-08 19:00:00+00:00,2024-01-06 11:30:00+00:00,7910
2024-01-08 19:00:00+00:00,2024-01-06 15:30:00+00:00,8703
2024-01-08 19:00:00+00:00,2024-01-06 18:30:00+00:00,9017
2024-01-08 19:00:00+00:00,2024-01-06 22:30:00+00:00,9009
2024-01-08 19:00:00+00:00,2024-01-07 02:30:00+00:00,9201
2024-01-08 19:00:00+00:00,2024-01-07 04:30:00+00:00,9191
2024-01-08 19:00:00+00:00,2024-01-07 07:30:00+00:00,9288
2024-01-08 19:00:00+00:00,2024-01-07 09:30:00+00:00,9293
2024-01-08 19:00:00+00:00,2024-01-07 11:30:00+00:00,9283
2024-01-08 19:00:00+00:00,2024-01-07 15:30:00+00:00,9505
2024-01-08 19:00:00+00:00,2024-01-07 18:30:00+00:00,9618
2024-01-08 19:00:00+00:00,2024-01-07 22:30:00+00:00,9627
2024-01-08 20:00:00+00:00,2024-01-06 02:30:00+00:00,7938
2024-01-08 20:00:00+00:00,2024-01-06 04:30:00+00:00,7928
2024-01-08 20:00:00+00:00,2024-01-06 07:30:00+00:00,7877
2024-01-08 20:00:00+00:00,2024-01-06 09:30:00+00:00,7876
2024-01-08 20:00:00+00:00,2024-01-06 11:30:00+00:00,7878
2024-01-08 20:00:00+00:00,2024-01-06 15:30:00+00:00,8677
2024-01-08 20:00:00+00:00,2024-01-06 18:30:00+00:00,9015
2024-01-08 20:00:00+00:00,2024-01-06 22:30:00+00:00,9007
2024-01-08 20:00:00+00:00,2024-01-07 02:30:00+00:00,9225
2024-01-08 20:00:00+00:00,2024-01-07 04:30:00+00:00,9214
2024-01-08 20:00:00+00:00,2024-01-07 07:30:00+00:00,9202
2024-01-08 20:00:00+00:00,2024-01-07 09:30:00+00:00,9211
2024-01-08 20:00:00+00:00,2024-01-07 11:30:00+00:00,9189
2024-01-08 20:00:00+00:00,2024-01-07 15:30:00+00:00,9381
2024-01-08 20:00:00+00:00,2024-01-07 18:30:00+00:00,9482
2024-01-08 20:00:00+00:00,2024-01-07 22:30:00+00:00,9492
2024-01-08 21:00:00+00:00,2024-01-06 02:30:00+00:00,7908
2024-01-08 21:00:00+00:00,2024-01-06 04:30:00+00:00,7897
2024-01-08 21:00:00+00:00,2024-01-06 07:30:00+00:00,7843
2024-01-08 21:00:00+00:00,2024-01-06 09:30:00+00:00,7842
2024-01-08 21:00:00+00:00,2024-01-06 11:30:00+00:00,7845
2024-01-08 21:00:00+00:00,2024-01-06 15:30:00+00:00,8651
2024-01-08 21:00:00+00:00,2024-01-06 18:30:00+00:00,9013
2024-01-08 21:00:00+00:00,2024-01-06 22:30:00+00:00,9004
2024-01-08 21:00:00+00:00,2024-01-07 02:30:00+00:00,9249
2024-01-08 21:00:00+00:00,2024-01-07 04:30:00+00:00,9238
2024-01-08 21:00:00+00:00,2024-01-07 07:30:00+00:00,9215
2024-01-08 21:00:00+00:00,2024-01-07 09:30:00+00:00,9218
2024-01-08 21:00:00+00:00,2024-01-07 11:30:00+00:00,9188
2024-01-08 21:00:00+00:00,2024-01-07 15:30:00+00:00,9338
2024-01-08 21:00:00+00:00,2024-01-07 18:30:00+00:00,9327
2024-01-08 21:00:00+00:00,2024-01-07 22:30:00+00:00,9324
2024-01-08 21:00:00+00:00,2024-01-08 02:30:00+00:00,9393
2024-01-08 21:00:00+00:00,2024-01-08 04:30:00+00:00,9401
2024-01-08 21:00:00+00:00,2024-01-08 07:30:00+00:00,9528
2024-01-08 21:00:00+00:00,2024-01-08 09:30:00+00:00,9527
2024-01-08 21:00:00+00:00,2024-01-08 11:30:00+00:00,9540
2024-01-08 21:00:00+00:00,2024-01-08 15:30:00+00:00,9821
2024-01-08 21:00:00+00:00,2024-01-08 18:30:00+00:00,10297
2024-01-08 21:00:00+00:00,2024-01-08 22:30:00+00:00,10272
2024-01-08 22:00:00+00:00,2024-01-07 02:30:00+00:00,9094
2024-01-08 22:00:00+00:00,2024-01-07 04:30:00+00:00,9083
2024-01-08 22:00:00+00:00,2024-01-07 07:30:00+00:00,9273
2024-01-08 22:00:00+00:00,2024-01-07 09:30:00+00:00,9274
2024-01-08 22:00:00+00:00,2024-01-07 11:30:00+00:00,9162
2024-01-08 22:00:00+00:00,2024-01-07 15:30:00+00:00,9200
2024-01-08 22:00:00+00:00,2024-01-07 18:30:00+00:00,9088
2024-01-08 22:00:00+00:00,2024-01-07 22:30:00+00:00,9090
2024-01-08 22:00:00+00:00,2024-01-08 02:30:00+00:00,9158
2024-01-08 22:00:00+00:00,2024-01-08 04:30:00+00:00,9184
2024-01-08 22:00:00+00:00,2024-01-08 07:30:00+00:00,9367
2024-01-08 22:00:00+00:00,2024-01-08 09:30:00+00:00,9366
2024-01-08 22:00:00+00:00,2024-01-08 11:30:00+00:00,9357
2024-01-08 22:00:00+00:00,2024-01-08 15:30:00+00:00,9615
2024-01-08 22:00:00+00:00,2024-01-08 18:30:00+00:00,10098
2024-01-08 22:00:00+00:00,2024-01-08 22:30:00+00:00,10121
2024-01-08 23:00:00+00:00,2024-01-07 02:30:00+00:00,8925
2024-01-08 23:00:00+00:00,2024-01-07 04:30:00+00:00,8914
2024-01-08 23:00:00+00:00,2024-01-07 07:30:00+00:00,9122
2024-01-08 23:00:00+00:00,2024-01-07 09:30:00+00:00,9122
2024-01-08 23:00:00+00:00,2024-01-07 11:30:00+00:00,8970
2024-01-08 23:00:00+00:00,2024-01-07 15:30:00+00:00,8969
2024-01-08 23:00:00+00:00,2024-01-07 18:30:00+00:00,8870
2024-01-08 23:00:00+00:00,2024-01-07 22:30:00+00:00,8875
2024-01-08 23:00:00+00:00,2024-01-08 02:30:00+00:00,8936
2024-01-08 23:00:00+00:00,2024-01-08 04:30:00+00:00,8943
2024-01-08 23:00:00+00:00,2024-01-08 07:30:00+00:00,9118
2024-01-08 23:00:00+00:00,2024-01-08 09:30:00+00:00,9120
2024-01-08 23:00:00+00:00,2024-01-08 11:30:00+00:00,9079
2024-01-08 23:00:00+00:00,2024-01-08 15:30:00+00:00,9353
2024-01-08 23:00:00+00:00,2024-01-08 18:30:00+00:00,9941
2024-01-08 23:00:00+00:00,2024-01-08 22:30:00+00:00,9958
2024-01-09 00:00:00+00:00,2024-01-07 02:30:00+00:00,8742
2024-01-09 00:00:00+00:00,2024-01-07 04:30:00+00:00,8732
2024-01-09 00:00:00+00:00,2024-01-07 07:30:00+00:00,8954
2024-01-09 00:00:00+00:00,2024-01-07 09:30:00+00:00,8953
2024-01-09 00:00:00+00:00,2024-01-07 11:30:00+00:00,8856
2024-01-09 00:00:00+00:00,2024-01-07 15:30:00+00:00,8833
2024-01-09 00:00:00+00:00,2024-01-07 18:30:00+00:00,8756
2024-01-09 00:00:00+00:00,2024-01-07 22:30:00+00:00,8761
2024-01-09 00:00:00+00:00,2024-01-08 02:30:00+00:00,8817
2024-01-09 00:00:00+00:00,2024-01-08 04:30:00+00:00,8832
2024-01-09 00:00:00+00:00,2024-01-08 07:30:00+00:00,9002
2024-01-09 00:00:00+00:00,2024-01-08 09:30:00+00:00,9005
2024-01-09 00:00:00+00:00,2024-01-08 11:30:00+00:00,8971
2024-01-09 00:00:00+00:00,2024-01-08 15:30:00+00:00,9258
2024-01-09 00:00:00+00:00,2024-01-08 18:30:00+00:00,9829
2024-01-09 00:00:00+00:00,2024-01-08 22:30:00+00:00,9836
2024-01-09 01:00:00+00:00,2024-01-07 02:30:00+00:00,8598
2024-01-09 01:00:00+00:00,2024-01-07 04:30:00+00:00,8588
2024-01-09 01:00:00+00:00,2024-01-07 07:30:00+00:00,8797
2024-01-09 01:00:00+00:00,2024-01-07 09:30:00+00:00,8796
2024-01-09 01:00:00+00:00,2024-01-07 11:30:00+00:00,8597
2024-01-09 01:00:00+00:00,2024-01-07 15:30:00+00:00,8567
2024-01-09 01:00:00+00:00,2024-01-07 18:30:00+00:00,8507
2024-01-09 01:00:00+00:00,2024-01-07 22:30:00+00:00,8516
2024-01-09 01:00:00+00:00,2024-01-08 02:30:00+00:00,8603
2024-01-09 01:00:00+00:00,2024-01-08 04:30:00+00:00,8607
2024-01-09 01:00:00+00:00,2024-01-08 07:30:00+00:00,8826
2024-01-09 01:00:00+00:00,2024-01-08 09:30:00+00:00,8830
2024-01-09 01:00:00+00:00,2024-01-08 11:30:00+00:00,8796
2024-01-09 01:00:00+00:00,2024-01-08 15:30:00+00:00,9062
2024-01-09 01:00:00+00:00,2024-01-08 18:30:00+00:00,9604
2024-01-09 01:00:00+00:00,2024-01-08 22:30:00+00:00,9619
2024-01-09 02:00:00+00:00,2024-01-07 02:30:00+00:00,8447
2024-01-09 02:00:00+00:00,2024-01-07 04:30:00+00:00,8437
2024-01-09 02:00:00+00:00,2024-01-07 07:30:00+00:00,8632
2024-01-09 02:00:00+00:00,2024-01-07 09:30:00+00:00,8631
2024-01-09 02:00:00+00:00,2024-01-07 11:30:00+00:00,8438
2024-01-09 02:00:00+00:00,2024-01-07 15:30:00+00:00,8401
2024-01-09 02:00:00+00:00,2024-01-07 18:30:00+00:00,8403
2024-01-09 02:00:00+00:00,2024-01-07 22:30:00+00:00,8413
2024-01-09 02:00:00+00:00,2024-01-08 02:30:00+00:00,8525
2024-01-09 02:00:00+00:00,2024-01-08 04:30:00+00:00,8530
2024-01-09 02:00:00+00:00,2024-01-08 07:30:00+00:00,8708
2024-01-09 02:00:00+00:00,2024-01-08 09:30:00+00:00,8715
2024-01-09 02:00:00+00:00,2024-01-08 11:30:00+00:00,8707
2024-01-09 02:00:00+00:00,2024-01-08 15:30:00+00:00,8910
2024-01-09 02:00:00+00:00,2024-01-08 18:30:00+00:00,9349
2024-01-09 02:00:00+00:00,2024-01-08 22:30:00+00:00,9367
2024-01-09 03:00:00+00:00,2024-01-07 02:30:00+00:00,8288
2024-01-09 03:00:00+00:00,2024-01-07 04:30:00+00:00,8278
2024-01-09 03:00:00+00:00,2024-01-07 07:30:00+00:00,8459
2024-01-09 03:00:00+00:00,2024-01-07 09:30:00+00:00,8457
2024-01-09 03:00:00+00:00,2024-01-07 11:30:00+00:00,8377
2024-01-09 03:00:00+00:00,2024-01-07 15:30:00+00:00,8387
2024-01-09 03:00:00+00:00,2024-01-07 18:30:00+00:00,8302
2024-01-09 03:00:00+00:00,2024-01-07 22:30:00+00:00,8309
2024-01-09 03:00:00+00:00,2024-01-08 02:30:00+00:00,8335
2024-01-09 03:00:00+00:00,2024-01-08 04:30:00+00:00,8351
2024-01-09 03:00:00+00:00,2024-01-08 07:30:00+00:00,8457
2024-01-09 03:00:00+00:00,2024-01-08 09:30:00+00:00,8465
2024-01-09 03:00:00+00:00,2024-01-08 11:30:00+00:00,8470
2024-01-09 03:00:00+00:00,2024-01-08 15:30:00+00:00,8654
2024-01-09 03:00:00+00:00,2024-01-08 18:30:00+00:00,9077
2024-01-09 03:00:00+00:00,2024-01-08 22:30:00+00:00,9084
2024-01-09 04:00:00+00:00,2024-01-07 02:30:00+00:00,8287
2024-01-09 04:00:00+00:00,2024-01-07 04:30:00+00:00,8278
2024-01-09 04:00:00+00:00,2024-01-07 07:30:00+00:00,8484
2024-01-09 04:00:00+00:00,2024-01-07 09:30:00+00:00,8483
2024-01-09 04:00:00+00:00,2024-01-07 11:30:00+00:00,8442
2024-01-09 04:00:00+00:00,2024-01-07 15:30:00+00:00,8530
2024-01-09 04:00:00+00:00,2024-01-07 18:30:00+00:00,8303
2024-01-09 04:00:00+00:00,2024-01-07 22:30:00+00:00,8317
2024-01-09 04:00:00+00:00,2024-01-08 02:30:00+00:00,8278
2024-01-09 04:00:00+00:00,2024-01-08 04:30:00+00:00,8284
2024-01-09 04:00:00+00:00,2024-01-08 07:30:00+00:00,8385
2024-01-09 04:00:00+00:00,2024-01-08 09:30:00+00:00,8393
2024-01-09 04:00:00+00:00,2024-01-08 11:30:00+00:00,8401
2024-01-09 04:00:00+00:00,2024-01-08 15:30:00+00:00,8518
2024-01-09 04:00:00+00:00,2024-01-08 18:30:00+00:00,8807
2024-01-09 04:00:00+00:00,2024-01-08 22:30:00+00:00,8813
2024-01-09 05:00:00+00:00,2024-01-07 02:30:00+00:00,8288
2024-01-09 05:00:00+00:00,2024-01-07 04:30:00+00:00,8281
2024-01-09 05:00:00+00:00,2024-01-07 07:30:00+00:00,8511
2024-01-09 05:00:00+00:00,2024-01-07 09:30:00+00:00,8510
2024-01-09 05:00:00+00:00,2024-01-07 11:30:00+00:00,8493
2024-01-09 05:00:00+00:00,2024-01-07 15:30:00+00:00,8580
2024-01-09 05:00:00+00:00,2024-01-07 18:30:00+00:00,8325
2024-01-09 05:00:00+00:00,2024-01-07 22:30:00+00:00,8344
2024-01-09 05:00:00+00:00,2024-01-08 02:30:00+00:00,8368
2024-01-09 05:00:00+00:00,2024-01-08 04:30:00+00:00,8375
2024-01-09 05:00:00+00:00,2024-01-08 07:30:00+00:00,8476
2024-01-09 05:00:00+00:00,2024-01-08 09:30:00+00:00,8485
2024-01-09 05:00:00+00:00,2024-01-08 11:30:00+00:00,8487
2024-01-09 05:00:00+00:00,2024-01-08 15:30:00+00:00,8598
2024-01-09 05:00:00+00:00,2024-01-08 18:30:00+00:00,8859
2024-01-09 05:00:00+00:00,2024-01-08 22:30:00+00:00,8865
2024-01-09 06:00:00+00:00,2024-01-07 02:30:00+00:00,8293
2024-01-09 06:00:00+00:00,2024-01-07 04:30:00+00:00,8287
2024-01-09 06:00:00+00:00,2024-01-07 07:30:00+00:00,8540
2024-01-09 06:00:00+00:00,2024-01-07 09:30:00+00:00,8539
2024-01-09 06:00:00+00:00,2024-01-07 11:30:00+00:00,8538
2024-01-09 06:00:00+00:00,2024-01-07 15:30:00+00:00,8621
2024-01-09 06:00:00+00:00,2024-01-07 18:30:00+00:00,8475
2024-01-09 06:00:00+00:00,2024-01-07 22:30:00+00:00,8482
2024-01-09 06:00:00+00:00,2024-01-08 02:30:00+00:00,8535
2024-01-09 06:00:00+00:00,2024-01-08 04:30:00+00:00,8554
2024-01-09 06:00:00+00:00,2024-01-08 07:30:00+00:00,8623
2024-01-09 06:00:00+00:00,2024-01-08 09:30:00+00:00,8631
2024-01-09 06:00:00+00:00,2024-01-08 11:30:00+00:00,8619
2024-01-09 06:00:00+00:00,2024-01-08 15:30:00+00:00,8723
2024-01-09 06:00:00+00:00,2024-01-08 18:30:00+00:00,9041
2024-01-09 06:00:00+00:00,2024-01-08 22:30:00+00:00,9049
2024-01-09 07:00:00+00:00,2024-01-07 02:30:00+00:00,8288
2024-01-09 07:00:00+00:00,2024-01-07 04:30:00+00:00,8283
2024-01-09 07:00:00+00:00,2024-01-07 07:30:00+00:00,8528
2024-01-09 07:00:00+00:00,2024-01-07 09:30:00+00:00,8527
2024-01-09 07:00:00+00:00,2024-01-07 11:30:00+00:00,8527
2024-01-09 07:00:00+00:00,2024-01-07 15:30:00+00:00,8610
2024-01-09 07:00:00+00:00,2024-01-07 18:30:00+00:00,8485
2024-01-09 07:00:00+00:00,2024-01-07 22:30:00+00:00,8503
2024-01-09 07:00:00+00:00,2024-01-08 02:30:00+00:00,8652
2024-01-09 07:00:00+00:00,2024-01-08 04:30:00+00:00,8654
2024-01-09 07:00:00+00:00,2024-01-08 07:30:00+00:00,8797
2024-01-09 07:00:00+00:00,2024-01-08 09:30:00+00:00,8807
2024-01-09 07:00:00+00:00,2024-01-08 11:30:00+00:00,8819
2024-01-09 07:00:00+00:00,2024-01-08 15:30:00+00:00,8930
2024-01-09 07:00:00+00:00,2024-01-08 18:30:00+00:00,9177
2024-01-09 07:00:00+00:00,2024-01-08 22:30:00+00:00,9181
2024-01-09 08:00:00+00:00,2024-01-07 02:30:00+00:00,8285
2024-01-09 08:00:00+00:00,2024-01-07 04:30:00+00:00,8280
2024-01-09 08:00:00+00:00,2024-01-07 07:30:00+00:00,8517
2024-01-09 08:00:00+00:00,2024-01-07 09:30:00+00:00,8516
2024-01-09 08:00:00+00:00,2024-01-07 11:30:00+00:00,8516
2024-01-09 08:00:00+00:00,2024-01-07 15:30:00+00:00,8597
2024-01-09 08:00:00+00:00,2024-01-07 18:30:00+00:00,8440
2024-01-09 08:00:00+00:00,2024-01-07 22:30:00+00:00,8453
2024-01-09 08:00:00+00:00,2024-01-08 02:30:00+00:00,8631
2024-01-09 08:00:00+00:00,2024-01-08 04:30:00+00:00,8633
2024-01-09 08:00:00+00:00,2024-01-08 07:30:00+00:00,8834
2024-01-09 08:00:00+00:00,2024-01-08 09:30:00+00:00,8842
2024-01-09 08:00:00+00:00,2024-01-08 11:30:00+00:00,8845
2024-01-09 08:00:00+00:00,2024-01-08 15:30:00+00:00,9024
2024-01-09 08:00:00+00:00,2024-01-08 18:30:00+00:00,9321
2024-01-09 08:00:00+00:00,2024-01-08 22:30:00+00:00,9330
2024-01-09 09:00:00+00:00,2024-01-07 02:30:00+00:00,8282
2024-01-09 09:00:00+00:00,2024-01-07 04:30:00+00:00,8278
2024-01-09 09:00:00+00:00,2024-01-07 07:30:00+00:00,8506
2024-01-09 09:00:00+00:00,2024-01-07 09:30:00+00:00,8505
2024-01-09 09:00:00+00:00,2024-01-07 11:30:00+00:00,8505
2024-01-09 09:00:00+00:00,2024-01-07 15:30:00+00:00,8583
2024-01-09 09:00:00+00:00,2024-01-07 18:30:00+00:00,8439
2024-01-09 09:00:00+00:00,2024-01-07 22:30:00+00:00,8440
2024-01-09 09:00:00+00:00,2024-01-08 02:30:00+00:00,8583
2024-01-09 09:00:00+00:00,2024-01-08 04:30:00+00:00,8602
2024-01-09 09:00:00+00:00,2024-01-08 07:30:00+00:00,8889
2024-01-09 09:00:00+00:00,2024-01-08 09:30:00+00:00,8891
2024-01-09 09:00:00+00:00,2024-01-08 11:30:00+00:00,8866
2024-01-09 09:00:00+00:00,2024-01-08 15:30:00+00:00,9097
2024-01-09 09:00:00+00:00,2024-01-08 18:30:00+00:00,9415
2024-01-09 09:00:00+00:00,2024-01-08 22:30:00+00:00,9425
2024-01-09 10:00:00+00:00,2024-01-07 02:30:00+00:00,8191
2024-01-09 10:00:00+00:00,2024-01-07 04:30:00+00:00,8189
2024-01-09 10:00:00+00:00,2024-01-07 07:30:00+00:00,8421
2024-01-09 10:00:00+00:00,2024-01-07 09:30:00+00:00,8420
2024-01-09 10:00:00+00:00,2024-01-07 11:30:00+00:00,8420
2024-01-09 10:00:00+00:00,2024-01-07 15:30:00+00:00,8434
2024-01-09 10:00:00+00:00,2024-01-07 18:30:00+00:00,8674
2024-01-09 10:00:00+00:00,2024-01-07 22:30:00+00:00,8672
2024-01-09 10:00:00+00:00,2024-01-08 02:30:00+00:00,8735
2024-01-09 10:00:00+00:00,2024-01-08 04:30:00+00:00,8737
2024-01-09 10:00:00+00:00,2024-01-08 07:30:00+00:00,8885
2024-01-09 10:00:00+00:00,2024-01-08 09:30:00+00:00,8887
2024-01-09 10:00:00+00:00,2024-01-08 11:30:00+00:00,8893
2024-01-09 10:00:00+00:00,2024-01-08 15:30:00+00:00,9098
2024-01-09 10:00:00+00:00,2024-01-08 18:30:00+00:00,9488
2024-01-09 10:00:00+00:00,2024-01-08 22:30:00+00:00,9495
2024-01-09 11:00:00+00:00,2024-01-07 02:30:00+00:00,8095
2024-01-09 11:00:00+00:00,2024-01-07 04:30:00+00:00,8094
2024-01-09 11:00:00+00:00,2024-01-07 07:30:00+00:00,8330
2024-01-09 11:00:00+00:00,2024-01-07 09:30:00+00:00,8330
2024-01-09 11:00:00+00:00,2024-01-07 11:30:00+00:00,8331
2024-01-09 11:00:00+00:00,2024-01-07 15:30:00+00:00,8277
2024-01-09 11:00:00+00:00,2024-01-07 18:30:00+00:00,8536
2024-01-09 11:00:00+00:00,2024-01-07 22:30:00+00:00,8535
2024-01-09 11:00:00+00:00,2024-01-08 02:30:00+00:00,8659
2024-01-09 11:00:00+00:00,2024-01-08 04:30:00+00:00,8660
2024-01-09 11:00:00+00:00,2024-01-08 07:30:00+00:00,8772
2024-01-09 11:00:00+00:00,2024-01-08 09:30:00+00:00,8772
2024-01-09 11:00:00+00:00,2024-01-08 11:30:00+00:00,8780
2024-01-09 11:00:00+00:00,2024-01-08 15:30:00+00:00,8974
2024-01-09 11:00:00+00:00,2024-01-08 18:30:00+00:00,9370
2024-01-09 11:00:00+00:00,2024-01-08 22:30:00+00:00,9371
2024-01-09 12:00:00+00:00,2024-01-07 02:30:00+00:00,7994
2024-01-09 12:00:00+00:00,2024-01-07 04:30:00+00:00,7994
2024-01-09 12:00:00+00:00,2024-01-07 07:30:00+00:00,8236
2024-01-09 12:00:00+00:00,2024-01-07 09:30:00+00:00,8235
2024-01-09 12:00:00+00:00,2024-01-07 11:30:00+00:00,8237
2024-01-09 12:00:00+00:00,2024-01-07 15:30:00+00:00,8114
2024-01-09 12:00:00+00:00,2024-01-07 18:30:00+00:00,8367
2024-01-09 12:00:00+00:00,2024-01-07 22:30:00+00:00,8366
2024-01-09 12:00:00+00:00,2024-01-08 02:30:00+00:00,8475
2024-01-09 12:00:00+00:00,2024-01-08 04:30:00+00:00,8476
2024-01-09 12:00:00+00:00,2024-01-08 07:30:00+00:00,8616
2024-01-09 12:00:00+00:00,2024-01-08 09:30:00+00:00,8616
2024-01-09 12:00:00+00:00,2024-01-08 11:30:00+00:00,8614
2024-01-09 12:00:00+00:00,2024-01-08 15:30:00+00:00,8797
2024-01-09 12:00:00+00:00,2024-01-08 18:30:00+00:00,9182
2024-01-09 12:00:00+00:00,2024-01-08 22:30:00+00:00,9182
2024-01-09 13:00:00+00:00,2024-01-07 02:30:00+00:00,8092
2024-01-09 13:00:00+00:00,2024-01-07 04:30:00+00:00,8091
2024-01-09 13:00:00+00:00,2024-01-07 07:30:00+00:00,8300
2024-01-09 13:00:00+00:00,2024-01-07 09:30:00+00:00,8300
2024-01-09 13:00:00+00:00,2024-01-07 11:30:00+00:00,8301
2024-01-09 13:00:00+00:00,2024-01-07 15:30:00+00:00,8121
2024-01-09 13:00:00+00:00,2024-01-07 18:30:00+00:00,8338
2024-01-09 13:00:00+00:00,2024-01-07 22:30:00+00:00,8338
2024-01-09 13:00:00+00:00,2024-01-08 02:30:00+00:00,8526
2024-01-09 13:00:00+00:00,2024-01-08 04:30:00+00:00,8525
2024-01-09 13:00:00+00:00,2024-01-08 07:30:00+00:00,8677
2024-01-09 13:00:00+00:00,2024-01-08 09:30:00+00:00,8677
2024-01-09 13:00:00+00:00,2024-01-08 11:30:00+00:00,8677
2024-01-09 13:00:00+00:00,2024-01-08 15:30:00+00:00,8785
2024-01-09 13:00:00+00:00,2024-01-08 18:30:00+00:00,9130
2024-01-09 13:00:00+00:00,2024-01-08 22:30:00+00:00,9130
2024-01-09 14:00:00+00:00,2024-01-07 02:30:00+00:00,8193
2024-01-09 14:00:00+00:00,2024-01-07 04:30:00+00:00,8191
2024-01-09 14:00:00+00:00,2024-01-07 07:30:00+00:00,8366
2024-01-09 14:00:00+00:00,2024-01-07 09:30:00+00:00,8366
2024-01-09 14:00:00+00:00,2024-01-07 11:30:00+00:00,8367
2024-01-09 14:00:00+00:00,2024-01-07 15:30:00+00:00,8129
2024-01-09 14:00:00+00:00,2024-01-07 18:30:00+00:00,8311
2024-01-09 14:00:00+00:00,2024-01-07 22:30:00+00:00,8310
2024-01-09 14:00:00+00:00,2024-01-08 02:30:00+00:00,8546
2024-01-09 14:00:00+00:00,2024-01-08 04:30:00+00:00,8543
2024-01-09 14:00:00+00:00,2024-01-08 07:30:00+00:00,8653
2024-01-09 14:00:00+00:00,2024-01-08 09:30:00+00:00,8654
2024-01-09 14:00:00+00:00,2024-01-08 11:30:00+00:00,8649
2024-01-09 14:00:00+00:00,2024-01-08 15:30:00+00:00,8718
2024-01-09 14:00:00+00:00,2024-01-08 18:30:00+00:00,9036
2024-01-09 14:00:00+00:00,2024-01-08 22:30:00+00:00,9037
2024-01-09 15:00:00+00:00,2024-01-07 02:30:00+00:00,8297
2024-01-09 15:00:00+00:00,2024-01-07 04:30:00+00:00,8294
2024-01-09 15:00:00+00:00,2024-01-07 07:30:00+00:00,8434
2024-01-09 15:00:00+00:00,2024-01-07 09:30:00+00:00,8434
2024-01-09 15:00:00+00:00,2024-01-07 11:30:00+00:00,8435
2024-01-09 15:00:00+00:00,2024-01-07 15:30:00+00:00,8140
2024-01-09 15:00:00+00:00,2024-01-07 18:30:00+00:00,8286
2024-01-09 15:00:00+00:00,2024-01-07 22:30:00+00:00,8285
2024-01-09 15:00:00+00:00,2024-01-08 02:30:00+00:00,8632
2024-01-09 15:00:00+00:00,2024-01-08 04:30:00+00:00,8632
2024-01-09 15:00:00+00:00,2024-01-08 07:30:00+00:00,8760
2024-01-09 15:00:00+00:00,2024-01-08 09:30:00+00:00,8761
2024-01-09 15:00:00+00:00,2024-01-08 11:30:00+00:00,8742
2024-01-09 15:00:00+00:00,2024-01-08 15:30:00+00:00,8770
2024-01-09 15:00:00+00:00,2024-01-08 18:30:00+00:00,8963
2024-01-09 15:00:00+00:00,2024-01-08 22:30:00+00:00,8963
2024-01-09 16:00:00+00:00,2024-01-07 02:30:00+00:00,8392
2024-01-09 16:00:00+00:00,2024-01-07 04:30:00+00:00,8389
2024-01-09 16:00:00+00:00,2024-01-07 07:30:00+00:00,8501
2024-01-09 16:00:00+00:00,2024-01-07 09:30:00+00:00,8500
2024-01-09 16:00:00+00:00,2024-01-07 11:30:00+00:00,8502
2024-01-09 16:00:00+00:00,2024-01-07 15:30:00+00:00,8198
2024-01-09 16:00:00+00:00,2024-01-07 18:30:00+00:00,8371
2024-01-09 16:00:00+00:00,2024-01-07 22:30:00+00:00,8370
2024-01-09 16:00:00+00:00,2024-01-08 02:30:00+00:00,8947
2024-01-09 16:00:00+00:00,2024-01-08 04:30:00+00:00,8945
2024-01-09 16:00:00+00:00,2024-01-08 07:30:00+00:00,8988
2024-01-09 16:00:00+00:00,2024-01-08 09:30:00+00:00,8992
2024-01-09 16:00:00+00:00,2024-01-08 11:30:00+00:00,8986
2024-01-09 16:00:00+00:00,2024-01-08 15:30:00+00:00,8989
2024-01-09 16:00:00+00:00,2024-01-08 18:30:00+00:00,9112
2024-01-09 16:00:00+00:00,2024-01-08 22:30:00+00:00,9115
2024-01-09 17:00:00+00:00,2024-01-07 02:30:00+00:00,8491
2024-01-09 17:00:00+00:00,2024-01-07 04:30:00+00:00,8489
2024-01-09 17:00:00+00:00,2024-01-07 07:30:00+00:00,8571
2024-01-09 17:00:00+00:00,2024-01-07 09:30:00+00:00,8571
2024-01-09 17:00:00+00:00,2024-01-07 11:30:00+00:00,8572
2024-01-09 17:00:00+00:00,2024-01-07 15:30:00+00:00,8261
2024-01-09 17:00:00+00:00,2024-01-07 18:30:00+00:00,8461
2024-01-09 17:00:00+00:00,2024-01-07 22:30:00+00:00,8460
2024-01-09 17:00:00+00:00,2024-01-08 02:30:00+00:00,9026
2024-01-09 17:00:00+00:00,2024-01-08 04:30:00+00:00,9023
2024-01-09 17:00:00+00:00,2024-01-08 07:30:00+00:00,9138
2024-01-09 17:00:00+00:00,2024-01-08 09:30:00+00:00,9143
2024-01-09 17:00:00+00:00,2024-01-08 11:30:00+00:00,9126
2024-01-09 17:00:00+00:00,2024-01-08 15:30:00+00:00,9259
2024-01-09 17:00:00+00:00,2024-01-08 18:30:00+00:00,9360
2024-01-09 17:00:00+00:00,2024-01-08 22:30:00+00:00,9363
2024-01-09 18:00:00+00:00,2024-01-07 02:30:00+00:00,8596
2024-01-09 18:00:00+00:00,2024-01-07 04:30:00+00:00,8593
2024-01-09 18:00:00+00:00,2024-01-07 07:30:00+00:00,8646
2024-01-09 18:00:00+00:00,2024-01-07 09:30:00+00:00,8645
2024-01-09 18:00:00+00:00,2024-01-07 11:30:00+00:00,8647
2024-01-09 18:00:00+00:00,2024-01-07 15:30:00+00:00,8329
2024-01-09 18:00:00+00:00,2024-01-07 18:30:00+00:00,8556
2024-01-09 18:00:00+00:00,2024-01-07 22:30:00+00:00,8554
2024-01-09 18:00:00+00:00,2024-01-08 02:30:00+00:00,9109
2024-01-09 18:00:00+00:00,2024-01-08 04:30:00+00:00,9105
2024-01-09 18:00:00+00:00,2024-01-08 07:30:00+00:00,9211
2024-01-09 18:00:00+00:00,2024-01-08 09:30:00+00:00,9213
2024-01-09 18:00:00+00:00,2024-01-08 11:30:00+00:00,9176
2024-01-09 18:00:00+00:00,2024-01-08 15:30:00+00:00,9287
2024-01-09 18:00:00+00:00,2024-01-08 18:30:00+00:00,9324
2024-01-09 18:00:00+00:00,2024-01-08 22:30:00+00:00,9325
2024-01-09 19:00:00+00:00,2024-01-07 02:30:00+00:00,8464
2024-01-09 19:00:00+00:00,2024-01-07 04:30:00+00:00,8462
2024-01-09 19:00:00+00:00,2024-01-07 07:30:00+00:00,8542
2024-01-09 19:00:00+00:00,2024-01-07 09:30:00+00:00,8541
2024-01-09 19:00:00+00:00,2024-01-07 11:30:00+00:00,8543
2024-01-09 19:00:00+00:00,2024-01-07 15:30:00+00:00,8245
2024-01-09 19:00:00+00:00,2024-01-07 18:30:00+00:00,8440
2024-01-09 19:00:00+00:00,2024-01-07 22:30:00+00:00,8437
2024-01-09 19:00:00+00:00,2024-01-08 02:30:00+00:00,8946
2024-01-09 19:00:00+00:00,2024-01-08 04:30:00+00:00,8942
2024-01-09 19:00:00+00:00,2024-01-08 07:30:00+00:00,9044
2024-01-09 19:00:00+00:00,2024-01-08 09:30:00+00:00,9049
2024-01-09 19:00:00+00:00,2024-01-08 11:30:00+00:00,9034
2024-01-09 19:00:00+00:00,2024-01-08 15:30:00+00:00,9072
2024-01-09 19:00:00+00:00,2024-01-08 18:30:00+00:00,9026
2024-01-09 19:00:00+00:00,2024-01-08 22:30:00+00:00,9033
2024-01-09 20:00:00+00:00,2024-01-07 02:30:00+00:00,8337
2024-01-09 20:00:00+00:00,2024-01-07 04:30:00+00:00,8335
2024-01-09 20:00:00+00:00,2024-01-07 07:30:00+00:00,8442
2024-01-09 20:00:00+00:00,2024-01-07 09:30:00+00:00,8441
2024-01-09 20:00:00+00:00,2024-01-07 11:30:00+00:00,8444
2024-01-09 20:00:00+00:00,2024-01-07 15:30:00+00:00,8166
2024-01-09 20:00:00+00:00,2024-01-07 18:30:00+00:00,8326
2024-01-09 20:00:00+00:00,2024-01-07 22:30:00+00:00,8322
2024-01-09 20:00:00+00:00,2024-01-08 02:30:00+00:00,8783
2024-01-09 20:00:00+00:00,2024-01-08 04:30:00+00:00,8778
2024-01-09 20:00:00+00:00,2024-01-08 07:30:00+00:00,8760
2024-01-09 20:00:00+00:00,2024-01-08 09:30:00+00:00,8766
2024-01-09 20:00:00+00:00,2024-01-08 11:30:00+00:00,8756
2024-01-09 20:00:00+00:00,2024-01-08 15:30:00+00:00,8729
2024-01-09 20:00:00+00:00,2024-01-08 18:30:00+00:00,8688
2024-01-09 20:00:00+00:00,2024-01-08 22:30:00+00:00,8697
2024-01-09 21:00:00+00:00,2024-01-07 02:30:00+00:00,8216
2024-01-09 21:00:00+00:00,2024-01-07 04:30:00+00:00,8215
2024-01-09 21:00:00+00:00,2024-01-07 07:30:00+00:00,8350
2024-01-09 21:00:00+00:00,2024-01-07 09:30:00+00:00,8348
2024-01-09 21:00:00+00:00,2024-01-07 11:30:00+00:00,8351
2024-01-09 21:00:00+00:00,2024-01-07 15:30:00+00:00,8092
2024-01-09 21:00:00+00:00,2024-01-07 18:30:00+00:00,8215
2024-01-09 21:00:00+00:00,2024-01-07 22:30:00+00:00,8209
2024-01-09 21:00:00+00:00,2024-01-08 02:30:00+00:00,8620
2024-01-09 21:00:00+00:00,2024-01-08 04:30:00+00:00,8615
2024-01-09 21:00:00+00:00,2024-01-08 07:30:00+00:00,8622
2024-01-09 21:00:00+00:00,2024-01-08 09:30:00+00:00,8622
2024-01-09 21:00:00+00:00,2024-01-08 11:30:00+00:00,8577
2024-01-09 21:00:00+00:00,2024-01-08 15:30:00+00:00,8565
2024-01-09 21:00:00+00:00,2024-01-08 18:30:00+00:00,8462
2024-01-09 21:00:00+00:00,2024-01-08 22:30:00+00:00,8470
2024-01-09 21:00:00+00:00,2024-01-09 02:30:00+00:00,8638
2024-01-09 21:00:00+00:00,2024-01-09 04:30:00+00:00,8695
2024-01-09 21:00:00+00:00,2024-01-09 07:30:00+00:00,8796
2024-01-09 21:00:00+00:00,2024-01-09 09:30:00+00:00,8798
2024-01-09 21:00:00+00:00,2024-01-09 11:30:00+00:00,8778
2024-01-09 21:00:00+00:00,2024-01-09 15:30:00+00:00,8963
2024-01-09 21:00:00+00:00,2024-01-09 18:30:00+00:00,8854
2024-01-09 21:00:00+00:00,2024-01-09 22:30:00+00:00,8836
2024-01-09 22:00:00+00:00,2024-01-08 02:30:00+00:00,8402
2024-01-09 22:00:00+00:00,2024-01-08 04:30:00+00:00,8396
2024-01-09 22:00:00+00:00,2024-01-08 07:30:00+00:00,8070
2024-01-09 22:00:00+00:00,2024-01-08 09:30:00+00:00,8068
2024-01-09 22:00:00+00:00,2024-01-08 11:30:00+00:00,7924
2024-01-09 22:00:00+00:00,2024-01-08 15:30:00+00:00,8100
2024-01-09 22:00:00+00:00,2024-01-08 18:30:00+00:00,8143
2024-01-09 22:00:00+00:00,2024-01-08 22:30:00+00:00,8150
2024-01-09 22:00:00+00:00,2024-01-09 02:30:00+00:00,8270
2024-01-09 22:00:00+00:00,2024-01-09 04:30:00+00:00,8331
2024-01-09 22:00:00+00:00,2024-01-09 07:30:00+00:00,8330
2024-01-09 22:00:00+00:00,2024-01-09 09:30:00+00:00,8338
2024-01-09 22:00:00+00:00,2024-01-09 11:30:00+00:00,8319
2024-01-09 22:00:00+00:00,2024-01-09 15:30:00+00:00,8476
2024-01-09 22:00:00+00:00,2024-01-09 18:30:00+00:00,8370
2024-01-09 22:00:00+00:00,2024-01-09 22:30:00+00:00,8340
2024-01-09 23:00:00+00:00,2024-01-08 02:30:00+00:00,8179
2024-01-09 23:00:00+00:00,2024-01-08 04:30:00+00:00,8171
2024-01-09 23:00:00+00:00,2024-01-08 07:30:00+00:00,7883
2024-01-09 23:00:00+00:00,2024-01-08 09:30:00+00:00,7878
2024-01-09 23:00:00+00:00,2024-01-08 11:30:00+00:00,7651
2024-01-09 23:00:00+00:00,2024-01-08 15:30:00+00:00,7870
2024-01-09 23:00:00+00:00,2024-01-08 18:30:00+00:00,7890
2024-01-09 23:00:00+00:00,2024-01-08 22:30:00+00:00,7894
2024-01-09 23:00:00+00:00,2024-01-09 02:30:00+00:00,8004
2024-01-09 23:00:00+00:00,2024-01-09 04:30:00+00:00,8063
2024-01-09 23:00:00+00:00,2024-01-09 07:30:00+00:00,8085
2024-01-09 23:00:00+00:00,2024-01-09 09:30:00+00:00,8092
2024-01-09 23:00:00+00:00,2024-01-09 11:30:00+00:00,8081
2024-01-09 23:00:00+00:00,2024-01-09 15:30:00+00:00,8124
2024-01-09 23:00:00+00:00,2024-01-09 18:30:00+00:00,7972
2024-01-09 23:00:00+00:00,2024-01-09 22:30:00+00:00,7946
2024-01-10 00:00:00+00:00,2024-01-08 02:30:00+00:00,7950
2024-01-10 00:00:00+00:00,2024-01-08 04:30:00+00:00,7941
2024-01-10 00:00:00+00:00,2024-01-08 07:30:00+00:00,7696
2024-01-10 00:00:00+00:00,2024-01-08 09:30:00+00:00,7689
2024-01-10 00:00:00+00:00,2024-01-08 11:30:00+00:00,7501
2024-01-10 00:00:00+00:00,2024-01-08 15:30:00+00:00,7717
2024-01-10 00:00:00+00:00,2024-01-08 18:30:00+00:00,7693
2024-01-10 00:00:00+00:00,2024-01-08 22:30:00+00:00,7694
2024-01-10 00:00:00+00:00,2024-01-09 02:30:00+00:00,7796
2024-01-10 00:00:00+00:00,2024-01-09 04:30:00+00:00,7849
2024-01-10 00:00:00+00:00,2024-01-09 07:30:00+00:00,7833
2024-01-10 00:00:00+00:00,2024-01-09 09:30:00+00:00,7839
2024-01-10 00:00:00+00:00,2024-01-09 11:30:00+00:00,7829
2024-01-10 00:00:00+00:00,2024-01-09 15:30:00+00:00,7853
2024-01-10 00:00:00+00:00,2024-01-09 18:30:00+00:00,7642
2024-01-10 00:00:00+00:00,2024-01-09 22:30:00+00:00,7616
2024-01-10 01:00:00+00:00,2024-01-08 02:30:00+00:00,7705
2024-01-10 01:00:00+00:00,2024-01-08 04:30:00+00:00,7694
2024-01-10 01:00:00+00:00,2024-01-08 07:30:00+00:00,7465
2024-01-10 01:00:00+00:00,2024-01-08 09:30:00+00:00,7458
2024-01-10 01:00:00+00:00,2024-01-08 11:30:00+00:00,7172
2024-01-10 01:00:00+00:00,2024-01-08 15:30:00+00:00,7335
2024-01-10 01:00:00+00:00,2024-01-08 18:30:00+00:00,7413
2024-01-10 01:00:00+00:00,2024-01-08 22:30:00+00:00,7416
2024-01-10 01:00:00+00:00,2024-01-09 02:30:00+00:00,7538
2024-01-10 01:00:00+00:00,2024-01-09 04:30:00+00:00,7541
2024-01-10 01:00:00+00:00,2024-01-09 07:30:00+00:00,7573
2024-01-10 01:00:00+00:00,2024-01-09 09:30:00+00:00,7577
2024-01-10 01:00:00+00:00,2024-01-09 11:30:00+00:00,7575
2024-01-10 01:00:00+00:00,2024-01-09 15:30:00+00:00,7645
2024-01-10 01:00:00+00:00,2024-01-09 18:30:00+00:00,7474
2024-01-10 01:00:00+00:00,2024-01-09 22:30:00+00:00,7455
2024-01-10 02:00:00+00:00,2024-01-08 02:30:00+00:00,7463
2024-01-10 02:00:00+00:00,2024-01-08 04:30:00+00:00,7451
2024-01-10 02:00:00+00:00,2024-01-08 07:30:00+00:00,7243
2024-01-10 02:00:00+00:00,2024-01-08 09:30:00+00:00,7235
2024-01-10 02:00:00+00:00,2024-01-08 11:30:00+00:00,6960
2024-01-10 02:00:00+00:00,2024-01-08 15:30:00+00:00,7157
2024-01-10 02:00:00+00:00,2024-01-08 18:30:00+00:00,7191
2024-01-10 02:00:00+00:00,2024-01-08 22:30:00+00:00,7193
2024-01-10 02:00:00+00:00,2024-01-09 02:30:00+00:00,7290
2024-01-10 02:00:00+00:00,2024-01-09 04:30:00+00:00,7292
2024-01-10 02:00:00+00:00,2024-01-09 07:30:00+00:00,7367
2024-01-10 02:00:00+00:00,2024-01-09 09:30:00+00:00,7370
2024-01-10 02:00:00+00:00,2024-01-09 11:30:00+00:00,7367
2024-01-10 02:00:00+00:00,2024-01-09 15:30:00+00:00,7452
2024-01-10 02:00:00+00:00,2024-01-09 18:30:00+00:00,7207
2024-01-10 02:00:00+00:00,2024-01-09 22:30:00+00:00,7198
2024-01-10 03:00:00+00:00,2024-01-08 02:30:00+00:00,7226
2024-01-10 03:00:00+00:00,2024-01-08 04:30:00+00:00,7212
2024-01-10 03:00:00+00:00,2024-01-08 07:30:00+00:00,7032
2024-01-10 03:00:00+00:00,2024-01-08 09:30:00+00:00,7023
2024-01-10 03:00:00+00:00,2024-01-08 11:30:00+00:00,6854
2024-01-10 03:00:00+00:00,2024-01-08 15:30:00+00:00,7040
2024-01-10 03:00:00+00:00,2024-01-08 18:30:00+00:00,6959
2024-01-10 03:00:00+00:00,2024-01-08 22:30:00+00:00,6960
2024-01-10 03:00:00+00:00,2024-01-09 02:30:00+00:00,6942
2024-01-10 03:00:00+00:00,2024-01-09 04:30:00+00:00,6981
2024-01-10 03:00:00+00:00,2024-01-09 07:30:00+00:00,6962
2024-01-10 03:00:00+00:00,2024-01-09 09:30:00+00:00,6966
2024-01-10 03:00:00+00:00,2024-01-09 11:30:00+00:00,6960
2024-01-10 03:00:00+00:00,2024-01-09 15:30:00+00:00,7083
2024-01-10 03:00:00+00:00,2024-01-09 18:30:00+00:00,6890
2024-01-10 03:00:00+00:00,2024-01-09 22:30:00+00:00,6887
2024-01-10 04:00:00+00:00,2024-01-08 02:30:00+00:00,7130
2024-01-10 04:00:00+00:00,2024-01-08 04:30:00+00:00,7119
2024-01-10 04:00:00+00:00,2024-01-08 07:30:00+00:00,6971
2024-01-10 04:00:00+00:00,2024-01-08 09:30:00+00:00,6962
2024-01-10 04:00:00+00:00,2024-01-08 11:30:00+00:00,6854
2024-01-10 04:00:00+00:00,2024-01-08 15:30:00+00:00,6535
2024-01-10 04:00:00+00:00,2024-01-08 18:30:00+00:00,6659
2024-01-10 04:00:00+00:00,2024-01-08 22:30:00+00:00,6661
2024-01-10 04:00:00+00:00,2024-01-09 02:30:00+00:00,6685
2024-01-10 04:00:00+00:00,2024-01-09 04:30:00+00:00,6687
2024-01-10 04:00:00+00:00,2024-01-09 07:30:00+00:00,6783
2024-01-10 04:00:00+00:00,2024-01-09 09:30:00+00:00,6786
2024-01-10 04:00:00+00:00,2024-01-09 11:30:00+00:00,6784
2024-01-10 04:00:00+00:00,2024-01-09 15:30:00+00:00,6933
2024-01-10 04:00:00+00:00,2024-01-09 18:30:00+00:00,6729
2024-01-10 04:00:00+00:00,2024-01-09 22:30:00+00:00,6723
2024-01-10 05:00:00+00:00,2024-01-08 02:30:00+00:00,7048
2024-01-10 05:00:00+00:00,2024-01-08 04:30:00+00:00,7040
2024-01-10 05:00:00+00:00,2024-01-08 07:30:00+00:00,6926
2024-01-10 05:00:00+00:00,2024-01-08 09:30:00+00:00,6918
2024-01-10 05:00:00+00:00,2024-01-08 11:30:00+00:00,6861
2024-01-10 05:00:00+00:00,2024-01-08 15:30:00+00:00,6550
2024-01-10 05:00:00+00:00,2024-01-08 18:30:00+00:00,6594
2024-01-10 05:00:00+00:00,2024-01-08 22:30:00+00:00,6597
2024-01-10 05:00:00+00:00,2024-01-09 02:30:00+00:00,6662
2024-01-10 05:00:00+00:00,2024-01-09 04:30:00+00:00,6662
2024-01-10 05:00:00+00:00,2024-01-09 07:30:00+00:00,6718
2024-01-10 05:00:00+00:00,2024-01-09 09:30:00+00:00,6721
2024-01-10 05:00:00+00:00,2024-01-09 11:30:00+00:00,6717
2024-01-10 05:00:00+00:00,2024-01-09 15:30:00+00:00,6867
2024-01-10 05:00:00+00:00,2024-01-09 18:30:00+00:00,6744
2024-01-10 05:00:00+00:00,2024-01-09 22:30:00+00:00,6735
2024-01-10 06:00:00+00:00,2024-01-08 02:30:00+00:00,6981
2024-01-10 06:00:00+00:00,2024-01-08 04:30:00+00:00,6975
2024-01-10 06:00:00+00:00,2024-01-08 07:30:00+00:00,6896
2024-01-10 06:00:00+00:00,2024-01-08 09:30:00+00:00,6888
2024-01-10 06:00:00+00:00,2024-01-08 11:30:00+00:00,6880
2024-01-10 06:00:00+00:00,2024-01-08 15:30:00+00:00,6578
2024-01-10 06:00:00+00:00,2024-01-08 18:30:00+00:00,6601
2024-01-10 06:00:00+00:00,2024-01-08 22:30:00+00:00,6595
2024-01-10 06:00:00+00:00,2024-01-09 02:30:00+00:00,6626
2024-01-10 06:00:00+00:00,2024-01-09 04:30:00+00:00,6657
2024-01-10 06:00:00+00:00,2024-01-09 07:30:00+00:00,6703
2024-01-10 06:00:00+00:00,2024-01-09 09:30:00+00:00,6705
2024-01-10 06:00:00+00:00,2024-01-09 11:30:00+00:00,6694
2024-01-10 06:00:00+00:00,2024-01-09 15:30:00+00:00,6900
2024-01-10 06:00:00+00:00,2024-01-09 18:30:00+00:00,6848
2024-01-10 06:00:00+00:00,2024-01-09 22:30:00+00:00,6844
2024-01-10 07:00:00+00:00,2024-01-08 02:30:00+00:00,6785
2024-01-10 07:00:00+00:00,2024-01-08 04:30:00+00:00,6780
2024-01-10 07:00:00+00:00,2024-01-08 07:30:00+00:00,6694
2024-01-10 07:00:00+00:00,2024-01-08 09:30:00+00:00,6686
2024-01-10 07:00:00+00:00,2024-01-08 11:30:00+00:00,6677
2024-01-10 07:00:00+00:00,2024-01-08 15:30:00+00:00,6404
2024-01-10 07:00:00+00:00,2024-01-08 18:30:00+00:00,6363
2024-01-10 07:00:00+00:00,2024-01-08 22:30:00+00:00,6365
2024-01-10 07:00:00+00:00,2024-01-09 02:30:00+00:00,6462
2024-01-10 07:00:00+00:00,2024-01-09 04:30:00+00:00,6460
2024-01-10 07:00:00+00:00,2024-01-09 07:30:00+00:00,6566
2024-01-10 07:00:00+00:00,2024-01-09 09:30:00+00:00,6568
2024-01-10 07:00:00+00:00,2024-01-09 11:30:00+00:00,6569
2024-01-10 07:00:00+00:00,2024-01-09 15:30:00+00:00,6842
2024-01-10 07:00:00+00:00,2024-01-09 18:30:00+00:00,6727
2024-01-10 07:00:00+00:00,2024-01-09 22:30:00+00:00,6720
2024-01-10 08:00:00+00:00,2024-01-08 02:30:00+00:00,6601
2024-01-10 08:00:00+00:00,2024-01-08 04:30:00+00:00,6596
2024-01-10 08:00:00+00:00,2024-01-08 07:30:00+00:00,6505
2024-01-10 08:00:00+00:00,2024-01-08 09:30:00+00:00,6496
2024-01-10 08:00:00+00:00,2024-01-08 11:30:00+00:00,6487
2024-01-10 08:00:00+00:00,2024-01-08 15:30:00+00:00,6243
2024-01-10 08:00:00+00:00,2024-01-08 18:30:00+00:00,6235
2024-01-10 08:00:00+00:00,2024-01-08 22:30:00+00:00,6235
2024-01-10 08:00:00+00:00,2024-01-09 02:30:00+00:00,6296
2024-01-10 08:00:00+00:00,2024-01-09 04:30:00+00:00,6295
2024-01-10 08:00:00+00:00,2024-01-09 07:30:00+00:00,6423
2024-01-10 08:00:00+00:00,2024-01-09 09:30:00+00:00,6424
2024-01-10 08:00:00+00:00,2024-01-09 11:30:00+00:00,6427
2024-01-10 08:00:00+00:00,2024-01-09 15:30:00+00:00,6742
2024-01-10 08:00:00+00:00,2024-01-09 18:30:00+00:00,6622
2024-01-10 08:00:00+00:00,2024-01-09 22:30:00+00:00,6617
2024-01-10 09:00:00+00:00,2024-01-08 02:30:00+00:00,6428
2024-01-10 09:00:00+00:00,2024-01-08 04:30:00+00:00,6424
2024-01-10 09:00:00+00:00,2024-01-08 07:30:00+00:00,6329
2024-01-10 09:00:00+00:00,2024-01-08 09:30:00+00:00,6320
2024-01-10 09:00:00+00:00,2024-01-08 11:30:00+00:00,6310
2024-01-10 09:00:00+00:00,2024-01-08 15:30:00+00:00,6094
2024-01-10 09:00:00+00:00,2024-01-08 18:30:00+00:00,6129
2024-01-10 09:00:00+00:00,2024-01-08 22:30:00+00:00,6119
2024-01-10 09:00:00+00:00,2024-01-09 02:30:00+00:00,6158
2024-01-10 09:00:00+00:00,2024-01-09 04:30:00+00:00,6191
2024-01-10 09:00:00+00:00,2024-01-09 07:30:00+00:00,6226
2024-01-10 09:00:00+00:00,2024-01-09 09:30:00+00:00,6228
2024-01-10 09:00:00+00:00,2024-01-09 11:30:00+00:00,6217
2024-01-10 09:00:00+00:00,2024-01-09 15:30:00+00:00,6551
2024-01-10 09:00:00+00:00,2024-01-09 18:30:00+00:00,6510
2024-01-10 09:00:00+00:00,2024-01-09 22:30:00+00:00,6505
2024-01-10 10:00:00+00:00,2024-01-08 02:30:00+00:00,6299
2024-01-10 10:00:00+00:00,2024-01-08 04:30:00+00:00,6295
2024-01-10 10:00:00+00:00,2024-01-08 07:30:00+00:00,6178
2024-01-10 10:00:00+00:00,2024-01-08 09:30:00+00:00,6172
2024-01-10 10:00:00+00:00,2024-01-08 11:30:00+00:00,6163
2024-01-10 10:00:00+00:00,2024-01-08 15:30:00+00:00,5941
2024-01-10 10:00:00+00:00,2024-01-08 18:30:00+00:00,5459
2024-01-10 10:00:00+00:00,2024-01-08 22:30:00+00:00,5450
2024-01-10 10:00:00+00:00,2024-01-09 02:30:00+00:00,5763
2024-01-10 10:00:00+00:00,2024-01-09 04:30:00+00:00,5761
2024-01-10 10:00:00+00:00,2024-01-09 07:30:00+00:00,5962
2024-01-10 10:00:00+00:00,2024-01-09 09:30:00+00:00,5965
2024-01-10 10:00:00+00:00,2024-01-09 11:30:00+00:00,5971
2024-01-10 10:00:00+00:00,2024-01-09 15:30:00+00:00,6303
2024-01-10 10:00:00+00:00,2024-01-09 18:30:00+00:00,6358
2024-01-10 10:00:00+00:00,2024-01-09 22:30:00+00:00,6350
2024-01-10 11:00:00+00:00,2024-01-08 02:30:00+00:00,6171
2024-01-10 11:00:00+00:00,2024-01-08 04:30:00+00:00,6168
2024-01-10 11:00:00+00:00,2024-01-08 07:30:00+00:00,6034
2024-01-10 11:00:00+00:00,2024-01-08 09:30:00+00:00,6029
2024-01-10 11:00:00+00:00,2024-01-08 11:30:00+00:00,6022
2024-01-10 11:00:00+00:00,2024-01-08 15:30:00+00:00,5793
2024-01-10 11:00:00+00:00,2024-01-08 18:30:00+00:00,5382
2024-01-10 11:00:00+00:00,2024-01-08 22:30:00+00:00,5372
2024-01-10 11:00:00+00:00,2024-01-09 02:30:00+00:00,5596
2024-01-10 11:00:00+00:00,2024-01-09 04:30:00+00:00,5594
2024-01-10 11:00:00+00:00,2024-01-09 07:30:00+00:00,5806
2024-01-10 11:00:00+00:00,2024-01-09 09:30:00+00:00,5811
2024-01-10 11:00:00+00:00,2024-01-09 11:30:00+00:00,5822
2024-01-10 11:00:00+00:00,2024-01-09 15:30:00+00:00,6147
2024-01-10 11:00:00+00:00,2024-01-09 18:30:00+00:00,6265
2024-01-10 11:00:00+00:00,2024-01-09 22:30:00+00:00,6263
2024-01-10 12:00:00+00:00,2024-01-08 02:30:00+00:00,6045
2024-01-10 12:00:00+00:00,2024-01-08 04:30:00+00:00,6043
2024-01-10 12:00:00+00:00,2024-01-08 07:30:00+00:00,5895
2024-01-10 12:00:00+00:00,2024-01-08 09:30:00+00:00,5892
2024-01-10 12:00:00+00:00,2024-01-08 11:30:00+00:00,5885
2024-01-10 12:00:00+00:00,2024-01-08 15:30:00+00:00,5647
2024-01-10 12:00:00+00:00,2024-01-08 18:30:00+00:00,5299
2024-01-10 12:00:00+00:00,2024-01-08 22:30:00+00:00,5290
2024-01-10 12:00:00+00:00,2024-01-09 02:30:00+00:00,5487
2024-01-10 12:00:00+00:00,2024-01-09 04:30:00+00:00,5504
2024-01-10 12:00:00+00:00,2024-01-09 07:30:00+00:00,5701
2024-01-10 12:00:00+00:00,2024-01-09 09:30:00+00:00,5705
2024-01-10 12:00:00+00:00,2024-01-09 11:30:00+00:00,5684
2024-01-10 12:00:00+00:00,2024-01-09 15:30:00+00:00,6046
2024-01-10 12:00:00+00:00,2024-01-09 18:30:00+00:00,6349
2024-01-10 12:00:00+00:00,2024-01-09 22:30:00+00:00,6348
2024-01-10 13:00:00+00:00,2024-01-08 02:30:00+00:00,6241
2024-01-10 13:00:00+00:00,2024-01-08 04:30:00+00:00,6237
2024-01-10 13:00:00+00:00,2024-01-08 07:30:00+00:00,6094
2024-01-10 13:00:00+00:00,2024-01-08 09:30:00+00:00,6091
2024-01-10 13:00:00+00:00,2024-01-08 11:30:00+00:00,6084
2024-01-10 13:00:00+00:00,2024-01-08 15:30:00+00:00,5845
2024-01-10 13:00:00+00:00,2024-01-08 18:30:00+00:00,5465
2024-01-10 13:00:00+00:00,2024-01-08 22:30:00+00:00,5454
2024-01-10 13:00:00+00:00,2024-01-09 02:30:00+00:00,5640
2024-01-10 13:00:00+00:00,2024-01-09 04:30:00+00:00,5639
2024-01-10 13:00:00+00:00,2024-01-09 07:30:00+00:00,5901
2024-01-10 13:00:00+00:00,2024-01-09 09:30:00+00:00,5905
2024-01-10 13:00:00+00:00,2024-01-09 11:30:00+00:00,5897
2024-01-10 13:00:00+00:00,2024-01-09 15:30:00+00:00,6230
2024-01-10 13:00:00+00:00,2024-01-09 18:30:00+00:00,6530
2024-01-10 13:00:00+00:00,2024-01-09 22:30:00+00:00,6531
2024-01-10 14:00:00+00:00,2024-01-08 02:30:00+00:00,6444
2024-01-10 14:00:00+00:00,2024-01-08 04:30:00+00:00,6440
2024-01-10 14:00:00+00:00,2024-01-08 07:30:00+00:00,6302
2024-01-10 14:00:00+00:00,2024-01-08 09:30:00+00:00,6299
2024-01-10 14:00:00+00:00,2024-01-08 11:30:00+00:00,6292
2024-01-10 14:00:00+00:00,2024-01-08 15:30:00+00:00,6053
2024-01-10 14:00:00+00:00,2024-01-08 18:30:00+00:00,5638
2024-01-10 14:00:00+00:00,2024-01-08 22:30:00+00:00,5626
2024-01-10 14:00:00+00:00,2024-01-09 02:30:00+00:00,5751
2024-01-10 14:00:00+00:00,2024-01-09 04:30:00+00:00,5751
2024-01-10 14:00:00+00:00,2024-01-09 07:30:00+00:00,6043
2024-01-10 14:00:00+00:00,2024-01-09 09:30:00+00:00,6047
2024-01-10 14:00:00+00:00,2024-01-09 11:30:00+00:00,6028
2024-01-10 14:00:00+00:00,2024-01-09 15:30:00+00:00,6408
2024-01-10 14:00:00+00:00,2024-01-09 18:30:00+00:00,6805
2024-01-10 14:00:00+00:00,2024-01-09 22:30:00+00:00,6811
2024-01-10 15:00:00+00:00,2024-01-08 02:30:00+00:00,6654
2024-01-10 15:00:00+00:00,2024-01-08 04:30:00+00:00,6649
2024-01-10 15:00:00+00:00,2024-01-08 07:30:00+00:00,6518
2024-01-10 15:00:00+00:00,2024-01-08 09:30:00+00:00,6515
2024-01-10 15:00:00+00:00,2024-01-08 11:30:00+00:00,6509
2024-01-10 15:00:00+00:00,2024-01-08 15:30:00+00:00,6272
2024-01-10 15:00:00+00:00,2024-01-08 18:30:00+00:00,5819
2024-01-10 15:00:00+00:00,2024-01-08 22:30:00+00:00,5805
2024-01-10 15:00:00+00:00,2024-01-09 02:30:00+00:00,5876
2024-01-10 15:00:00+00:00,2024-01-09 04:30:00+00:00,5897
2024-01-10 15:00:00+00:00,2024-01-09 07:30:00+00:00,6170
2024-01-10 15:00:00+00:00,2024-01-09 09:30:00+00:00,6175
2024-01-10 15:00:00+00:00,2024-01-09 11:30:00+00:00,6143
2024-01-10 15:00:00+00:00,2024-01-09 15:30:00+00:00,6648
2024-01-10 15:00:00+00:00,2024-01-09 18:30:00+00:00,7099
2024-01-10 15:00:00+00:00,2024-01-09 22:30:00+00:00,7106
2024-01-10 16:00:00+00:00,2024-01-08 02:30:00+00:00,6907
2024-01-10 16:00:00+00:00,2024-01-08 04:30:00+00:00,6901
2024-01-10 16:00:00+00:00,2024-01-08 07:30:00+00:00,6770
2024-01-10 16:00:00+00:00,2024-01-08 09:30:00+00:00,6766
2024-01-10 16:00:00+00:00,2024-01-08 11:30:00+00:00,6759
2024-01-10 16:00:00+00:00,2024-01-08 15:30:00+00:00,6479
2024-01-10 16:00:00+00:00,2024-01-08 18:30:00+00:00,5988
2024-01-10 16:00:00+00:00,2024-01-08 22:30:00+00:00,5974
2024-01-10 16:00:00+00:00,2024-01-09 02:30:00+00:00,6011
2024-01-10 16:00:00+00:00,2024-01-09 04:30:00+00:00,6019
2024-01-10 16:00:00+00:00,2024-01-09 07:30:00+00:00,6318
2024-01-10 16:00:00+00:00,2024-01-09 09:30:00+00:00,6326
2024-01-10 16:00:00+00:00,2024-01-09 11:30:00+00:00,6319
2024-01-10 16:00:00+00:00,2024-01-09 15:30:00+00:00,6855
2024-01-10 16:00:00+00:00,2024-01-09 18:30:00+00:00,7443
2024-01-10 16:00:00+00:00,2024-01-09 22:30:00+00:00,7446
2024-01-10 17:00:00+00:00,2024-01-08 02:30:00+00:00,7169
2024-01-10 17:00:00+00:00,2024-01-08 04:30:00+00:00,7160
2024-01-10 17:00:00+00:00,2024-01-08 07:30:00+00:00,7031
2024-01-10 17:00:00+00:00,2024-01-08 09:30:00+00:00,7025
2024-01-10 17:00:00+00:00,2024-01-08 11:30:00+00:00,7018
2024-01-10 17:00:00+00:00,2024-01-08 15:30:00+00:00,6694
2024-01-10 17:00:00+00:00,2024-01-08 18:30:00+00:00,6163
2024-01-10 17:00:00+00:00,2024-01-08 22:30:00+00:00,6149
2024-01-10 17:00:00+00:00,2024-01-09 02:30:00+00:00,6232
2024-01-10 17:00:00+00:00,2024-01-09 04:30:00+00:00,6229
2024-01-10 17:00:00+00:00,2024-01-09 07:30:00+00:00,6468
2024-01-10 17:00:00+00:00,2024-01-09 09:30:00+00:00,6474
2024-01-10 17:00:00+00:00,2024-01-09 11:30:00+00:00,6460
2024-01-10 17:00:00+00:00,2024-01-09 15:30:00+00:00,7046
2024-01-10 17:00:00+00:00,2024-01-09 18:30:00+00:00,7595
2024-01-10 17:00:00+00:00,2024-01-09 22:30:00+00:00,7590
2024-01-10 18:00:00+00:00,2024-01-08 02:30:00+00:00,7438
2024-01-10 18:00:00+00:00,2024-01-08 04:30:00+00:00,7427
2024-01-10 18:00:00+00:00,2024-01-08 07:30:00+00:00,7301
2024-01-10 18:00:00+00:00,2024-01-08 09:30:00+00:00,7294
2024-01-10 18:00:00+00:00,2024-01-08 11:30:00+00:00,7287
2024-01-10 18:00:00+00:00,2024-01-08 15:30:00+00:00,6917
2024-01-10 18:00:00+00:00,2024-01-08 18:30:00+00:00,6346
2024-01-10 18:00:00+00:00,2024-01-08 22:30:00+00:00,6332
2024-01-10 18:00:00+00:00,2024-01-09 02:30:00+00:00,6460
2024-01-10 18:00:00+00:00,2024-01-09 04:30:00+00:00,6446
2024-01-10 18:00:00+00:00,2024-01-09 07:30:00+00:00,6545
2024-01-10 18:00:00+00:00,2024-01-09 09:30:00+00:00,6544
2024-01-10 18:00:00+00:00,2024-01-09 11:30:00+00:00,6492
2024-01-10 18:00:00+00:00,2024-01-09 15:30:00+00:00,7094
2024-01-10 18:00:00+00:00,2024-01-09 18:30:00+00:00,7628
2024-01-10 18:00:00+00:00,2024-01-09 22:30:00+00:00,7625
2024-01-10 19:00:00+00:00,2024-01-08 02:30:00+00:00,7310
2024-01-10 19:00:00+00:00,2024-01-08 04:30:00+00:00,7297
2024-01-10 19:00:00+00:00,2024-01-08 07:30:00+00:00,7145
2024-01-10 19:00:00+00:00,2024-01-08 09:30:00+00:00,7137
2024-01-10 19:00:00+00:00,2024-01-08 11:30:00+00:00,7131
2024-01-10 19:00:00+00:00,2024-01-08 15:30:00+00:00,6714
2024-01-10 19:00:00+00:00,2024-01-08 18:30:00+00:00,6088
2024-01-10 19:00:00+00:00,2024-01-08 22:30:00+00:00,6074
2024-01-10 19:00:00+00:00,2024-01-09 02:30:00+00:00,6185
2024-01-10 19:00:00+00:00,2024-01-09 04:30:00+00:00,6168
2024-01-10 19:00:00+00:00,2024-01-09 07:30:00+00:00,6231
2024-01-10 19:00:00+00:00,2024-01-09 09:30:00+00:00,6233
2024-01-10 19:00:00+00:00,2024-01-09 11:30:00+00:00,6229
2024-01-10 19:00:00+00:00,2024-01-09 15:30:00+00:00,6742
2024-01-10 19:00:00+00:00,2024-01-09 18:30:00+00:00,7254
2024-01-10 19:00:00+00:00,2024-01-09 22:30:00+00:00,7257
2024-01-10 20:00:00+00:00,2024-01-08 02:30:00+00:00,7176
2024-01-10 20:00:00+00:00,2024-01-08 04:30:00+00:00,7159
2024-01-10 20:00:00+00:00,2024-01-08 07:30:00+00:00,6982
2024-01-10 20:00:00+00:00,2024-01-08 09:30:00+00:00,6975
2024-01-10 20:00:00+00:00,2024-01-08 11:30:00+00:00,6970
2024-01-10 20:00:00+00:00,2024-01-08 15:30:00+00:00,6504
2024-01-10 20:00:00+00:00,2024-01-08 18:30:00+00:00,5825
2024-01-10 20:00:00+00:00,2024-01-08 22:30:00+00:00,5811
2024-01-10 20:00:00+00:00,2024-01-09 02:30:00+00:00,5905
2024-01-10 20:00:00+00:00,2024-01-09 04:30:00+00:00,5885
2024-01-10 20:00:00+00:00,2024-01-09 07:30:00+00:00,5869
2024-01-10 20:00:00+00:00,2024-01-09 09:30:00+00:00,5871
2024-01-10 20:00:00+00:00,2024-01-09 11:30:00+00:00,5875
2024-01-10 20:00:00+00:00,2024-01-09 15:30:00+00:00,6353
2024-01-10 20:00:00+00:00,2024-01-09 18:30:00+00:00,6789
2024-01-10 20:00:00+00:00,2024-01-09 22:30:00+00:00,6790
2024-01-10 21:00:00+00:00,2024-01-08 02:30:00+00:00,7037
2024-01-10 21:00:00+00:00,2024-01-08 04:30:00+00:00,7017
2024-01-10 21:00:00+00:00,2024-01-08 07:30:00+00:00,6814
2024-01-10 21:00:00+00:00,2024-01-08 09:30:00+00:00,6808
2024-01-10 21:00:00+00:00,2024-01-08 11:30:00+00:00,6803
2024-01-10 21:00:00+00:00,2024-01-08 15:30:00+00:00,6290
2024-01-10 21:00:00+00:00,2024-01-08 18:30:00+00:00,5561
2024-01-10 21:00:00+00:00,2024-01-08 22:30:00+00:00,5546
2024-01-10 21:00:00+00:00,2024-01-09 02:30:00+00:00,5623
2024-01-10 21:00:00+00:00,2024-01-09 04:30:00+00:00,5600
2024-01-10 21:00:00+00:00,2024-01-09 07:30:00+00:00,5624
2024-01-10 21:00:00+00:00,2024-01-09 09:30:00+00:00,5623
2024-01-10 21:00:00+00:00,2024-01-09 11:30:00+00:00,5592
2024-01-10 21:00:00+00:00,2024-01-09 15:30:00+00:00,6001
2024-01-10 21:00:00+00:00,2024-01-09 18:30:00+00:00,6257
2024-01-10 21:00:00+00:00,2024-01-09 22:30:00+00:00,6256
2024-01-10 21:00:00+00:00,2024-01-10 02:30:00+00:00,6583
2024-01-10 21:00:00+00:00,2024-01-10 04:30:00+00:00,6593
2024-01-10 21:00:00+00:00,2024-01-10 07:30:00+00:00,6614
2024-01-10 21:00:00+00:00,2024-01-10 09:30:00+00:00,6614
2024-01-10 21:00:00+00:00,2024-01-10 11:30:00+00:00,6620
2024-01-10 21:00:00+00:00,2024-01-10 15:30:00+00:00,6695
2024-01-10 21:00:00+00:00,2024-01-10 18:30:00+00:00,6868
2024-01-10 21:00:00+00:00,2024-01-10 22:30:00+00:00,6860
2024-01-10 22:00:00+00:00,2024-01-09 02:30:00+00:00,5363
2024-01-10 22:00:00+00:00,2024-01-09 04:30:00+00:00,5338
2024-01-10 22:00:00+00:00,2024-01-09 07:30:00+00:00,5403
2024-01-10 22:00:00+00:00,2024-01-09 09:30:00+00:00,5399
2024-01-10 22:00:00+00:00,2024-01-09 11:30:00+00:00,5303
2024-01-10 22:00:00+00:00,2024-01-09 15:30:00+00:00,5568
2024-01-10 22:00:00+00:00,2024-01-09 18:30:00+00:00,5608
2024-01-10 22:00:00+00:00,2024-01-09 22:30:00+00:00,5610
2024-01-10 22:00:00+00:00,2024-01-10 02:30:00+00:00,5836
2024-01-10 22:00:00+00:00,2024-01-10 04:30:00+00:00,5844
2024-01-10 22:00:00+00:00,2024-01-10 07:30:00+00:00,5905
2024-01-10 22:00:00+00:00,2024-01-10 09:30:00+00:00,5908
2024-01-10 22:00:00+00:00,2024-01-10 11:30:00+00:00,5910
2024-01-10 22:00:00+00:00,2024-01-10 15:30:00+00:00,5980
2024-01-10 22:00:00+00:00,2024-01-10 18:30:00+00:00,6127
2024-01-10 22:00:00+00:00,2024-01-10 22:30:00+00:00,6126
2024-01-10 23:00:00+00:00,2024-01-09 02:30:00+00:00,5109
2024-01-10 23:00:00+00:00,2024-01-09 04:30:00+00:00,5082
2024-01-10 23:00:00+00:00,2024-01-09 07:30:00+00:00,5148
2024-01-10 23:00:00+00:00,2024-01-09 09:30:00+00:00,5140
2024-01-10 23:00:00+00:00,2024-01-09 11:30:00+00:00,4996
2024-01-10 23:00:00+00:00,2024-01-09 15:30:00+00:00,5289
2024-01-10 23:00:00+00:00,2024-01-09 18:30:00+00:00,5248
2024-01-10 23:00:00+00:00,2024-01-09 22:30:00+00:00,5250
2024-01-10 23:00:00+00:00,2024-01-10 02:30:00+00:00,5312
2024-01-10 23:00:00+00:00,2024-01-10 04:30:00+00:00,5319
2024-01-10 23:00:00+00:00,2024-01-10 07:30:00+00:00,5280
2024-01-10 23:00:00+00:00,2024-01-10 09:30:00+00:00,5282
2024-01-10 23:00:00+00:00,2024-01-10 11:30:00+00:00,5286
2024-01-10 23:00:00+00:00,2024-01-10 15:30:00+00:00,5313
2024-01-10 23:00:00+00:00,2024-01-10 18:30:00+00:00,5461
2024-01-10 23:00:00+00:00,2024-01-10 22:30:00+00:00,5462
2024-01-11 00:00:00+00:00,2024-01-09 02:30:00+00:00,4862
2024-01-11 00:00:00+00:00,2024-01-09 04:30:00+00:00,4832
2024-01-11 00:00:00+00:00,2024-01-09 07:30:00+00:00,4898
2024-01-11 00:00:00+00:00,2024-01-09 09:30:00+00:00,4888
2024-01-11 00:00:00+00:00,2024-01-09 11:30:00+00:00,4746
2024-01-11 00:00:00+00:00,2024-01-09 15:30:00+00:00,5169
2024-01-11 00:00:00+00:00,2024-01-09 18:30:00+00:00,5122
2024-01-11 00:00:00+00:00,2024-01-09 22:30:00+00:00,5120
2024-01-11 00:00:00+00:00,2024-01-10 02:30:00+00:00,5087
2024-01-11 00:00:00+00:00,2024-01-10 04:30:00+00:00,5091
2024-01-11 00:00:00+00:00,2024-01-10 07:30:00+00:00,4945
2024-01-11 00:00:00+00:00,2024-01-10 09:30:00+00:00,4947
2024-01-11 00:00:00+00:00,2024-01-10 11:30:00+00:00,4947
2024-01-11 00:00:00+00:00,2024-01-10 15:30:00+00:00,4895
2024-01-11 00:00:00+00:00,2024-01-10 18:30:00+00:00,5043
2024-01-11 00:00:00+00:00,2024-01-10 22:30:00+00:00,5046
2024-01-11 01:00:00+00:00,2024-01-09 02:30:00+00:00,5010
2024-01-11 01:00:00+00:00,2024-01-09 04:30:00+00:00,4981
2024-01-11 01:00:00+00:00,2024-01-09 07:30:00+00:00,5042
2024-01-11 01:00:00+00:00,2024-01-09 09:30:00+00:00,5033
2024-01-11 01:00:00+00:00,2024-01-09 11:30:00+00:00,4846
2024-01-11 01:00:00+00:00,2024-01-09 15:30:00+00:00,5247
2024-01-11 01:00:00+00:00,2024-01-09 18:30:00+00:00,5139
2024-01-11 01:00:00+00:00,2024-01-09 22:30:00+00:00,5141
2024-01-11 01:00:00+00:00,2024-01-10 02:30:00+00:00,5077
2024-01-11 01:00:00+00:00,2024-01-10 04:30:00+00:00,5077
2024-01-11 01:00:00+00:00,2024-01-10 07:30:00+00:00,4865
2024-01-11 01:00:00+00:00,2024-01-10 09:30:00+00:00,4867
2024-01-11 01:00:00+00:00,2024-01-10 11:30:00+00:00,4865
2024-01-11 01:00:00+00:00,2024-01-10 15:30:00+00:00,4675
2024-01-11 01:00:00+00:00,2024-01-10 18:30:00+00:00,4689
2024-01-11 01:00:00+00:00,2024-01-10 22:30:00+00:00,4691
2024-01-11 02:00:00+00:00,2024-01-09 02:30:00+00:00,5181
2024-01-11 02:00:00+00:00,2024-01-09 04:30:00+00:00,5153
2024-01-11 02:00:00+00:00,2024-01-09 07:30:00+00:00,5208
2024-01-11 02:00:00+00:00,2024-01-09 09:30:00+00:00,5199
2024-01-11 02:00:00+00:00,2024-01-09 11:30:00+00:00,5000
2024-01-11 02:00:00+00:00,2024-01-09 15:30:00+00:00,5408
2024-01-11 02:00:00+00:00,2024-01-09 18:30:00+00:00,5348
2024-01-11 02:00:00+00:00,2024-01-09 22:30:00+00:00,5349
2024-01-11 02:00:00+00:00,2024-01-10 02:30:00+00:00,5211
2024-01-11 02:00:00+00:00,2024-01-10 04:30:00+00:00,5211
2024-01-11 02:00:00+00:00,2024-01-10 07:30:00+00:00,4924
2024-01-11 02:00:00+00:00,2024-01-10 09:30:00+00:00,4926
2024-01-11 02:00:00+00:00,2024-01-10 11:30:00+00:00,4922
2024-01-11 02:00:00+00:00,2024-01-10 15:30:00+00:00,4653
2024-01-11 02:00:00+00:00,2024-01-10 18:30:00+00:00,4484
2024-01-11 02:00:00+00:00,2024-01-10 22:30:00+00:00,4486
2024-01-11 03:00:00+00:00,2024-01-09 02:30:00+00:00,5375
2024-01-11 03:00:00+00:00,2024-01-09 04:30:00+00:00,5347
2024-01-11 03:00:00+00:00,2024-01-09 07:30:00+00:00,5393
2024-01-11 03:00:00+00:00,2024-01-09 09:30:00+00:00,5385
2024-01-11 03:00:00+00:00,2024-01-09 11:30:00+00:00,5223
2024-01-11 03:00:00+00:00,2024-01-09 15:30:00+00:00,5600
2024-01-11 03:00:00+00:00,2024-01-09 18:30:00+00:00,5452
2024-01-11 03:00:00+00:00,2024-01-09 22:30:00+00:00,5448
2024-01-11 03:00:00+00:00,2024-01-10 02:30:00+00:00,5292
2024-01-11 03:00:00+00:00,2024-01-10 04:30:00+00:00,5295
2024-01-11 03:00:00+00:00,2024-01-10 07:30:00+00:00,4949
2024-01-11 03:00:00+00:00,2024-01-10 09:30:00+00:00,4950
2024-01-11 03:00:00+00:00,2024-01-10 11:30:00+00:00,4944
2024-01-11 03:00:00+00:00,2024-01-10 15:30:00+00:00,4513
2024-01-11 03:00:00+00:00,2024-01-10 18:30:00+00:00,4288
2024-01-11 03:00:00+00:00,2024-01-10 22:30:00+00:00,4290
2024-01-11 04:00:00+00:00,2024-01-09 02:30:00+00:00,5713
2024-01-11 04:00:00+00:00,2024-01-09 04:30:00+00:00,5690
2024-01-11 04:00:00+00:00,2024-01-09 07:30:00+00:00,5722
2024-01-11 04:00:00+00:00,2024-01-09 09:30:00+00:00,5714
2024-01-11 04:00:00+00:00,2024-01-09 11:30:00+00:00,5615
2024-01-11 04:00:00+00:00,2024-01-09 15:30:00+00:00,5387
2024-01-11 04:00:00+00:00,2024-01-09 18:30:00+00:00,5430
2024-01-11 04:00:00+00:00,2024-01-09 22:30:00+00:00,5433
2024-01-11 04:00:00+00:00,2024-01-10 02:30:00+00:00,5327
2024-01-11 04:00:00+00:00,2024-01-10 04:30:00+00:00,5327
2024-01-11 04:00:00+00:00,2024-01-10 07:30:00+00:00,5008
2024-01-11 04:00:00+00:00,2024-01-10 09:30:00+00:00,5009
2024-01-11 04:00:00+00:00,2024-01-10 11:30:00+00:00,5004
2024-01-11 04:00:00+00:00,2024-01-10 15:30:00+00:00,4553
2024-01-11 04:00:00+00:00,2024-01-10 18:30:00+00:00,4274
2024-01-11 04:00:00+00:00,2024-01-10 22:30:00+00:00,4274
2024-01-11 05:00:00+00:00,2024-01-09 02:30:00+00:00,6089
2024-01-11 05:00:00+00:00,2024-01-09 04:30:00+00:00,6071
2024-01-11 05:00:00+00:00,2024-01-09 07:30:00+00:00,6089
2024-01-11 05:00:00+00:00,2024-01-09 09:30:00+00:00,6082
2024-01-11 05:00:00+00:00,2024-01-09 11:30:00+00:00,6036
2024-01-11 05:00:00+00:00,2024-01-09 15:30:00+00:00,5732
2024-01-11 05:00:00+00:00,2024-01-09 18:30:00+00:00,5701
2024-01-11 05:00:00+00:00,2024-01-09 22:30:00+00:00,5704
2024-01-11 05:00:00+00:00,2024-01-10 02:30:00+00:00,5453
2024-01-11 05:00:00+00:00,2024-01-10 04:30:00+00:00,5452
2024-01-11 05:00:00+00:00,2024-01-10 07:30:00+00:00,5149
2024-01-11 05:00:00+00:00,2024-01-10 09:30:00+00:00,5151
2024-01-11 05:00:00+00:00,2024-01-10 11:30:00+00:00,5145
2024-01-11 05:00:00+00:00,2024-01-10 15:30:00+00:00,4731
2024-01-11 05:00:00+00:00,2024-01-10 18:30:00+00:00,4382
2024-01-11 05:00:00+00:00,2024-01-10 22:30:00+00:00,4384
2024-01-11 06:00:00+00:00,2024-01-09 02:30:00+00:00,6480
2024-01-11 06:00:00+00:00,2024-01-09 04:30:00+00:00,6466
2024-01-11 06:00:00+00:00,2024-01-09 07:30:00+00:00,6473
2024-01-11 06:00:00+00:00,2024-01-09 09:30:00+00:00,6467
2024-01-11 06:00:00+00:00,2024-01-09 11:30:00+00:00,6463
2024-01-11 06:00:00+00:00,2024-01-09 15:30:00+00:00,6092
2024-01-11 06:00:00+00:00,2024-01-09 18:30:00+00:00,5977
2024-01-11 06:00:00+00:00,2024-01-09 22:30:00+00:00,5971
2024-01-11 06:00:00+00:00,2024-01-10 02:30:00+00:00,5602
2024-01-11 06:00:00+00:00,2024-01-10 04:30:00+00:00,5610
2024-01-11 06:00:00+00:00,2024-01-10 07:30:00+00:00,5315
2024-01-11 06:00:00+00:00,2024-01-10 09:30:00+00:00,5317
2024-01-11 06:00:00+00:00,2024-01-10 11:30:00+00:00,5306
2024-01-11 06:00:00+00:00,2024-01-10 15:30:00+00:00,4919
2024-01-11 06:00:00+00:00,2024-01-10 18:30:00+00:00,4492
2024-01-11 06:00:00+00:00,2024-01-10 22:30:00+00:00,4492
2024-01-11 07:00:00+00:00,2024-01-09 02:30:00+00:00,6625
2024-01-11 07:00:00+00:00,2024-01-09 04:30:00+00:00,6614
2024-01-11 07:00:00+00:00,2024-01-09 07:30:00+00:00,6624
2024-01-11 07:00:00+00:00,2024-01-09 09:30:00+00:00,6617
2024-01-11 07:00:00+00:00,2024-01-09 11:30:00+00:00,6615
2024-01-11 07:00:00+00:00,2024-01-09 15:30:00+00:00,6180
2024-01-11 07:00:00+00:00,2024-01-09 18:30:00+00:00,6009
2024-01-11 07:00:00+00:00,2024-01-09 22:30:00+00:00,6013
2024-01-11 07:00:00+00:00,2024-01-10 02:30:00+00:00,5738
2024-01-11 07:00:00+00:00,2024-01-10 04:30:00+00:00,5738
2024-01-11 07:00:00+00:00,2024-01-10 07:30:00+00:00,5512
2024-01-11 07:00:00+00:00,2024-01-10 09:30:00+00:00,5514
2024-01-11 07:00:00+00:00,2024-01-10 11:30:00+00:00,5511
2024-01-11 07:00:00+00:00,2024-01-10 15:30:00+00:00,5052
2024-01-11 07:00:00+00:00,2024-01-10 18:30:00+00:00,4498
2024-01-11 07:00:00+00:00,2024-01-10 22:30:00+00:00,4498
2024-01-11 08:00:00+00:00,2024-01-09 02:30:00+00:00,6755
2024-01-11 08:00:00+00:00,2024-01-09 04:30:00+00:00,6746
2024-01-11 08:00:00+00:00,2024-01-09 07:30:00+00:00,6757
2024-01-11 08:00:00+00:00,2024-01-09 09:30:00+00:00,6750
2024-01-11 08:00:00+00:00,2024-01-09 11:30:00+00:00,6750
2024-01-11 08:00:00+00:00,2024-01-09 15:30:00+00:00,6264
2024-01-11 08:00:00+00:00,2024-01-09 18:30:00+00:00,5978
2024-01-11 08:00:00+00:00,2024-01-09 22:30:00+00:00,5983
2024-01-11 08:00:00+00:00,2024-01-10 02:30:00+00:00,5715
2024-01-11 08:00:00+00:00,2024-01-10 04:30:00+00:00,5715
2024-01-11 08:00:00+00:00,2024-01-10 07:30:00+00:00,5577
2024-01-11 08:00:00+00:00,2024-01-10 09:30:00+00:00,5579
2024-01-11 08:00:00+00:00,2024-01-10 11:30:00+00:00,5577
2024-01-11 08:00:00+00:00,2024-01-10 15:30:00+00:00,5100
2024-01-11 08:00:00+00:00,2024-01-10 18:30:00+00:00,4452
2024-01-11 08:00:00+00:00,2024-01-10 22:30:00+00:00,4451
2024-01-11 09:00:00+00:00,2024-01-09 02:30:00+00:00,6861
2024-01-11 09:00:00+00:00,2024-01-09 04:30:00+00:00,6854
2024-01-11 09:00:00+00:00,2024-01-09 07:30:00+00:00,6866
2024-01-11 09:00:00+00:00,2024-01-09 09:30:00+00:00,6859
2024-01-11 09:00:00+00:00,2024-01-09 11:30:00+00:00,6861
2024-01-11 09:00:00+00:00,2024-01-09 15:30:00+00:00,6337
2024-01-11 09:00:00+00:00,2024-01-09 18:30:00+00:00,6030
2024-01-11 09:00:00+00:00,2024-01-09 22:30:00+00:00,6028
2024-01-11 09:00:00+00:00,2024-01-10 02:30:00+00:00,5666
2024-01-11 09:00:00+00:00,2024-01-10 04:30:00+00:00,5691
2024-01-11 09:00:00+00:00,2024-01-10 07:30:00+00:00,5551
2024-01-11 09:00:00+00:00,2024-01-10 09:30:00+00:00,5554
2024-01-11 09:00:00+00:00,2024-01-10 11:30:00+00:00,5542
2024-01-11 09:00:00+00:00,2024-01-10 15:30:00+00:00,5055
2024-01-11 09:00:00+00:00,2024-01-10 18:30:00+00:00,4373
2024-01-11 09:00:00+00:00,2024-01-10 22:30:00+00:00,4371
2024-01-11 10:00:00+00:00,2024-01-09 02:30:00+00:00,7006
2024-01-11 10:00:00+00:00,2024-01-09 04:30:00+00:00,7002
2024-01-11 10:00:00+00:00,2024-01-09 07:30:00+00:00,7098
2024-01-11 10:00:00+00:00,2024-01-09 09:30:00+00:00,7092
2024-01-11 10:00:00+00:00,2024-01-09 11:30:00+00:00,7096
2024-01-11 10:00:00+00:00,2024-01-09 15:30:00+00:00,6666
2024-01-11 10:00:00+00:00,2024-01-09 18:30:00+00:00,5930
2024-01-11 10:00:00+00:00,2024-01-09 22:30:00+00:00,5925
2024-01-11 10:00:00+00:00,2024-01-10 02:30:00+00:00,5576
2024-01-11 10:00:00+00:00,2024-01-10 04:30:00+00:00,5577
2024-01-11 10:00:00+00:00,2024-01-10 07:30:00+00:00,5579
2024-01-11 10:00:00+00:00,2024-01-10 09:30:00+00:00,5583
2024-01-11 10:00:00+00:00,2024-01-10 11:30:00+00:00,5587
2024-01-11 10:00:00+00:00,2024-01-10 15:30:00+00:00,5130
2024-01-11 10:00:00+00:00,2024-01-10 18:30:00+00:00,4385
2024-01-11 10:00:00+00:00,2024-01-10 22:30:00+00:00,4389
2024-01-11 11:00:00+00:00,2024-01-09 02:30:00+00:00,7133
2024-01-11 11:00:00+00:00,2024-01-09 04:30:00+00:00,7132
2024-01-11 11:00:00+00:00,2024-01-09 07:30:00+00:00,7303
2024-01-11 11:00:00+00:00,2024-01-09 09:30:00+00:00,7298
2024-01-11 11:00:00+00:00,2024-01-09 11:30:00+00:00,7305
2024-01-11 11:00:00+00:00,2024-01-09 15:30:00+00:00,6965
2024-01-11 11:00:00+00:00,2024-01-09 18:30:00+00:00,6254
2024-01-11 11:00:00+00:00,2024-01-09 22:30:00+00:00,6246
2024-01-11 11:00:00+00:00,2024-01-10 02:30:00+00:00,5873
2024-01-11 11:00:00+00:00,2024-01-10 04:30:00+00:00,5875
2024-01-11 11:00:00+00:00,2024-01-10 07:30:00+00:00,5957
2024-01-11 11:00:00+00:00,2024-01-10 09:30:00+00:00,5962
2024-01-11 11:00:00+00:00,2024-01-10 11:30:00+00:00,5970
2024-01-11 11:00:00+00:00,2024-01-10 15:30:00+00:00,5540
2024-01-11 11:00:00+00:00,2024-01-10 18:30:00+00:00,4682
2024-01-11 11:00:00+00:00,2024-01-10 22:30:00+00:00,4691
2024-01-11 12:00:00+00:00,2024-01-09 02:30:00+00:00,7240
2024-01-11 12:00:00+00:00,2024-01-09 04:30:00+00:00,7242
2024-01-11 12:00:00+00:00,2024-01-09 07:30:00+00:00,7478
2024-01-11 12:00:00+00:00,2024-01-09 09:30:00+00:00,7474
2024-01-11 12:00:00+00:00,2024-01-09 11:30:00+00:00,7482
2024-01-11 12:00:00+00:00,2024-01-09 15:30:00+00:00,7226
2024-01-11 12:00:00+00:00,2024-01-09 18:30:00+00:00,6544
2024-01-11 12:00:00+00:00,2024-01-09 22:30:00+00:00,6534
2024-01-11 12:00:00+00:00,2024-01-10 02:30:00+00:00,6299
2024-01-11 12:00:00+00:00,2024-01-10 04:30:00+00:00,6299
2024-01-11 12:00:00+00:00,2024-01-10 07:30:00+00:00,6382
2024-01-11 12:00:00+00:00,2024-01-10 09:30:00+00:00,6383
2024-01-11 12:00:00+00:00,2024-01-10 11:30:00+00:00,6368
2024-01-11 12:00:00+00:00,2024-01-10 15:30:00+00:00,5962
2024-01-11 12:00:00+00:00,2024-01-10 18:30:00+00:00,5113
2024-01-11 12:00:00+00:00,2024-01-10 22:30:00+00:00,5118
2024-01-11 13:00:00+00:00,2024-01-09 02:30:00+00:00,7465
2024-01-11 13:00:00+00:00,2024-01-09 04:30:00+00:00,7465
2024-01-11 13:00:00+00:00,2024-01-09 07:30:00+00:00,7724
2024-01-11 13:00:00+00:00,2024-01-09 09:30:00+00:00,7720
2024-01-11 13:00:00+00:00,2024-01-09 11:30:00+00:00,7733
2024-01-11 13:00:00+00:00,2024-01-09 15:30:00+00:00,7497
2024-01-11 13:00:00+00:00,2024-01-09 18:30:00+00:00,6853
2024-01-11 13:00:00+00:00,2024-01-09 22:30:00+00:00,6843
2024-01-11 13:00:00+00:00,2024-01-10 02:30:00+00:00,6666
2024-01-11 13:00:00+00:00,2024-01-10 04:30:00+00:00,6665
2024-01-11 13:00:00+00:00,2024-01-10 07:30:00+00:00,6812
2024-01-11 13:00:00+00:00,2024-01-10 09:30:00+00:00,6812
2024-01-11 13:00:00+00:00,2024-01-10 11:30:00+00:00,6804
2024-01-11 13:00:00+00:00,2024-01-10 15:30:00+00:00,6410
2024-01-11 13:00:00+00:00,2024-01-10 18:30:00+00:00,5601
2024-01-11 13:00:00+00:00,2024-01-10 22:30:00+00:00,5605
2024-01-11 14:00:00+00:00,2024-01-09 02:30:00+00:00,7680
2024-01-11 14:00:00+00:00,2024-01-09 04:30:00+00:00,7679
2024-01-11 14:00:00+00:00,2024-01-09 07:30:00+00:00,7951
2024-01-11 14:00:00+00:00,2024-01-09 09:30:00+00:00,7948
2024-01-11 14:00:00+00:00,2024-01-09 11:30:00+00:00,7966
2024-01-11 14:00:00+00:00,2024-01-09 15:30:00+00:00,7749
2024-01-11 14:00:00+00:00,2024-01-09 18:30:00+00:00,7149
2024-01-11 14:00:00+00:00,2024-01-09 22:30:00+00:00,7141
2024-01-11 14:00:00+00:00,2024-01-10 02:30:00+00:00,7029
2024-01-11 14:00:00+00:00,2024-01-10 04:30:00+00:00,7031
2024-01-11 14:00:00+00:00,2024-01-10 07:30:00+00:00,7079
2024-01-11 14:00:00+00:00,2024-01-10 09:30:00+00:00,7079
2024-01-11 14:00:00+00:00,2024-01-10 11:30:00+00:00,7066
2024-01-11 14:00:00+00:00,2024-01-10 15:30:00+00:00,6688
2024-01-11 14:00:00+00:00,2024-01-10 18:30:00+00:00,5989
2024-01-11 14:00:00+00:00,2024-01-10 22:30:00+00:00,5995
2024-01-11 15:00:00+00:00,2024-01-09 02:30:00+00:00,7878
2024-01-11 15:00:00+00:00,2024-01-09 04:30:00+00:00,7876
2024-01-11 15:00:00+00:00,2024-01-09 07:30:00+00:00,8154
2024-01-11 15:00:00+00:00,2024-01-09 09:30:00+00:00,8152
2024-01-11 15:00:00+00:00,2024-01-09 11:30:00+00:00,8174
2024-01-11 15:00:00+00:00,2024-01-09 15:30:00+00:00,7978
2024-01-11 15:00:00+00:00,2024-01-09 18:30:00+00:00,7426
2024-01-11 15:00:00+00:00,2024-01-09 22:30:00+00:00,7418
2024-01-11 15:00:00+00:00,2024-01-10 02:30:00+00:00,7243
2024-01-11 15:00:00+00:00,2024-01-10 04:30:00+00:00,7248
2024-01-11 15:00:00+00:00,2024-01-10 07:30:00+00:00,7264
2024-01-11 15:00:00+00:00,2024-01-10 09:30:00+00:00,7265
2024-01-11 15:00:00+00:00,2024-01-10 11:30:00+00:00,7258
2024-01-11 15:00:00+00:00,2024-01-10 15:30:00+00:00,6881
2024-01-11 15:00:00+00:00,2024-01-10 18:30:00+00:00,6165
2024-01-11 15:00:00+00:00,2024-01-10 22:30:00+00:00,6171
2024-01-11 16:00:00+00:00,2024-01-09 02:30:00+00:00,7901
2024-01-11 16:00:00+00:00,2024-01-09 04:30:00+00:00,7897
2024-01-11 16:00:00+00:00,2024-01-09 07:30:00+00:00,8163
2024-01-11 16:00:00+00:00,2024-01-09 09:30:00+00:00,8161
2024-01-11 16:00:00+00:00,2024-01-09 11:30:00+00:00,8181
2024-01-11 16:00:00+00:00,2024-01-09 15:30:00+00:00,7954
2024-01-11 16:00:00+00:00,2024-01-09 18:30:00+00:00,7426
2024-01-11 16:00:00+00:00,2024-01-09 22:30:00+00:00,7420
2024-01-11 16:00:00+00:00,2024-01-10 02:30:00+00:00,7393
2024-01-11 16:00:00+00:00,2024-01-10 04:30:00+00:00,7387
2024-01-11 16:00:00+00:00,2024-01-10 07:30:00+00:00,7311
2024-01-11 16:00:00+00:00,2024-01-10 09:30:00+00:00,7314
2024-01-11 16:00:00+00:00,2024-01-10 11:30:00+00:00,7326
2024-01-11 16:00:00+00:00,2024-01-10 15:30:00+00:00,7009
2024-01-11 16:00:00+00:00,2024-01-10 18:30:00+00:00,6383
2024-01-11 16:00:00+00:00,2024-01-10 22:30:00+00:00,6388
2024-01-11 17:00:00+00:00,2024-01-09 02:30:00+00:00,7925
2024-01-11 17:00:00+00:00,2024-01-09 04:30:00+00:00,7919
2024-01-11 17:00:00+00:00,2024-01-09 07:30:00+00:00,8173
2024-01-11 17:00:00+00:00,2024-01-09 09:30:00+00:00,8170
2024-01-11 17:00:00+00:00,2024-01-09 11:30:00+00:00,8187
2024-01-11 17:00:00+00:00,2024-01-09 15:30:00+00:00,7933
2024-01-11 17:00:00+00:00,2024-01-09 18:30:00+00:00,7429
2024-01-11 17:00:00+00:00,2024-01-09 22:30:00+00:00,7425
2024-01-11 17:00:00+00:00,2024-01-10 02:30:00+00:00,7451
2024-01-11 17:00:00+00:00,2024-01-10 04:30:00+00:00,7433
2024-01-11 17:00:00+00:00,2024-01-10 07:30:00+00:00,7344
2024-01-11 17:00:00+00:00,2024-01-10 09:30:00+00:00,7348
2024-01-11 17:00:00+00:00,2024-01-10 11:30:00+00:00,7364
2024-01-11 17:00:00+00:00,2024-01-10 15:30:00+00:00,7104
2024-01-11 17:00:00+00:00,2024-01-10 18:30:00+00:00,6597
2024-01-11 17:00:00+00:00,2024-01-10 22:30:00+00:00,6598
2024-01-11 18:00:00+00:00,2024-01-09 02:30:00+00:00,7948
2024-01-11 18:00:00+00:00,2024-01-09 04:30:00+00:00,7939
2024-01-11 18:00:00+00:00,2024-01-09 07:30:00+00:00,8181
2024-01-11 18:00:00+00:00,2024-01-09 09:30:00+00:00,8177
2024-01-11 18:00:00+00:00,2024-01-09 11:30:00+00:00,8192
2024-01-11 18:00:00+00:00,2024-01-09 15:30:00+00:00,7915
2024-01-11 18:00:00+00:00,2024-01-09 18:30:00+00:00,7434
2024-01-11 18:00:00+00:00,2024-01-09 22:30:00+00:00,7432
2024-01-11 18:00:00+00:00,2024-01-10 02:30:00+00:00,7512
2024-01-11 18:00:00+00:00,2024-01-10 04:30:00+00:00,7483
2024-01-11 18:00:00+00:00,2024-01-10 07:30:00+00:00,7387
2024-01-11 18:00:00+00:00,2024-01-10 09:30:00+00:00,7387
2024-01-11 18:00:00+00:00,2024-01-10 11:30:00+00:00,7395
2024-01-11 18:00:00+00:00,2024-01-10 15:30:00+00:00,7154
2024-01-11 18:00:00+00:00,2024-01-10 18:30:00+00:00,6702
2024-01-11 18:00:00+00:00,2024-01-10 22:30:00+00:00,6698
2024-01-11 19:00:00+00:00,2024-01-09 02:30:00+00:00,7772
2024-01-11 19:00:00+00:00,2024-01-09 04:30:00+00:00,7762
2024-01-11 19:00:00+00:00,2024-01-09 07:30:00+00:00,7960
2024-01-11 19:00:00+00:00,2024-01-09 09:30:00+00:00,7955
2024-01-11 19:00:00+00:00,2024-01-09 11:30:00+00:00,7971
2024-01-11 19:00:00+00:00,2024-01-09 15:30:00+00:00,7719
2024-01-11 19:00:00+00:00,2024-01-09 18:30:00+00:00,7293
2024-01-11 19:00:00+00:00,2024-01-09 22:30:00+00:00,7287
2024-01-11 19:00:00+00:00,2024-01-10 02:30:00+00:00,7372
2024-01-11 19:00:00+00:00,2024-01-10 04:30:00+00:00,7345
2024-01-11 19:00:00+00:00,2024-01-10 07:30:00+00:00,7231
2024-01-11 19:00:00+00:00,2024-01-10 09:30:00+00:00,7231
2024-01-11 19:00:00+00:00,2024-01-10 11:30:00+00:00,7245
2024-01-11 19:00:00+00:00,2024-01-10 15:30:00+00:00,6997
2024-01-11 19:00:00+00:00,2024-01-10 18:30:00+00:00,6562
2024-01-11 19:00:00+00:00,2024-01-10 22:30:00+00:00,6562
2024-01-11 20:00:00+00:00,2024-01-09 02:30:00+00:00,7597
2024-01-11 20:00:00+00:00,2024-01-09 04:30:00+00:00,7587
2024-01-11 20:00:00+00:00,2024-01-09 07:30:00+00:00,7738
2024-01-11 20:00:00+00:00,2024-01-09 09:30:00+00:00,7733
2024-01-11 20:00:00+00:00,2024-01-09 11:30:00+00:00,7749
2024-01-11 20:00:00+00:00,2024-01-09 15:30:00+00:00,7522
2024-01-11 20:00:00+00:00,2024-01-09 18:30:00+00:00,7153
2024-01-11 20:00:00+00:00,2024-01-09 22:30:00+00:00,7144
2024-01-11 20:00:00+00:00,2024-01-10 02:30:00+00:00,7237
2024-01-11 20:00:00+00:00,2024-01-10 04:30:00+00:00,7210
2024-01-11 20:00:00+00:00,2024-01-10 07:30:00+00:00,7054
2024-01-11 20:00:00+00:00,2024-01-10 09:30:00+00:00,7055
2024-01-11 20:00:00+00:00,2024-01-10 11:30:00+00:00,7038
2024-01-11 20:00:00+00:00,2024-01-10 15:30:00+00:00,6815
2024-01-11 20:00:00+00:00,2024-01-10 18:30:00+00:00,6380
2024-01-11 20:00:00+00:00,2024-01-10 22:30:00+00:00,6376
2024-01-11 21:00:00+00:00,2024-01-09 02:30:00+00:00,7422
2024-01-11 21:00:00+00:00,2024-01-09 04:30:00+00:00,7411
2024-01-11 21:00:00+00:00,2024-01-09 07:30:00+00:00,7514
2024-01-11 21:00:00+00:00,2024-01-09 09:30:00+00:00,7509
2024-01-11 21:00:00+00:00,2024-01-09 11:30:00+00:00,7524
2024-01-11 21:00:00+00:00,2024-01-09 15:30:00+00:00,7322
2024-01-11 21:00:00+00:00,2024-01-09 18:30:00+00:00,7013
2024-01-11 21:00:00+00:00,2024-01-09 22:30:00+00:00,7001
2024-01-11 21:00:00+00:00,2024-01-10 02:30:00+00:00,7104
2024-01-11 21:00:00+00:00,2024-01-10 04:30:00+00:00,7079
2024-01-11 21:00:00+00:00,2024-01-10 07:30:00+00:00,6781
2024-01-11 21:00:00+00:00,2024-01-10 09:30:00+00:00,6780
2024-01-11 21:00:00+00:00,2024-01-10 11:30:00+00:00,6760
2024-01-11 21:00:00+00:00,2024-01-10 15:30:00+00:00,6548
2024-01-11 21:00:00+00:00,2024-01-10 18:30:00+00:00,6121
2024-01-11 21:00:00+00:00,2024-01-10 22:30:00+00:00,6117
2024-01-11 21:00:00+00:00,2024-01-11 02:30:00+00:00,5902
2024-01-11 21:00:00+00:00,2024-01-11 04:30:00+00:00,5912
2024-01-11 21:00:00+00:00,2024-01-11 07:30:00+00:00,6162
2024-01-11 21:00:00+00:00,2024-01-11 09:30:00+00:00,6163
2024-01-11 21:00:00+00:00,2024-01-11 11:30:00+00:00,6192
2024-01-11 21:00:00+00:00,2024-01-11 15:30:00+00:00,6810
2024-01-11 21:00:00+00:00,2024-01-11 18:30:00+00:00,7191
2024-01-11 21:00:00+00:00,2024-01-11 22:30:00+00:00,7207
2024-01-11 22:00:00+00:00,2024-01-10 02:30:00+00:00,6917
2024-01-11 22:00:00+00:00,2024-01-10 04:30:00+00:00,6895
2024-01-11 22:00:00+00:00,2024-01-10 07:30:00+00:00,6739
2024-01-11 22:00:00+00:00,2024-01-10 09:30:00+00:00,6736
2024-01-11 22:00:00+00:00,2024-01-10 11:30:00+00:00,6684
2024-01-11 22:00:00+00:00,2024-01-10 15:30:00+00:00,6294
2024-01-11 22:00:00+00:00,2024-01-10 18:30:00+00:00,5853
2024-01-11 22:00:00+00:00,2024-01-10 22:30:00+00:00,5853
2024-01-11 22:00:00+00:00,2024-01-11 02:30:00+00:00,5548
2024-01-11 22:00:00+00:00,2024-01-11 04:30:00+00:00,5567
2024-01-11 22:00:00+00:00,2024-01-11 07:30:00+00:00,5773
2024-01-11 22:00:00+00:00,2024-01-11 09:30:00+00:00,5775
2024-01-11 22:00:00+00:00,2024-01-11 11:30:00+00:00,5788
2024-01-11 22:00:00+00:00,2024-01-11 15:30:00+00:00,6422
2024-01-11 22:00:00+00:00,2024-01-11 18:30:00+00:00,6834
2024-01-11 22:00:00+00:00,2024-01-11 22:30:00+00:00,6910
2024-01-11 23:00:00+00:00,2024-01-10 02:30:00+00:00,6730
2024-01-11 23:00:00+00:00,2024-01-10 04:30:00+00:00,6711
2024-01-11 23:00:00+00:00,2024-01-10 07:30:00+00:00,6576
2024-01-11 23:00:00+00:00,2024-01-10 09:30:00+00:00,6571
2024-01-11 23:00:00+00:00,2024-01-10 11:30:00+00:00,6486
2024-01-11 23:00:00+00:00,2024-01-10 15:30:00+00:00,6113
2024-01-11 23:00:00+00:00,2024-01-10 18:30:00+00:00,5593
2024-01-11 23:00:00+00:00,2024-01-10 22:30:00+00:00,5602
2024-01-11 23:00:00+00:00,2024-01-11 02:30:00+00:00,5228
2024-01-11 23:00:00+00:00,2024-01-11 04:30:00+00:00,5245
2024-01-11 23:00:00+00:00,2024-01-11 07:30:00+00:00,5419
2024-01-11 23:00:00+00:00,2024-01-11 09:30:00+00:00,5422
2024-01-11 23:00:00+00:00,2024-01-11 11:30:00+00:00,5450
2024-01-11 23:00:00+00:00,2024-01-11 15:30:00+00:00,6037
2024-01-11 23:00:00+00:00,2024-01-11 18:30:00+00:00,6509
2024-01-11 23:00:00+00:00,2024-01-11 22:30:00+00:00,6543
2024-01-12 00:00:00+00:00,2024-01-10 02:30:00+00:00,6543
2024-01-12 00:00:00+00:00,2024-01-10 04:30:00+00:00,6527
2024-01-12 00:00:00+00:00,2024-01-10 07:30:00+00:00,6412
2024-01-12 00:00:00+00:00,2024-01-10 09:30:00+00:00,6407
2024-01-12 00:00:00+00:00,2024-01-10 11:30:00+00:00,6340
2024-01-12 00:00:00+00:00,2024-01-10 15:30:00+00:00,5963
2024-01-12 00:00:00+00:00,2024-01-10 18:30:00+00:00,5452
2024-01-12 00:00:00+00:00,2024-01-10 22:30:00+00:00,5465
2024-01-12 00:00:00+00:00,2024-01-11 02:30:00+00:00,4966
2024-01-12 00:00:00+00:00,2024-01-11 04:30:00+00:00,4983
2024-01-12 00:00:00+00:00,2024-01-11 07:30:00+00:00,5006
2024-01-12 00:00:00+00:00,2024-01-11 09:30:00+00:00,5010
2024-01-12 00:00:00+00:00,2024-01-11 11:30:00+00:00,5042
2024-01-12 00:00:00+00:00,2024-01-11 15:30:00+00:00,5583
2024-01-12 00:00:00+00:00,2024-01-11 18:30:00+00:00,6203
2024-01-12 00:00:00+00:00,2024-01-11 22:30:00+00:00,6271
2024-01-12 01:00:00+00:00,2024-01-10 02:30:00+00:00,6332
2024-01-12 01:00:00+00:00,2024-01-10 04:30:00+00:00,6316
2024-01-12 01:00:00+00:00,2024-01-10 07:30:00+00:00,6215
2024-01-12 01:00:00+00:00,2024-01-10 09:30:00+00:00,6210
2024-01-12 01:00:00+00:00,2024-01-10 11:30:00+00:00,6121
2024-01-12 01:00:00+00:00,2024-01-10 15:30:00+00:00,5833
2024-01-12 01:00:00+00:00,2024-01-10 18:30:00+00:00,5342
2024-01-12 01:00:00+00:00,2024-01-10 22:30:00+00:00,5352
2024-01-12 01:00:00+00:00,2024-01-11 02:30:00+00:00,4816
2024-01-12 01:00:00+00:00,2024-01-11 04:30:00+00:00,4823
2024-01-12 01:00:00+00:00,2024-01-11 07:30:00+00:00,4732
2024-01-12 01:00:00+00:00,2024-01-11 09:30:00+00:00,4738
2024-01-12 01:00:00+00:00,2024-01-11 11:30:00+00:00,4785
2024-01-12 01:00:00+00:00,2024-01-11 15:30:00+00:00,5279
2024-01-12 01:00:00+00:00,2024-01-11 18:30:00+00:00,5980
2024-01-12 01:00:00+00:00,2024-01-11 22:30:00+00:00,6050
2024-01-12 02:00:00+00:00,2024-01-10 02:30:00+00:00,6116
2024-01-12 02:00:00+00:00,2024-01-10 04:30:00+00:00,6101
2024-01-12 02:00:00+00:00,2024-01-10 07:30:00+00:00,6016
2024-01-12 02:00:00+00:00,2024-01-10 09:30:00+00:00,6011
2024-01-12 02:00:00+00:00,2024-01-10 11:30:00+00:00,5882
2024-01-12 02:00:00+00:00,2024-01-10 15:30:00+00:00,5583
2024-01-12 02:00:00+00:00,2024-01-10 18:30:00+00:00,5167
2024-01-12 02:00:00+00:00,2024-01-10 22:30:00+00:00,5179
2024-01-12 02:00:00+00:00,2024-01-11 02:30:00+00:00,4674
2024-01-12 02:00:00+00:00,2024-01-11 04:30:00+00:00,4681
2024-01-12 02:00:00+00:00,2024-01-11 07:30:00+00:00,4530
2024-01-12 02:00:00+00:00,2024-01-11 09:30:00+00:00,4538
2024-01-12 02:00:00+00:00,2024-01-11 11:30:00+00:00,4567
2024-01-12 02:00:00+00:00,2024-01-11 15:30:00+00:00,5026
2024-01-12 02:00:00+00:00,2024-01-11 18:30:00+00:00,5677
2024-01-12 02:00:00+00:00,2024-01-11 22:30:00+00:00,5729
2024-01-12 03:00:00+00:00,2024-01-10 02:30:00+00:00,5897
2024-01-12 03:00:00+00:00,2024-01-10 04:30:00+00:00,5882
2024-01-12 03:00:00+00:00,2024-01-10 07:30:00+00:00,5814
2024-01-12 03:00:00+00:00,2024-01-10 09:30:00+00:00,5810
2024-01-12 03:00:00+00:00,2024-01-10 11:30:00+00:00,5729
2024-01-12 03:00:00+00:00,2024-01-10 15:30:00+00:00,5372
2024-01-12 03:00:00+00:00,2024-01-10 18:30:00+00:00,4963
2024-01-12 03:00:00+00:00,2024-01-10 22:30:00+00:00,4963
2024-01-12 03:00:00+00:00,2024-01-11 02:30:00+00:00,4460
2024-01-12 03:00:00+00:00,2024-01-11 04:30:00+00:00,4479
2024-01-12 03:00:00+00:00,2024-01-11 07:30:00+00:00,4315
2024-01-12 03:00:00+00:00,2024-01-11 09:30:00+00:00,4322
2024-01-12 03:00:00+00:00,2024-01-11 11:30:00+00:00,4355
2024-01-12 03:00:00+00:00,2024-01-11 15:30:00+00:00,4815
2024-01-12 03:00:00+00:00,2024-01-11 18:30:00+00:00,5464
2024-01-12 03:00:00+00:00,2024-01-11 22:30:00+00:00,5537
2024-01-12 04:00:00+00:00,2024-01-10 02:30:00+00:00,5634
2024-01-12 04:00:00+00:00,2024-01-10 04:30:00+00:00,5621
2024-01-12 04:00:00+00:00,2024-01-10 07:30:00+00:00,5579
2024-01-12 04:00:00+00:00,2024-01-10 09:30:00+00:00,5576
2024-01-12 04:00:00+00:00,2024-01-10 11:30:00+00:00,5524
2024-01-12 04:00:00+00:00,2024-01-10 15:30:00+00:00,5322
2024-01-12 04:00:00+00:00,2024-01-10 18:30:00+00:00,4734
2024-01-12 04:00:00+00:00,2024-01-10 22:30:00+00:00,4743
2024-01-12 04:00:00+00:00,2024-01-11 02:30:00+00:00,4299
2024-01-12 04:00:00+00:00,2024-01-11 04:30:00+00:00,4304
2024-01-12 04:00:00+00:00,2024-01-11 07:30:00+00:00,4077
2024-01-12 04:00:00+00:00,2024-01-11 09:30:00+00:00,4084
2024-01-12 04:00:00+00:00,2024-01-11 11:30:00+00:00,4100
2024-01-12 04:00:00+00:00,2024-01-11 15:30:00+00:00,4515
2024-01-12 04:00:00+00:00,2024-01-11 18:30:00+00:00,5123
2024-01-12 04:00:00+00:00,2024-01-11 22:30:00+00:00,5202
2024-01-12 05:00:00+00:00,2024-01-10 02:30:00+00:00,5366
2024-01-12 05:00:00+00:00,2024-01-10 04:30:00+00:00,5355
2024-01-12 05:00:00+00:00,2024-01-10 07:30:00+00:00,5340
2024-01-12 05:00:00+00:00,2024-01-10 09:30:00+00:00,5337
2024-01-12 05:00:00+00:00,2024-01-10 11:30:00+00:00,5312
2024-01-12 05:00:00+00:00,2024-01-10 15:30:00+00:00,5170
2024-01-12 05:00:00+00:00,2024-01-10 18:30:00+00:00,4681
2024-01-12 05:00:00+00:00,2024-01-10 22:30:00+00:00,4692
2024-01-12 05:00:00+00:00,2024-01-11 02:30:00+00:00,4202
2024-01-12 05:00:00+00:00,2024-01-11 04:30:00+00:00,4209
2024-01-12 05:00:00+00:00,2024-01-11 07:30:00+00:00,3949
2024-01-12 05:00:00+00:00,2024-01-11 09:30:00+00:00,3954
2024-01-12 05:00:00+00:00,2024-01-11 11:30:00+00:00,3978
2024-01-12 05:00:00+00:00,2024-01-11 15:30:00+00:00,4351
2024-01-12 05:00:00+00:00,2024-01-11 18:30:00+00:00,4827
2024-01-12 05:00:00+00:00,2024-01-11 22:30:00+00:00,4899
2024-01-12 06:00:00+00:00,2024-01-10 02:30:00+00:00,5094
2024-01-12 06:00:00+00:00,2024-01-10 04:30:00+00:00,5084
2024-01-12 06:00:00+00:00,2024-01-10 07:30:00+00:00,5096
2024-01-12 06:00:00+00:00,2024-01-10 09:30:00+00:00,5095
2024-01-12 06:00:00+00:00,2024-01-10 11:30:00+00:00,5094
2024-01-12 06:00:00+00:00,2024-01-10 15:30:00+00:00,5017
2024-01-12 06:00:00+00:00,2024-01-10 18:30:00+00:00,4521
2024-01-12 06:00:00+00:00,2024-01-10 22:30:00+00:00,4530
2024-01-12 06:00:00+00:00,2024-01-11 02:30:00+00:00,4044
2024-01-12 06:00:00+00:00,2024-01-11 04:30:00+00:00,4059
2024-01-12 06:00:00+00:00,2024-01-11 07:30:00+00:00,3714
2024-01-12 06:00:00+00:00,2024-01-11 09:30:00+00:00,3719
2024-01-12 06:00:00+00:00,2024-01-11 11:30:00+00:00,3741
2024-01-12 06:00:00+00:00,2024-01-11 15:30:00+00:00,4017
2024-01-12 06:00:00+00:00,2024-01-11 18:30:00+00:00,4502
2024-01-12 06:00:00+00:00,2024-01-11 22:30:00+00:00,4573
2024-01-12 07:00:00+00:00,2024-01-10 02:30:00+00:00,4662
2024-01-12 07:00:00+00:00,2024-01-10 04:30:00+00:00,4654
2024-01-12 07:00:00+00:00,2024-01-10 07:30:00+00:00,4629
2024-01-12 07:00:00+00:00,2024-01-10 09:30:00+00:00,4626
2024-01-12 07:00:00+00:00,2024-01-10 11:30:00+00:00,4625
2024-01-12 07:00:00+00:00,2024-01-10 15:30:00+00:00,4576
2024-01-12 07:00:00+00:00,2024-01-10 18:30:00+00:00,4130
2024-01-12 07:00:00+00:00,2024-01-10 22:30:00+00:00,4135
2024-01-12 07:00:00+00:00,2024-01-11 02:30:00+00:00,3720
2024-01-12 07:00:00+00:00,2024-01-11 04:30:00+00:00,3725
2024-01-12 07:00:00+00:00,2024-01-11 07:30:00+00:00,3375
2024-01-12 07:00:00+00:00,2024-01-11 09:30:00+00:00,3381
2024-01-12 07:00:00+00:00,2024-01-11 11:30:00+00:00,3416
2024-01-12 07:00:00+00:00,2024-01-11 15:30:00+00:00,3679
2024-01-12 07:00:00+00:00,2024-01-11 18:30:00+00:00,4206
2024-01-12 07:00:00+00:00,2024-01-11 22:30:00+00:00,4281
2024-01-12 08:00:00+00:00,2024-01-10 02:30:00+00:00,4239
2024-01-12 08:00:00+00:00,2024-01-10 04:30:00+00:00,4232
2024-01-12 08:00:00+00:00,2024-01-10 07:30:00+00:00,4170
2024-01-12 08:00:00+00:00,2024-01-10 09:30:00+00:00,4166
2024-01-12 08:00:00+00:00,2024-01-10 11:30:00+00:00,4164
2024-01-12 08:00:00+00:00,2024-01-10 15:30:00+00:00,4141
2024-01-12 08:00:00+00:00,2024-01-10 18:30:00+00:00,3746
2024-01-12 08:00:00+00:00,2024-01-10 22:30:00+00:00,3751
2024-01-12 08:00:00+00:00,2024-01-11 02:30:00+00:00,3441
2024-01-12 08:00:00+00:00,2024-01-11 04:30:00+00:00,3446
2024-01-12 08:00:00+00:00,2024-01-11 07:30:00+00:00,3090
2024-01-12 08:00:00+00:00,2024-01-11 09:30:00+00:00,3098
2024-01-12 08:00:00+00:00,2024-01-11 11:30:00+00:00,3150
2024-01-12 08:00:00+00:00,2024-01-11 15:30:00+00:00,3282
2024-01-12 08:00:00+00:00,2024-01-11 18:30:00+00:00,3761
2024-01-12 08:00:00+00:00,2024-01-11 22:30:00+00:00,3828
2024-01-12 09:00:00+00:00,2024-01-10 02:30:00+00:00,3837
2024-01-12 09:00:00+00:00,2024-01-10 04:30:00+00:00,3831
2024-01-12 09:00:00+00:00,2024-01-10 07:30:00+00:00,3733
2024-01-12 09:00:00+00:00,2024-01-10 09:30:00+00:00,3729
2024-01-12 09:00:00+00:00,2024-01-10 11:30:00+00:00,3726
2024-01-12 09:00:00+00:00,2024-01-10 15:30:00+00:00,3724
2024-01-12 09:00:00+00:00,2024-01-10 18:30:00+00:00,3447
2024-01-12 09:00:00+00:00,2024-01-10 22:30:00+00:00,3452
2024-01-12 09:00:00+00:00,2024-01-11 02:30:00+00:00,3169
2024-01-12 09:00:00+00:00,2024-01-11 04:30:00+00:00,3195
2024-01-12 09:00:00+00:00,2024-01-11 07:30:00+00:00,2909
2024-01-12 09:00:00+00:00,2024-01-11 09:30:00+00:00,2915
2024-01-12 09:00:00+00:00,2024-01-11 11:30:00+00:00,2931
2024-01-12 09:00:00+00:00,2024-01-11 15:30:00+00:00,3097
2024-01-12 09:00:00+00:00,2024-01-11 18:30:00+00:00,3497
2024-01-12 09:00:00+00:00,2024-01-11 22:30:00+00:00,3562
2024-01-12 10:00:00+00:00,2024-01-10 02:30:00+00:00,3594
2024-01-12 10:00:00+00:00,2024-01-10 04:30:00+00:00,3590
2024-01-12 10:00:00+00:00,2024-01-10 07:30:00+00:00,3520
2024-01-12 10:00:00+00:00,2024-01-10 09:30:00+00:00,3517
2024-01-12 10:00:00+00:00,2024-01-10 11:30:00+00:00,3514
2024-01-12 10:00:00+00:00,2024-01-10 15:30:00+00:00,3519
2024-01-12 10:00:00+00:00,2024-01-10 18:30:00+00:00,3282
2024-01-12 10:00:00+00:00,2024-01-10 22:30:00+00:00,3282
2024-01-12 10:00:00+00:00,2024-01-11 02:30:00+00:00,2863
2024-01-12 10:00:00+00:00,2024-01-11 04:30:00+00:00,2872
2024-01-12 10:00:00+00:00,2024-01-11 07:30:00+00:00,2725
2024-01-12 10:00:00+00:00,2024-01-11 09:30:00+00:00,2731
2024-01-12 10:00:00+00:00,2024-01-11 11:30:00+00:00,2761
2024-01-12 10:00:00+00:00,2024-01-11 15:30:00+00:00,2920
2024-01-12 10:00:00+00:00,2024-01-11 18:30:00+00:00,3305
2024-01-12 10:00:00+00:00,2024-01-11 22:30:00+00:00,3377
2024-01-12 11:00:00+00:00,2024-01-10 02:30:00+00:00,3396
2024-01-12 11:00:00+00:00,2024-01-10 04:30:00+00:00,3394
2024-01-12 11:00:00+00:00,2024-01-10 07:30:00+00:00,3356
2024-01-12 11:00:00+00:00,2024-01-10 09:30:00+00:00,3353
2024-01-12 11:00:00+00:00,2024-01-10 11:30:00+00:00,3350
2024-01-12 11:00:00+00:00,2024-01-10 15:30:00+00:00,3358
2024-01-12 11:00:00+00:00,2024-01-10 18:30:00+00:00,3143
2024-01-12 11:00:00+00:00,2024-01-10 22:30:00+00:00,3138
2024-01-12 11:00:00+00:00,2024-01-11 02:30:00+00:00,2811
2024-01-12 11:00:00+00:00,2024-01-11 04:30:00+00:00,2820
2024-01-12 11:00:00+00:00,2024-01-11 07:30:00+00:00,2708
2024-01-12 11:00:00+00:00,2024-01-11 09:30:00+00:00,2713
2024-01-12 11:00:00+00:00,2024-01-11 11:30:00+00:00,2740
2024-01-12 11:00:00+00:00,2024-01-11 15:30:00+00:00,2864
2024-01-12 11:00:00+00:00,2024-01-11 18:30:00+00:00,3052
2024-01-12 11:00:00+00:00,2024-01-11 22:30:00+00:00,3127
2024-01-12 12:00:00+00:00,2024-01-10 02:30:00+00:00,3248
2024-01-12 12:00:00+00:00,2024-01-10 04:30:00+00:00,3248
2024-01-12 12:00:00+00:00,2024-01-10 07:30:00+00:00,3245
2024-01-12 12:00:00+00:00,2024-01-10 09:30:00+00:00,3242
2024-01-12 12:00:00+00:00,2024-01-10 11:30:00+00:00,3238
2024-01-12 12:00:00+00:00,2024-01-10 15:30:00+00:00,3244
2024-01-12 12:00:00+00:00,2024-01-10 18:30:00+00:00,3045
2024-01-12 12:00:00+00:00,2024-01-10 22:30:00+00:00,3036
2024-01-12 12:00:00+00:00,2024-01-11 02:30:00+00:00,2899
2024-01-12 12:00:00+00:00,2024-01-11 04:30:00+00:00,2923
2024-01-12 12:00:00+00:00,2024-01-11 07:30:00+00:00,2741
2024-01-12 12:00:00+00:00,2024-01-11 09:30:00+00:00,2744
2024-01-12 12:00:00+00:00,2024-01-11 11:30:00+00:00,2744
2024-01-12 12:00:00+00:00,2024-01-11 15:30:00+00:00,2819
2024-01-12 12:00:00+00:00,2024-01-11 18:30:00+00:00,2954
2024-01-12 12:00:00+00:00,2024-01-11 22:30:00+00:00,3028
2024-01-12 13:00:00+00:00,2024-01-10 02:30:00+00:00,3258
2024-01-12 13:00:00+00:00,2024-01-10 04:30:00+00:00,3254
2024-01-12 13:00:00+00:00,2024-01-10 07:30:00+00:00,3252
2024-01-12 13:00:00+00:00,2024-01-10 09:30:00+00:00,3250
2024-01-12 13:00:00+00:00,2024-01-10 11:30:00+00:00,3247
2024-01-12 13:00:00+00:00,2024-01-10 15:30:00+00:00,3214
2024-01-12 13:00:00+00:00,2024-01-10 18:30:00+00:00,3035
2024-01-12 13:00:00+00:00,2024-01-10 22:30:00+00:00,3027
2024-01-12 13:00:00+00:00,2024-01-11 02:30:00+00:00,3034
2024-01-12 13:00:00+00:00,2024-01-11 04:30:00+00:00,3038
2024-01-12 13:00:00+00:00,2024-01-11 07:30:00+00:00,2897
2024-01-12 13:00:00+00:00,2024-01-11 09:30:00+00:00,2899
2024-01-12 13:00:00+00:00,2024-01-11 11:30:00+00:00,2919
2024-01-12 13:00:00+00:00,2024-01-11 15:30:00+00:00,2900
2024-01-12 13:00:00+00:00,2024-01-11 18:30:00+00:00,2982
2024-01-12 13:00:00+00:00,2024-01-11 22:30:00+00:00,3053
2024-01-12 14:00:00+00:00,2024-01-10 02:30:00+00:00,3313
2024-01-12 14:00:00+00:00,2024-01-10 04:30:00+00:00,3305
2024-01-12 14:00:00+00:00,2024-01-10 07:30:00+00:00,3311
2024-01-12 14:00:00+00:00,2024-01-10 09:30:00+00:00,3310
2024-01-12 14:00:00+00:00,2024-01-10 11:30:00+00:00,3307
2024-01-12 14:00:00+00:00,2024-01-10 15:30:00+00:00,3232
2024-01-12 14:00:00+00:00,2024-01-10 18:30:00+00:00,3066
2024-01-12 14:00:00+00:00,2024-01-10 22:30:00+00:00,3057
2024-01-12 14:00:00+00:00,2024-01-11 02:30:00+00:00,3097
2024-01-12 14:00:00+00:00,2024-01-11 04:30:00+00:00,3102
2024-01-12 14:00:00+00:00,2024-01-11 07:30:00+00:00,3011
2024-01-12 14:00:00+00:00,2024-01-11 09:30:00+00:00,3012
2024-01-12 14:00:00+00:00,2024-01-11 11:30:00+00:00,3033
2024-01-12 14:00:00+00:00,2024-01-11 15:30:00+00:00,3022
2024-01-12 14:00:00+00:00,2024-01-11 18:30:00+00:00,3088
2024-01-12 14:00:00+00:00,2024-01-11 22:30:00+00:00,3158
2024-01-12 15:00:00+00:00,2024-01-10 02:30:00+00:00,3405
2024-01-12 15:00:00+00:00,2024-01-10 04:30:00+00:00,3391
2024-01-12 15:00:00+00:00,2024-01-10 07:30:00+00:00,3414
2024-01-12 15:00:00+00:00,2024-01-10 09:30:00+00:00,3413
2024-01-12 15:00:00+00:00,2024-01-10 11:30:00+00:00,3412
2024-01-12 15:00:00+00:00,2024-01-10 15:30:00+00:00,3290
2024-01-12 15:00:00+00:00,2024-01-10 18:30:00+00:00,3130
2024-01-12 15:00:00+00:00,2024-01-10 22:30:00+00:00,3121
2024-01-12 15:00:00+00:00,2024-01-11 02:30:00+00:00,3308
2024-01-12 15:00:00+00:00,2024-01-11 04:30:00+00:00,3304
2024-01-12 15:00:00+00:00,2024-01-11 07:30:00+00:00,3255
2024-01-12 15:00:00+00:00,2024-01-11 09:30:00+00:00,3255
2024-01-12 15:00:00+00:00,2024-01-11 11:30:00+00:00,3263
2024-01-12 15:00:00+00:00,2024-01-11 15:30:00+00:00,3238
2024-01-12 15:00:00+00:00,2024-01-11 18:30:00+00:00,3282
2024-01-12 15:00:00+00:00,2024-01-11 22:30:00+00:00,3344
2024-01-12 16:00:00+00:00,2024-01-10 02:30:00+00:00,3480
2024-01-12 16:00:00+00:00,2024-01-10 04:30:00+00:00,3460
2024-01-12 16:00:00+00:00,2024-01-10 07:30:00+00:00,3485
2024-01-12 16:00:00+00:00,2024-01-10 09:30:00+00:00,3482
2024-01-12 16:00:00+00:00,2024-01-10 11:30:00+00:00,3482
2024-01-12 16:00:00+00:00,2024-01-10 15:30:00+00:00,3308
2024-01-12 16:00:00+00:00,2024-01-10 18:30:00+00:00,3133
2024-01-12 16:00:00+00:00,2024-01-10 22:30:00+00:00,3125
2024-01-12 16:00:00+00:00,2024-01-11 02:30:00+00:00,2885
2024-01-12 16:00:00+00:00,2024-01-11 04:30:00+00:00,2877
2024-01-12 16:00:00+00:00,2024-01-11 07:30:00+00:00,3299
2024-01-12 16:00:00+00:00,2024-01-11 09:30:00+00:00,3300
2024-01-12 16:00:00+00:00,2024-01-11 11:30:00+00:00,3307
2024-01-12 16:00:00+00:00,2024-01-11 15:30:00+00:00,3488
2024-01-12 16:00:00+00:00,2024-01-11 18:30:00+00:00,3563
2024-01-12 16:00:00+00:00,2024-01-11 22:30:00+00:00,3602
2024-01-12 17:00:00+00:00,2024-01-10 02:30:00+00:00,3594
2024-01-12 17:00:00+00:00,2024-01-10 04:30:00+00:00,3573
2024-01-12 17:00:00+00:00,2024-01-10 07:30:00+00:00,3595
2024-01-12 17:00:00+00:00,2024-01-10 09:30:00+00:00,3592
2024-01-12 17:00:00+00:00,2024-01-10 11:30:00+00:00,3593
2024-01-12 17:00:00+00:00,2024-01-10 15:30:00+00:00,3382
2024-01-12 17:00:00+00:00,2024-01-10 18:30:00+00:00,3196
2024-01-12 17:00:00+00:00,2024-01-10 22:30:00+00:00,3191
2024-01-12 17:00:00+00:00,2024-01-11 02:30:00+00:00,3005
2024-01-12 17:00:00+00:00,2024-01-11 04:30:00+00:00,2995
2024-01-12 17:00:00+00:00,2024-01-11 07:30:00+00:00,3492
2024-01-12 17:00:00+00:00,2024-01-11 09:30:00+00:00,3492
2024-01-12 17:00:00+00:00,2024-01-11 11:30:00+00:00,3502
2024-01-12 17:00:00+00:00,2024-01-11 15:30:00+00:00,3719
2024-01-12 17:00:00+00:00,2024-01-11 18:30:00+00:00,3834
2024-01-12 17:00:00+00:00,2024-01-11 22:30:00+00:00,3871
2024-01-12 18:00:00+00:00,2024-01-10 02:30:00+00:00,3747
2024-01-12 18:00:00+00:00,2024-01-10 04:30:00+00:00,3730
2024-01-12 18:00:00+00:00,2024-01-10 07:30:00+00:00,3742
2024-01-12 18:00:00+00:00,2024-01-10 09:30:00+00:00,3740
2024-01-12 18:00:00+00:00,2024-01-10 11:30:00+00:00,3740
2024-01-12 18:00:00+00:00,2024-01-10 15:30:00+00:00,3506
2024-01-12 18:00:00+00:00,2024-01-10 18:30:00+00:00,3321
2024-01-12 18:00:00+00:00,2024-01-10 22:30:00+00:00,3319
2024-01-12 18:00:00+00:00,2024-01-11 02:30:00+00:00,3181
2024-01-12 18:00:00+00:00,2024-01-11 04:30:00+00:00,3173
2024-01-12 18:00:00+00:00,2024-01-11 07:30:00+00:00,3707
2024-01-12 18:00:00+00:00,2024-01-11 09:30:00+00:00,3707
2024-01-12 18:00:00+00:00,2024-01-11 11:30:00+00:00,3710
2024-01-12 18:00:00+00:00,2024-01-11 15:30:00+00:00,3902
2024-01-12 18:00:00+00:00,2024-01-11 18:30:00+00:00,4002
2024-01-12 18:00:00+00:00,2024-01-11 22:30:00+00:00,4031
2024-01-12 19:00:00+00:00,2024-01-10 02:30:00+00:00,3966
2024-01-12 19:00:00+00:00,2024-01-10 04:30:00+00:00,3955
2024-01-12 19:00:00+00:00,2024-01-10 07:30:00+00:00,3946
2024-01-12 19:00:00+00:00,2024-01-10 09:30:00+00:00,3945
2024-01-12 19:00:00+00:00,2024-01-10 11:30:00+00:00,3944
2024-01-12 19:00:00+00:00,2024-01-10 15:30:00+00:00,3715
2024-01-12 19:00:00+00:00,2024-01-10 18:30:00+00:00,3579
2024-01-12 19:00:00+00:00,2024-01-10 22:30:00+00:00,3577
2024-01-12 19:00:00+00:00,2024-01-11 02:30:00+00:00,3490
2024-01-12 19:00:00+00:00,2024-01-11 04:30:00+00:00,3485
2024-01-12 19:00:00+00:00,2024-01-11 07:30:00+00:00,3906
2024-01-12 19:00:00+00:00,2024-01-11 09:30:00+00:00,3906
2024-01-12 19:00:00+00:00,2024-01-11 11:30:00+00:00,3911
2024-01-12 19:00:00+00:00,2024-01-11 15:30:00+00:00,4102
2024-01-12 19:00:00+00:00,2024-01-11 18:30:00+00:00,4204
2024-01-12 19:00:00+00:00,2024-01-11 22:30:00+00:00,4226
2024-01-12 20:00:00+00:00,2024-01-10 02:30:00+00:00,4209
2024-01-12 20:00:00+00:00,2024-01-10 04:30:00+00:00,4202
2024-01-12 20:00:00+00:00,2024-01-10 07:30:00+00:00,4176
2024-01-12 20:00:00+00:00,2024-01-10 09:30:00+00:00,4174
2024-01-12 20:00:00+00:00,2024-01-10 11:30:00+00:00,4173
2024-01-12 20:00:00+00:00,2024-01-10 15:30:00+00:00,3943
2024-01-12 20:00:00+00:00,2024-01-10 18:30:00+00:00,3854
2024-01-12 20:00:00+00:00,2024-01-10 22:30:00+00:00,3852
2024-01-12 20:00:00+00:00,2024-01-11 02:30:00+00:00,3813
2024-01-12 20:00:00+00:00,2024-01-11 04:30:00+00:00,3811
2024-01-12 20:00:00+00:00,2024-01-11 07:30:00+00:00,4219
2024-01-12 20:00:00+00:00,2024-01-11 09:30:00+00:00,4220
2024-01-12 20:00:00+00:00,2024-01-11 11:30:00+00:00,4223
2024-01-12 20:00:00+00:00,2024-01-11 15:30:00+00:00,4368
2024-01-12 20:00:00+00:00,2024-01-11 18:30:00+00:00,4463
2024-01-12 20:00:00+00:00,2024-01-11 22:30:00+00:00,4480
2024-01-12 21:00:00+00:00,2024-01-10 02:30:00+00:00,4473
2024-01-12 21:00:00+00:00,2024-01-10 04:30:00+00:00,4469
2024-01-12 21:00:00+00:00,2024-01-10 07:30:00+00:00,4428
2024-01-12 21:00:00+00:00,2024-01-10 09:30:00+00:00,4427
2024-01-12 21:00:00+00:00,2024-01-10 11:30:00+00:00,4425
2024-01-12 21:00:00+00:00,2024-01-10 15:30:00+00:00,4185
2024-01-12 21:00:00+00:00,2024-01-10 18:30:00+00:00,4138
2024-01-12 21:00:00+00:00,2024-01-10 22:30:00+00:00,4137
2024-01-12 21:00:00+00:00,2024-01-11 02:30:00+00:00,4146
2024-01-12 21:00:00+00:00,2024-01-11 04:30:00+00:00,4145
2024-01-12 21:00:00+00:00,2024-01-11 07:30:00+00:00,4628
2024-01-12 21:00:00+00:00,2024-01-11 09:30:00+00:00,4628
2024-01-12 21:00:00+00:00,2024-01-11 11:30:00+00:00,4630
2024-01-12 21:00:00+00:00,2024-01-11 15:30:00+00:00,4776
2024-01-12 21:00:00+00:00,2024-01-11 18:30:00+00:00,4851
2024-01-12 21:00:00+00:00,2024-01-11 22:30:00+00:00,4865
2024-01-12 21:00:00+00:00,2024-01-12 02:30:00+00:00,4972
2024-01-12 21:00:00+00:00,2024-01-12 04:30:00+00:00,4970
2024-01-12 21:00:00+00:00,2024-01-12 07:30:00+00:00,5080
2024-01-12 21:00:00+00:00,2024-01-12 09:30:00+00:00,5080
2024-01-12 21:00:00+00:00,2024-01-12 11:30:00+00:00,5082
2024-01-12 21:00:00+00:00,2024-01-12 15:30:00+00:00,5134
2024-01-12 21:00:00+00:00,2024-01-12 18:30:00+00:00,4926
2024-01-12 21:00:00+00:00,2024-01-12 22:30:00+00:00,4929
2024-01-12 22:00:00+00:00,2024-01-11 02:30:00+00:00,4657
2024-01-12 22:00:00+00:00,2024-01-11 04:30:00+00:00,4656
2024-01-12 22:00:00+00:00,2024-01-11 07:30:00+00:00,4812
2024-01-12 22:00:00+00:00,2024-01-11 09:30:00+00:00,4812
2024-01-12 22:00:00+00:00,2024-01-11 11:30:00+00:00,4811
2024-01-12 22:00:00+00:00,2024-01-11 15:30:00+00:00,5278
2024-01-12 22:00:00+00:00,2024-01-11 18:30:00+00:00,5390
2024-01-12 22:00:00+00:00,2024-01-11 22:30:00+00:00,5400
2024-01-12 22:00:00+00:00,2024-01-12 02:30:00+00:00,5524
2024-01-12 22:00:00+00:00,2024-01-12 04:30:00+00:00,5524
2024-01-12 22:00:00+00:00,2024-01-12 07:30:00+00:00,5614
2024-01-12 22:00:00+00:00,2024-01-12 09:30:00+00:00,5615
2024-01-12 22:00:00+00:00,2024-01-12 11:30:00+00:00,5616
2024-01-12 22:00:00+00:00,2024-01-12 15:30:00+00:00,5632
2024-01-12 22:00:00+00:00,2024-01-12 18:30:00+00:00,5449
2024-01-12 22:00:00+00:00,2024-01-12 22:30:00+00:00,5448
2024-01-12 23:00:00+00:00,2024-01-11 02:30:00+00:00,5305
2024-01-12 23:00:00+00:00,2024-01-11 04:30:00+00:00,5305
2024-01-12 23:00:00+00:00,2024-01-11 07:30:00+00:00,5544
2024-01-12 23:00:00+00:00,2024-01-11 09:30:00+00:00,5544
2024-01-12 23:00:00+00:00,2024-01-11 11:30:00+00:00,5541
2024-01-12 23:00:00+00:00,2024-01-11 15:30:00+00:00,5999
2024-01-12 23:00:00+00:00,2024-01-11 18:30:00+00:00,6125
2024-01-12 23:00:00+00:00,2024-01-11 22:30:00+00:00,6135
2024-01-12 23:00:00+00:00,2024-01-12 02:30:00+00:00,6231
2024-01-12 23:00:00+00:00,2024-01-12 04:30:00+00:00,6232
2024-01-12 23:00:00+00:00,2024-01-12 07:30:00+00:00,6269
2024-01-12 23:00:00+00:00,2024-01-12 09:30:00+00:00,6269
2024-01-12 23:00:00+00:00,2024-01-12 11:30:00+00:00,6272
2024-01-12 23:00:00+00:00,2024-01-12 15:30:00+00:00,6345
2024-01-12 23:00:00+00:00,2024-01-12 18:30:00+00:00,6205
2024-01-12 23:00:00+00:00,2024-01-12 22:30:00+00:00,6205
2024-01-13 00:00:00+00:00,2024-01-11 02:30:00+00:00,6092
2024-01-13 00:00:00+00:00,2024-01-11 04:30:00+00:00,6092
2024-01-13 00:00:00+00:00,2024-01-11 07:30:00+00:00,6440
2024-01-13 00:00:00+00:00,2024-01-11 09:30:00+00:00,6440
2024-01-13 00:00:00+00:00,2024-01-11 11:30:00+00:00,6438
2024-01-13 00:00:00+00:00,2024-01-11 15:30:00+00:00,6868
2024-01-13 00:00:00+00:00,2024-01-11 18:30:00+00:00,7041
2024-01-13 00:00:00+00:00,2024-01-11 22:30:00+00:00,7051
2024-01-13 00:00:00+00:00,2024-01-12 02:30:00+00:00,7099
2024-01-13 00:00:00+00:00,2024-01-12 04:30:00+00:00,7100
2024-01-13 00:00:00+00:00,2024-01-12 07:30:00+00:00,7085
2024-01-13 00:00:00+00:00,2024-01-12 09:30:00+00:00,7084
2024-01-13 00:00:00+00:00,2024-01-12 11:30:00+00:00,7087
2024-01-13 00:00:00+00:00,2024-01-12 15:30:00+00:00,7199
2024-01-13 00:00:00+00:00,2024-01-12 18:30:00+00:00,7055
2024-01-13 00:00:00+00:00,2024-01-12 22:30:00+00:00,7053
2024-01-13 01:00:00+00:00,2024-01-11 02:30:00+00:00,6432
2024-01-13 01:00:00+00:00,2024-01-11 04:30:00+00:00,6433
2024-01-13 01:00:00+00:00,2024-01-11 07:30:00+00:00,6875
2024-01-13 01:00:00+00:00,2024-01-11 09:30:00+00:00,6875
2024-01-13 01:00:00+00:00,2024-01-11 11:30:00+00:00,6872
2024-01-13 01:00:00+00:00,2024-01-11 15:30:00+00:00,7452
2024-01-13 01:00:00+00:00,2024-01-11 18:30:00+00:00,7708
2024-01-13 01:00:00+00:00,2024-01-11 22:30:00+00:00,7717
2024-01-13 01:00:00+00:00,2024-01-12 02:30:00+00:00,7853
2024-01-13 01:00:00+00:00,2024-01-12 04:30:00+00:00,7853
2024-01-13 01:00:00+00:00,2024-01-12 07:30:00+00:00,7938
2024-01-13 01:00:00+00:00,2024-01-12 09:30:00+00:00,7938
2024-01-13 01:00:00+00:00,2024-01-12 11:30:00+00:00,7940
2024-01-13 01:00:00+00:00,2024-01-12 15:30:00+00:00,8059
2024-01-13 01:00:00+00:00,2024-01-12 18:30:00+00:00,7694
2024-01-13 01:00:00+00:00,2024-01-12 22:30:00+00:00,7695
2024-01-13 02:00:00+00:00,2024-01-11 02:30:00+00:00,6790
2024-01-13 02:00:00+00:00,2024-01-11 04:30:00+00:00,6791
2024-01-13 02:00:00+00:00,2024-01-11 07:30:00+00:00,7325
2024-01-13 02:00:00+00:00,2024-01-11 09:30:00+00:00,7325
2024-01-13 02:00:00+00:00,2024-01-11 11:30:00+00:00,7324
2024-01-13 02:00:00+00:00,2024-01-11 15:30:00+00:00,7940
2024-01-13 02:00:00+00:00,2024-01-11 18:30:00+00:00,8187
2024-01-13 02:00:00+00:00,2024-01-11 22:30:00+00:00,8195
2024-01-13 02:00:00+00:00,2024-01-12 02:30:00+00:00,8292
2024-01-13 02:00:00+00:00,2024-01-12 04:30:00+00:00,8293
2024-01-13 02:00:00+00:00,2024-01-12 07:30:00+00:00,8325
2024-01-13 02:00:00+00:00,2024-01-12 09:30:00+00:00,8325
2024-01-13 02:00:00+00:00,2024-01-12 11:30:00+00:00,8327
2024-01-13 02:00:00+00:00,2024-01-12 15:30:00+00:00,8375
2024-01-13 02:00:00+00:00,2024-01-12 18:30:00+00:00,7900
2024-01-13 02:00:00+00:00,2024-01-12 22:30:00+00:00,7900
2024-01-13 03:00:00+00:00,2024-01-11 02:30:00+00:00,7151
2024-01-13 03:00:00+00:00,2024-01-11 04:30:00+00:00,7152
2024-01-13 03:00:00+00:00,2024-01-11 07:30:00+00:00,7768
2024-01-13 03:00:00+00:00,2024-01-11 09:30:00+00:00,7767
2024-01-13 03:00:00+00:00,2024-01-11 11:30:00+00:00,7764
2024-01-13 03:00:00+00:00,2024-01-11 15:30:00+00:00,8111
2024-01-13 03:00:00+00:00,2024-01-11 18:30:00+00:00,8354
2024-01-13 03:00:00+00:00,2024-01-11 22:30:00+00:00,8363
2024-01-13 03:00:00+00:00,2024-01-12 02:30:00+00:00,8450
2024-01-13 03:00:00+00:00,2024-01-12 04:30:00+00:00,8452
2024-01-13 03:00:00+00:00,2024-01-12 07:30:00+00:00,8412
2024-01-13 03:00:00+00:00,2024-01-12 09:30:00+00:00,8412
2024-01-13 03:00:00+00:00,2024-01-12 11:30:00+00:00,8413
2024-01-13 03:00:00+00:00,2024-01-12 15:30:00+00:00,8421
2024-01-13 03:00:00+00:00,2024-01-12 18:30:00+00:00,8014
2024-01-13 03:00:00+00:00,2024-01-12 22:30:00+00:00,8012
2024-01-13 04:00:00+00:00,2024-01-11 02:30:00+00:00,6852
2024-01-13 04:00:00+00:00,2024-01-11 04:30:00+00:00,6853
2024-01-13 04:00:00+00:00,2024-01-11 07:30:00+00:00,7415
2024-01-13 04:00:00+00:00,2024-01-11 09:30:00+00:00,7415
2024-01-13 04:00:00+00:00,2024-01-11 11:30:00+00:00,7412
2024-01-13 04:00:00+00:00,2024-01-11 15:30:00+00:00,8002
2024-01-13 04:00:00+00:00,2024-01-11 18:30:00+00:00,8378
2024-01-13 04:00:00+00:00,2024-01-11 22:30:00+00:00,8387
2024-01-13 04:00:00+00:00,2024-01-12 02:30:00+00:00,8499
2024-01-13 04:00:00+00:00,2024-01-12 04:30:00+00:00,8499
2024-01-13 04:00:00+00:00,2024-01-12 07:30:00+00:00,8438
2024-01-13 04:00:00+00:00,2024-01-12 09:30:00+00:00,8439
2024-01-13 04:00:00+00:00,2024-01-12 11:30:00+00:00,8440
2024-01-13 04:00:00+00:00,2024-01-12 15:30:00+00:00,8392
2024-01-13 04:00:00+00:00,2024-01-12 18:30:00+00:00,7910
2024-01-13 04:00:00+00:00,2024-01-12 22:30:00+00:00,7908
2024-01-13 05:00:00+00:00,2024-01-11 02:30:00+00:00,6550
2024-01-13 05:00:00+00:00,2024-01-11 04:30:00+00:00,6551
2024-01-13 05:00:00+00:00,2024-01-11 07:30:00+00:00,7060
2024-01-13 05:00:00+00:00,2024-01-11 09:30:00+00:00,7060
2024-01-13 05:00:00+00:00,2024-01-11 11:30:00+00:00,7059
2024-01-13 05:00:00+00:00,2024-01-11 15:30:00+00:00,7623
2024-01-13 05:00:00+00:00,2024-01-11 18:30:00+00:00,7989
2024-01-13 05:00:00+00:00,2024-01-11 22:30:00+00:00,7998
2024-01-13 05:00:00+00:00,2024-01-12 02:30:00+00:00,8150
2024-01-13 05:00:00+00:00,2024-01-12 04:30:00+00:00,8150
2024-01-13 05:00:00+00:00,2024-01-12 07:30:00+00:00,8238
2024-01-13 05:00:00+00:00,2024-01-12 09:30:00+00:00,8239
2024-01-13 05:00:00+00:00,2024-01-12 11:30:00+00:00,8237
2024-01-13 05:00:00+00:00,2024-01-12 15:30:00+00:00,8214
2024-01-13 05:00:00+00:00,2024-01-12 18:30:00+00:00,7746
2024-01-13 05:00:00+00:00,2024-01-12 22:30:00+00:00,7749
2024-01-13 06:00:00+00:00,2024-01-11 02:30:00+00:00,6251
2024-01-13 06:00:00+00:00,2024-01-11 04:30:00+00:00,6252
2024-01-13 06:00:00+00:00,2024-01-11 07:30:00+00:00,6710
2024-01-13 06:00:00+00:00,2024-01-11 09:30:00+00:00,6710
2024-01-13 06:00:00+00:00,2024-01-11 11:30:00+00:00,6711
2024-01-13 06:00:00+00:00,2024-01-11 15:30:00+00:00,7251
2024-01-13 06:00:00+00:00,2024-01-11 18:30:00+00:00,7434
2024-01-13 06:00:00+00:00,2024-01-11 22:30:00+00:00,7446
2024-01-13 06:00:00+00:00,2024-01-12 02:30:00+00:00,7579
2024-01-13 06:00:00+00:00,2024-01-12 04:30:00+00:00,7580
2024-01-13 06:00:00+00:00,2024-01-12 07:30:00+00:00,7749
2024-01-13 06:00:00+00:00,2024-01-12 09:30:00+00:00,7750
2024-01-13 06:00:00+00:00,2024-01-12 11:30:00+00:00,7749
2024-01-13 06:00:00+00:00,2024-01-12 15:30:00+00:00,7748
2024-01-13 06:00:00+00:00,2024-01-12 18:30:00+00:00,7381
2024-01-13 06:00:00+00:00,2024-01-12 22:30:00+00:00,7387
2024-01-13 07:00:00+00:00,2024-01-11 02:30:00+00:00,5873
2024-01-13 07:00:00+00:00,2024-01-11 04:30:00+00:00,5874
2024-01-13 07:00:00+00:00,2024-01-11 07:30:00+00:00,6319
2024-01-13 07:00:00+00:00,2024-01-11 09:30:00+00:00,6319
2024-01-13 07:00:00+00:00,2024-01-11 11:30:00+00:00,6319
2024-01-13 07:00:00+00:00,2024-01-11 15:30:00+00:00,6801
2024-01-13 07:00:00+00:00,2024-01-11 18:30:00+00:00,6980
2024-01-13 07:00:00+00:00,2024-01-11 22:30:00+00:00,6992
2024-01-13 07:00:00+00:00,2024-01-12 02:30:00+00:00,7200
2024-01-13 07:00:00+00:00,2024-01-12 04:30:00+00:00,7201
2024-01-13 07:00:00+00:00,2024-01-12 07:30:00+00:00,7498
2024-01-13 07:00:00+00:00,2024-01-12 09:30:00+00:00,7499
2024-01-13 07:00:00+00:00,2024-01-12 11:30:00+00:00,7500
2024-01-13 07:00:00+00:00,2024-01-12 15:30:00+00:00,7497
2024-01-13 07:00:00+00:00,2024-01-12 18:30:00+00:00,7080
2024-01-13 07:00:00+00:00,2024-01-12 22:30:00+00:00,7087
2024-01-13 08:00:00+00:00,2024-01-11 02:30:00+00:00,5501
2024-01-13 08:00:00+00:00,2024-01-11 04:30:00+00:00,5502
2024-01-13 08:00:00+00:00,2024-01-11 07:30:00+00:00,5936
2024-01-13 08:00:00+00:00,2024-01-11 09:30:00+00:00,5936
2024-01-13 08:00:00+00:00,2024-01-11 11:30:00+00:00,5937
2024-01-13 08:00:00+00:00,2024-01-11 15:30:00+00:00,6355
2024-01-13 08:00:00+00:00,2024-01-11 18:30:00+00:00,6551
2024-01-13 08:00:00+00:00,2024-01-11 22:30:00+00:00,6564
2024-01-13 08:00:00+00:00,2024-01-12 02:30:00+00:00,6862
2024-01-13 08:00:00+00:00,2024-01-12 04:30:00+00:00,6862
2024-01-13 08:00:00+00:00,2024-01-12 07:30:00+00:00,7322
2024-01-13 08:00:00+00:00,2024-01-12 09:30:00+00:00,7322
2024-01-13 08:00:00+00:00,2024-01-12 11:30:00+00:00,7326
2024-01-13 08:00:00+00:00,2024-01-12 15:30:00+00:00,7367
2024-01-13 08:00:00+00:00,2024-01-12 18:30:00+00:00,7036
2024-01-13 08:00:00+00:00,2024-01-12 22:30:00+00:00,7041
2024-01-13 09:00:00+00:00,2024-01-11 02:30:00+00:00,5143
2024-01-13 09:00:00+00:00,2024-01-11 04:30:00+00:00,5145
2024-01-13 09:00:00+00:00,2024-01-11 07:30:00+00:00,5571
2024-01-13 09:00:00+00:00,2024-01-11 09:30:00+00:00,5571
2024-01-13 09:00:00+00:00,2024-01-11 11:30:00+00:00,5574
2024-01-13 09:00:00+00:00,2024-01-11 15:30:00+00:00,5931
2024-01-13 09:00:00+00:00,2024-01-11 18:30:00+00:00,6500
2024-01-13 09:00:00+00:00,2024-01-11 22:30:00+00:00,6515
2024-01-13 09:00:00+00:00,2024-01-12 02:30:00+00:00,6827
2024-01-13 09:00:00+00:00,2024-01-12 04:30:00+00:00,6829
2024-01-13 09:00:00+00:00,2024-01-12 07:30:00+00:00,7293
2024-01-13 09:00:00+00:00,2024-01-12 09:30:00+00:00,7292
2024-01-13 09:00:00+00:00,2024-01-12 11:30:00+00:00,7296
2024-01-13 09:00:00+00:00,2024-01-12 15:30:00+00:00,7374
2024-01-13 09:00:00+00:00,2024-01-12 18:30:00+00:00,6996
2024-01-13 09:00:00+00:00,2024-01-12 22:30:00+00:00,6998
2024-01-13 10:00:00+00:00,2024-01-11 02:30:00+00:00,5104
2024-01-13 10:00:00+00:00,2024-01-11 04:30:00+00:00,5106
2024-01-13 10:00:00+00:00,2024-01-11 07:30:00+00:00,5473
2024-01-13 10:00:00+00:00,2024-01-11 09:30:00+00:00,5473
2024-01-13 10:00:00+00:00,2024-01-11 11:30:00+00:00,5476
2024-01-13 10:00:00+00:00,2024-01-11 15:30:00+00:00,5845
2024-01-13 10:00:00+00:00,2024-01-11 18:30:00+00:00,6421
2024-01-13 10:00:00+00:00,2024-01-11 22:30:00+00:00,6440
2024-01-13 10:00:00+00:00,2024-01-12 02:30:00+00:00,6869
2024-01-13 10:00:00+00:00,2024-01-12 04:30:00+00:00,6869
2024-01-13 10:00:00+00:00,2024-01-12 07:30:00+00:00,7295
2024-01-13 10:00:00+00:00,2024-01-12 09:30:00+00:00,7295
2024-01-13 10:00:00+00:00,2024-01-12 11:30:00+00:00,7300
2024-01-13 10:00:00+00:00,2024-01-12 15:30:00+00:00,7310
2024-01-13 10:00:00+00:00,2024-01-12 18:30:00+00:00,6882
2024-01-13 10:00:00+00:00,2024-01-12 22:30:00+00:00,6880
2024-01-13 11:00:00+00:00,2024-01-11 02:30:00+00:00,5075
2024-01-13 11:00:00+00:00,2024-01-11 04:30:00+00:00,5078
2024-01-13 11:00:00+00:00,2024-01-11 07:30:00+00:00,5384
2024-01-13 11:00:00+00:00,2024-01-11 09:30:00+00:00,5384
2024-01-13 11:00:00+00:00,2024-01-11 11:30:00+00:00,5388
2024-01-13 11:00:00+00:00,2024-01-11 15:30:00+00:00,5769
2024-01-13 11:00:00+00:00,2024-01-11 18:30:00+00:00,6328
2024-01-13 11:00:00+00:00,2024-01-11 22:30:00+00:00,6351
2024-01-13 11:00:00+00:00,2024-01-12 02:30:00+00:00,6752
2024-01-13 11:00:00+00:00,2024-01-12 04:30:00+00:00,6753
2024-01-13 11:00:00+00:00,2024-01-12 07:30:00+00:00,7133
2024-01-13 11:00:00+00:00,2024-01-12 09:30:00+00:00,7133
2024-01-13 11:00:00+00:00,2024-01-12 11:30:00+00:00,7129
2024-01-13 11:00:00+00:00,2024-01-12 15:30:00+00:00,7172
2024-01-13 11:00:00+00:00,2024-01-12 18:30:00+00:00,6655
2024-01-13 11:00:00+00:00,2024-01-12 22:30:00+00:00,6654
2024-01-13 12:00:00+00:00,2024-01-11 02:30:00+00:00,5057
2024-01-13 12:00:00+00:00,2024-01-11 04:30:00+00:00,5061
2024-01-13 12:00:00+00:00,2024-01-11 07:30:00+00:00,5306
2024-01-13 12:00:00+00:00,2024-01-11 09:30:00+00:00,5306
2024-01-13 12:00:00+00:00,2024-01-11 11:30:00+00:00,5310
2024-01-13 12:00:00+00:00,2024-01-11 15:30:00+00:00,5703
2024-01-13 12:00:00+00:00,2024-01-11 18:30:00+00:00,6245
2024-01-13 12:00:00+00:00,2024-01-11 22:30:00+00:00,6273
2024-01-13 12:00:00+00:00,2024-01-12 02:30:00+00:00,6756
2024-01-13 12:00:00+00:00,2024-01-12 04:30:00+00:00,6767
2024-01-13 12:00:00+00:00,2024-01-12 07:30:00+00:00,7120
2024-01-13 12:00:00+00:00,2024-01-12 09:30:00+00:00,7120
2024-01-13 12:00:00+00:00,2024-01-12 11:30:00+00:00,7112
2024-01-13 12:00:00+00:00,2024-01-12 15:30:00+00:00,7175
2024-01-13 12:00:00+00:00,2024-01-12 18:30:00+00:00,6669
2024-01-13 12:00:00+00:00,2024-01-12 22:30:00+00:00,6668
2024-01-13 13:00:00+00:00,2024-01-11 02:30:00+00:00,4898
2024-01-13 13:00:00+00:00,2024-01-11 04:30:00+00:00,4902
2024-01-13 13:00:00+00:00,2024-01-11 07:30:00+00:00,5110
2024-01-13 13:00:00+00:00,2024-01-11 09:30:00+00:00,5110
2024-01-13 13:00:00+00:00,2024-01-11 11:30:00+00:00,5114
2024-01-13 13:00:00+00:00,2024-01-11 15:30:00+00:00,5523
2024-01-13 13:00:00+00:00,2024-01-11 18:30:00+00:00,6123
2024-01-13 13:00:00+00:00,2024-01-11 22:30:00+00:00,6149
2024-01-13 13:00:00+00:00,2024-01-12 02:30:00+00:00,6574
2024-01-13 13:00:00+00:00,2024-01-12 04:30:00+00:00,6574
2024-01-13 13:00:00+00:00,2024-01-12 07:30:00+00:00,6958
2024-01-13 13:00:00+00:00,2024-01-12 09:30:00+00:00,6957
2024-01-13 13:00:00+00:00,2024-01-12 11:30:00+00:00,6956
2024-01-13 13:00:00+00:00,2024-01-12 15:30:00+00:00,7124
2024-01-13 13:00:00+00:00,2024-01-12 18:30:00+00:00,6761
2024-01-13 13:00:00+00:00,2024-01-12 22:30:00+00:00,6759
2024-01-13 14:00:00+00:00,2024-01-11 02:30:00+00:00,4749
2024-01-13 14:00:00+00:00,2024-01-11 04:30:00+00:00,4752
2024-01-13 14:00:00+00:00,2024-01-11 07:30:00+00:00,4926
2024-01-13 14:00:00+00:00,2024-01-11 09:30:00+00:00,4925
2024-01-13 14:00:00+00:00,2024-01-11 11:30:00+00:00,4930
2024-01-13 14:00:00+00:00,2024-01-11 15:30:00+00:00,5353
2024-01-13 14:00:00+00:00,2024-01-11 18:30:00+00:00,6011
2024-01-13 14:00:00+00:00,2024-01-11 22:30:00+00:00,6035
2024-01-13 14:00:00+00:00,2024-01-12 02:30:00+00:00,6506
2024-01-13 14:00:00+00:00,2024-01-12 04:30:00+00:00,6506
2024-01-13 14:00:00+00:00,2024-01-12 07:30:00+00:00,6877
2024-01-13 14:00:00+00:00,2024-01-12 09:30:00+00:00,6877
2024-01-13 14:00:00+00:00,2024-01-12 11:30:00+00:00,6874
2024-01-13 14:00:00+00:00,2024-01-12 15:30:00+00:00,7021
2024-01-13 14:00:00+00:00,2024-01-12 18:30:00+00:00,6740
2024-01-13 14:00:00+00:00,2024-01-12 22:30:00+00:00,6738
2024-01-13 15:00:00+00:00,2024-01-11 02:30:00+00:00,4609
2024-01-13 15:00:00+00:00,2024-01-11 04:30:00+00:00,4612
2024-01-13 15:00:00+00:00,2024-01-11 07:30:00+00:00,4754
2024-01-13 15:00:00+00:00,2024-01-11 09:30:00+00:00,4754
2024-01-13 15:00:00+00:00,2024-01-11 11:30:00+00:00,4759
2024-01-13 15:00:00+00:00,2024-01-11 15:30:00+00:00,5195
2024-01-13 15:00:00+00:00,2024-01-11 18:30:00+00:00,5910
2024-01-13 15:00:00+00:00,2024-01-11 22:30:00+00:00,5932
2024-01-13 15:00:00+00:00,2024-01-12 02:30:00+00:00,6315
2024-01-13 15:00:00+00:00,2024-01-12 04:30:00+00:00,6322
2024-01-13 15:00:00+00:00,2024-01-12 07:30:00+00:00,6709
2024-01-13 15:00:00+00:00,2024-01-12 09:30:00+00:00,6709
2024-01-13 15:00:00+00:00,2024-01-12 11:30:00+00:00,6709
2024-01-13 15:00:00+00:00,2024-01-12 15:30:00+00:00,6885
2024-01-13 15:00:00+00:00,2024-01-12 18:30:00+00:00,6716
2024-01-13 15:00:00+00:00,2024-01-12 22:30:00+00:00,6716
2024-01-13 16:00:00+00:00,2024-01-11 02:30:00+00:00,4462
2024-01-13 16:00:00+00:00,2024-01-11 04:30:00+00:00,4464
2024-01-13 16:00:00+00:00,2024-01-11 07:30:00+00:00,4571
2024-01-13 16:00:00+00:00,2024-01-11 09:30:00+00:00,4571
2024-01-13 16:00:00+00:00,2024-01-11 11:30:00+00:00,4573
2024-01-13 16:00:00+00:00,2024-01-11 15:30:00+00:00,4979
2024-01-13 16:00:00+00:00,2024-01-11 18:30:00+00:00,5729
2024-01-13 16:00:00+00:00,2024-01-11 22:30:00+00:00,5749
2024-01-13 16:00:00+00:00,2024-01-12 02:30:00+00:00,6234
2024-01-13 16:00:00+00:00,2024-01-12 04:30:00+00:00,6238
2024-01-13 16:00:00+00:00,2024-01-12 07:30:00+00:00,6790
2024-01-13 16:00:00+00:00,2024-01-12 09:30:00+00:00,6791
2024-01-13 16:00:00+00:00,2024-01-12 11:30:00+00:00,6791
2024-01-13 16:00:00+00:00,2024-01-12 15:30:00+00:00,6982
2024-01-13 16:00:00+00:00,2024-01-12 18:30:00+00:00,6789
2024-01-13 16:00:00+00:00,2024-01-12 22:30:00+00:00,6793
2024-01-13 17:00:00+00:00,2024-01-11 02:30:00+00:00,4325
2024-01-13 17:00:00+00:00,2024-01-11 04:30:00+00:00,4325
2024-01-13 17:00:00+00:00,2024-01-11 07:30:00+00:00,4395
2024-01-13 17:00:00+00:00,2024-01-11 09:30:00+00:00,4395
2024-01-13 17:00:00+00:00,2024-01-11 11:30:00+00:00,4396
2024-01-13 17:00:00+00:00,2024-01-11 15:30:00+00:00,4772
2024-01-13 17:00:00+00:00,2024-01-11 18:30:00+00:00,5555
2024-01-13 17:00:00+00:00,2024-01-11 22:30:00+00:00,5572
2024-01-13 17:00:00+00:00,2024-01-12 02:30:00+00:00,6122
2024-01-13 17:00:00+00:00,2024-01-12 04:30:00+00:00,6124
2024-01-13 17:00:00+00:00,2024-01-12 07:30:00+00:00,6740
2024-01-13 17:00:00+00:00,2024-01-12 09:30:00+00:00,6741
2024-01-13 17:00:00+00:00,2024-01-12 11:30:00+00:00,6740
2024-01-13 17:00:00+00:00,2024-01-12 15:30:00+00:00,6870
2024-01-13 17:00:00+00:00,2024-01-12 18:30:00+00:00,6776
2024-01-13 17:00:00+00:00,2024-01-12 22:30:00+00:00,6781
2024-01-13 18:00:00+00:00,2024-01-11 02:30:00+00:00,4198
2024-01-13 18:00:00+00:00,2024-01-11 04:30:00+00:00,4198
2024-01-13 18:00:00+00:00,2024-01-11 07:30:00+00:00,4228
2024-01-13 18:00:00+00:00,2024-01-11 09:30:00+00:00,4229
2024-01-13 18:00:00+00:00,2024-01-11 11:30:00+00:00,4229
2024-01-13 18:00:00+00:00,2024-01-11 15:30:00+00:00,4574
2024-01-13 18:00:00+00:00,2024-01-11 18:30:00+00:00,5386
2024-01-13 18:00:00+00:00,2024-01-11 22:30:00+00:00,5401
2024-01-13 18:00:00+00:00,2024-01-12 02:30:00+00:00,6015
2024-01-13 18:00:00+00:00,2024-01-12 04:30:00+00:00,6014
2024-01-13 18:00:00+00:00,2024-01-12 07:30:00+00:00,6539
2024-01-13 18:00:00+00:00,2024-01-12 09:30:00+00:00,6540
2024-01-13 18:00:00+00:00,2024-01-12 11:30:00+00:00,6538
2024-01-13 18:00:00+00:00,2024-01-12 15:30:00+00:00,6758
2024-01-13 18:00:00+00:00,2024-01-12 18:30:00+00:00,6741
2024-01-13 18:00:00+00:00,2024-01-12 22:30:00+00:00,6746
2024-01-13 19:00:00+00:00,2024-01-11 02:30:00+00:00,4287
2024-01-13 19:00:00+00:00,2024-01-11 04:30:00+00:00,4287
2024-01-13 19:00:00+00:00,2024-01-11 07:30:00+00:00,4320
2024-01-13 19:00:00+00:00,2024-01-11 09:30:00+00:00,4320
2024-01-13 19:00:00+00:00,2024-01-11 11:30:00+00:00,4320
2024-01-13 19:00:00+00:00,2024-01-11 15:30:00+00:00,4622
2024-01-13 19:00:00+00:00,2024-01-11 18:30:00+00:00,5379
2024-01-13 19:00:00+00:00,2024-01-11 22:30:00+00:00,5393
2024-01-13 19:00:00+00:00,2024-01-12 02:30:00+00:00,6019
2024-01-13 19:00:00+00:00,2024-01-12 04:30:00+00:00,6020
2024-01-13 19:00:00+00:00,2024-01-12 07:30:00+00:00,6486
2024-01-13 19:00:00+00:00,2024-01-12 09:30:00+00:00,6487
2024-01-13 19:00:00+00:00,2024-01-12 11:30:00+00:00,6487
2024-01-13 19:00:00+00:00,2024-01-12 15:30:00+00:00,6741
2024-01-13 19:00:00+00:00,2024-01-12 18:30:00+00:00,6817
2024-01-13 19:00:00+00:00,2024-01-12 22:30:00+00:00,6818
2024-01-13 20:00:00+00:00,2024-01-11 02:30:00+00:00,4379
2024-01-13 20:00:00+00:00,2024-01-11 04:30:00+00:00,4379
2024-01-13 20:00:00+00:00,2024-01-11 07:30:00+00:00,4413
2024-01-13 20:00:00+00:00,2024-01-11 09:30:00+00:00,4413
2024-01-13 20:00:00+00:00,2024-01-11 11:30:00+00:00,4412
2024-01-13 20:00:00+00:00,2024-01-11 15:30:00+00:00,4671
2024-01-13 20:00:00+00:00,2024-01-11 18:30:00+00:00,5377
2024-01-13 20:00:00+00:00,2024-01-11 22:30:00+00:00,5389
2024-01-13 20:00:00+00:00,2024-01-12 02:30:00+00:00,6032
2024-01-13 20:00:00+00:00,2024-01-12 04:30:00+00:00,6034
2024-01-13 20:00:00+00:00,2024-01-12 07:30:00+00:00,6507
2024-01-13 20:00:00+00:00,2024-01-12 09:30:00+00:00,6507
2024-01-13 20:00:00+00:00,2024-01-12 11:30:00+00:00,6505
2024-01-13 20:00:00+00:00,2024-01-12 15:30:00+00:00,6676
2024-01-13 20:00:00+00:00,2024-01-12 18:30:00+00:00,6847
2024-01-13 20:00:00+00:00,2024-01-12 22:30:00+00:00,6847
2024-01-13 21:00:00+00:00,2024-01-11 02:30:00+00:00,4473
2024-01-13 21:00:00+00:00,2024-01-11 04:30:00+00:00,4474
2024-01-13 21:00:00+00:00,2024-01-11 07:30:00+00:00,4507
2024-01-13 21:00:00+00:00,2024-01-11 09:30:00+00:00,4508
2024-01-13 21:00:00+00:00,2024-01-11 11:30:00+00:00,4506
2024-01-13 21:00:00+00:00,2024-01-11 15:30:00+00:00,4720
2024-01-13 21:00:00+00:00,2024-01-11 18:30:00+00:00,5377
2024-01-13 21:00:00+00:00,2024-01-11 22:30:00+00:00,5388
2024-01-13 21:00:00+00:00,2024-01-12 02:30:00+00:00,6054
2024-01-13 21:00:00+00:00,2024-01-12 04:30:00+00:00,6056
2024-01-13 21:00:00+00:00,2024-01-12 07:30:00+00:00,6501
2024-01-13 21:00:00+00:00,2024-01-12 09:30:00+00:00,6501
2024-01-13 21:00:00+00:00,2024-01-12 11:30:00+00:00,6499
2024-01-13 21:00:00+00:00,2024-01-12 15:30:00+00:00,6739
2024-01-13 21:00:00+00:00,2024-01-12 18:30:00+00:00,6980
2024-01-13 21:00:00+00:00,2024-01-12 22:30:00+00:00,6981
2024-01-13 21:00:00+00:00,2024-01-13 02:30:00+00:00,7253
2024-01-13 21:00:00+00:00,2024-01-13 04:30:00+00:00,7254
2024-01-13 21:00:00+00:00,2024-01-13 07:30:00+00:00,6986
2024-01-13 21:00:00+00:00,2024-01-13 09:30:00+00:00,6986
2024-01-13 21:00:00+00:00,2024-01-13 11:30:00+00:00,6985
2024-01-13 21:00:00+00:00,2024-01-13 15:30:00+00:00,6614
2024-01-13 21:00:00+00:00,2024-01-13 18:30:00+00:00,6424
2024-01-13 21:00:00+00:00,2024-01-13 22:30:00+00:00,6422
2024-01-13 22:00:00+00:00,2024-01-12 02:30:00+00:00,6245
2024-01-13 22:00:00+00:00,2024-01-12 04:30:00+00:00,6248
2024-01-13 22:00:00+00:00,2024-01-12 07:30:00+00:00,6608
2024-01-13 22:00:00+00:00,2024-01-12 09:30:00+00:00,6608
2024-01-13 22:00:00+00:00,2024-01-12 11:30:00+00:00,6605
2024-01-13 22:00:00+00:00,2024-01-12 15:30:00+00:00,6815
2024-01-13 22:00:00+00:00,2024-01-12 18:30:00+00:00,7016
2024-01-13 22:00:00+00:00,2024-01-12 22:30:00+00:00,7017
2024-01-13 22:00:00+00:00,2024-01-13 02:30:00+00:00,7302
2024-01-13 22:00:00+00:00,2024-01-13 04:30:00+00:00,7304
2024-01-13 22:00:00+00:00,2024-01-13 07:30:00+00:00,7047
2024-01-13 22:00:00+00:00,2024-01-13 09:30:00+00:00,7046
2024-01-13 22:00:00+00:00,2024-01-13 11:30:00+00:00,7046
2024-01-13 22:00:00+00:00,2024-01-13 15:30:00+00:00,6605
2024-01-13 22:00:00+00:00,2024-01-13 18:30:00+00:00,6316
2024-01-13 22:00:00+00:00,2024-01-13 22:30:00+00:00,6316
2024-01-13 23:00:00+00:00,2024-01-12 02:30:00+00:00,6439
2024-01-13 23:00:00+00:00,2024-01-12 04:30:00+00:00,6442
2024-01-13 23:00:00+00:00,2024-01-12 07:30:00+00:00,6822
2024-01-13 23:00:00+00:00,2024-01-12 09:30:00+00:00,6821
2024-01-13 23:00:00+00:00,2024-01-12 11:30:00+00:00,6817
2024-01-13 23:00:00+00:00,2024-01-12 15:30:00+00:00,7036
2024-01-13 23:00:00+00:00,2024-01-12 18:30:00+00:00,7241
2024-01-13 23:00:00+00:00,2024-01-12 22:30:00+00:00,7241
2024-01-13 23:00:00+00:00,2024-01-13 02:30:00+00:00,7513
2024-01-13 23:00:00+00:00,2024-01-13 04:30:00+00:00,7516
2024-01-13 23:00:00+00:00,2024-01-13 07:30:00+00:00,7263
2024-01-13 23:00:00+00:00,2024-01-13 09:30:00+00:00,7263
2024-01-13 23:00:00+00:00,2024-01-13 11:30:00+00:00,7262
2024-01-13 23:00:00+00:00,2024-01-13 15:30:00+00:00,6622
2024-01-13 23:00:00+00:00,2024-01-13 18:30:00+00:00,6204
2024-01-13 23:00:00+00:00,2024-01-13 22:30:00+00:00,6203
2024-01-14 00:00:00+00:00,2024-01-12 02:30:00+00:00,6638
2024-01-14 00:00:00+00:00,2024-01-12 04:30:00+00:00,6641
2024-01-14 00:00:00+00:00,2024-01-12 07:30:00+00:00,7042
2024-01-14 00:00:00+00:00,2024-01-12 09:30:00+00:00,7041
2024-01-14 00:00:00+00:00,2024-01-12 11:30:00+00:00,7037
2024-01-14 00:00:00+00:00,2024-01-12 15:30:00+00:00,7073
2024-01-14 00:00:00+00:00,2024-01-12 18:30:00+00:00,7476
2024-01-14 00:00:00+00:00,2024-01-12 22:30:00+00:00,7477
2024-01-14 00:00:00+00:00,2024-01-13 02:30:00+00:00,7917
2024-01-14 00:00:00+00:00,2024-01-13 04:30:00+00:00,7921
2024-01-14 00:00:00+00:00,2024-01-13 07:30:00+00:00,7420
2024-01-14 00:00:00+00:00,2024-01-13 09:30:00+00:00,7420
2024-01-14 00:00:00+00:00,2024-01-13 11:30:00+00:00,7418
2024-01-14 00:00:00+00:00,2024-01-13 15:30:00+00:00,6682
2024-01-14 00:00:00+00:00,2024-01-13 18:30:00+00:00,6148
2024-01-14 00:00:00+00:00,2024-01-13 22:30:00+00:00,6147
2024-01-14 01:00:00+00:00,2024-01-12 02:30:00+00:00,6848
2024-01-14 01:00:00+00:00,2024-01-12 04:30:00+00:00,6852
2024-01-14 01:00:00+00:00,2024-01-12 07:30:00+00:00,7252
2024-01-14 01:00:00+00:00,2024-01-12 09:30:00+00:00,7251
2024-01-14 01:00:00+00:00,2024-01-12 11:30:00+00:00,7246
2024-01-14 01:00:00+00:00,2024-01-12 15:30:00+00:00,7314
2024-01-14 01:00:00+00:00,2024-01-12 18:30:00+00:00,7662
2024-01-14 01:00:00+00:00,2024-01-12 22:30:00+00:00,7663
2024-01-14 01:00:00+00:00,2024-01-13 02:30:00+00:00,7901
2024-01-14 01:00:00+00:00,2024-01-13 04:30:00+00:00,7902
2024-01-14 01:00:00+00:00,2024-01-13 07:30:00+00:00,7316
2024-01-14 01:00:00+00:00,2024-01-13 09:30:00+00:00,7315
2024-01-14 01:00:00+00:00,2024-01-13 11:30:00+00:00,7313
2024-01-14 01:00:00+00:00,2024-01-13 15:30:00+00:00,6656
2024-01-14 01:00:00+00:00,2024-01-13 18:30:00+00:00,6201
2024-01-14 01:00:00+00:00,2024-01-13 22:30:00+00:00,6203
2024-01-14 02:00:00+00:00,2024-01-12 02:30:00+00:00,7062
2024-01-14 02:00:00+00:00,2024-01-12 04:30:00+00:00,7066
2024-01-14 02:00:00+00:00,2024-01-12 07:30:00+00:00,7466
2024-01-14 02:00:00+00:00,2024-01-12 09:30:00+00:00,7465
2024-01-14 02:00:00+00:00,2024-01-12 11:30:00+00:00,7462
2024-01-14 02:00:00+00:00,2024-01-12 15:30:00+00:00,7453
2024-01-14 02:00:00+00:00,2024-01-12 18:30:00+00:00,7753
2024-01-14 02:00:00+00:00,2024-01-12 22:30:00+00:00,7754
2024-01-14 02:00:00+00:00,2024-01-13 02:30:00+00:00,8151
2024-01-14 02:00:00+00:00,2024-01-13 04:30:00+00:00,8151
2024-01-14 02:00:00+00:00,2024-01-13 07:30:00+00:00,7554
2024-01-14 02:00:00+00:00,2024-01-13 09:30:00+00:00,7553
2024-01-14 02:00:00+00:00,2024-01-13 11:30:00+00:00,7550
2024-01-14 02:00:00+00:00,2024-01-13 15:30:00+00:00,6775
2024-01-14 02:00:00+00:00,2024-01-13 18:30:00+00:00,6420
2024-01-14 02:00:00+00:00,2024-01-13 22:30:00+00:00,6421
2024-01-14 03:00:00+00:00,2024-01-12 02:30:00+00:00,7281
2024-01-14 03:00:00+00:00,2024-01-12 04:30:00+00:00,7285
2024-01-14 03:00:00+00:00,2024-01-12 07:30:00+00:00,7684
2024-01-14 03:00:00+00:00,2024-01-12 09:30:00+00:00,7684
2024-01-14 03:00:00+00:00,2024-01-12 11:30:00+00:00,7680
2024-01-14 03:00:00+00:00,2024-01-12 15:30:00+00:00,7645
2024-01-14 03:00:00+00:00,2024-01-12 18:30:00+00:00,7953
2024-01-14 03:00:00+00:00,2024-01-12 22:30:00+00:00,7954
2024-01-14 03:00:00+00:00,2024-01-13 02:30:00+00:00,8241
2024-01-14 03:00:00+00:00,2024-01-13 04:30:00+00:00,8243
2024-01-14 03:00:00+00:00,2024-01-13 07:30:00+00:00,7596
2024-01-14 03:00:00+00:00,2024-01-13 09:30:00+00:00,7594
2024-01-14 03:00:00+00:00,2024-01-13 11:30:00+00:00,7592
2024-01-14 03:00:00+00:00,2024-01-13 15:30:00+00:00,6843
2024-01-14 03:00:00+00:00,2024-01-13 18:30:00+00:00,6439
2024-01-14 03:00:00+00:00,2024-01-13 22:30:00+00:00,6440
2024-01-14 04:00:00+00:00,2024-01-12 02:30:00+00:00,7611
2024-01-14 04:00:00+00:00,2024-01-12 04:30:00+00:00,7614
2024-01-14 04:00:00+00:00,2024-01-12 07:30:00+00:00,8023
2024-01-14 04:00:00+00:00,2024-01-12 09:30:00+00:00,8023
2024-01-14 04:00:00+00:00,2024-01-12 11:30:00+00:00,8021
2024-01-14 04:00:00+00:00,2024-01-12 15:30:00+00:00,8421
2024-01-14 04:00:00+00:00,2024-01-12 18:30:00+00:00,8568
2024-01-14 04:00:00+00:00,2024-01-12 22:30:00+00:00,8568
2024-01-14 04:00:00+00:00,2024-01-13 02:30:00+00:00,8769
2024-01-14 04:00:00+00:00,2024-01-13 04:30:00+00:00,8770
2024-01-14 04:00:00+00:00,2024-01-13 07:30:00+00:00,8108
2024-01-14 04:00:00+00:00,2024-01-13 09:30:00+00:00,8106
2024-01-14 04:00:00+00:00,2024-01-13 11:30:00+00:00,8106
2024-01-14 04:00:00+00:00,2024-01-13 15:30:00+00:00,7356
2024-01-14 04:00:00+00:00,2024-01-13 18:30:00+00:00,6751
2024-01-14 04:00:00+00:00,2024-01-13 22:30:00+00:00,6750
2024-01-14 05:00:00+00:00,2024-01-12 02:30:00+00:00,7944
2024-01-14 05:00:00+00:00,2024-01-12 04:30:00+00:00,7947
2024-01-14 05:00:00+00:00,2024-01-12 07:30:00+00:00,8365
2024-01-14 05:00:00+00:00,2024-01-12 09:30:00+00:00,8365
2024-01-14 05:00:00+00:00,2024-01-12 11:30:00+00:00,8365
2024-01-14 05:00:00+00:00,2024-01-12 15:30:00+00:00,8758
2024-01-14 05:00:00+00:00,2024-01-12 18:30:00+00:00,8876
2024-01-14 05:00:00+00:00,2024-01-12 22:30:00+00:00,8876
2024-01-14 05:00:00+00:00,2024-01-13 02:30:00+00:00,9303
2024-01-14 05:00:00+00:00,2024-01-13 04:30:00+00:00,9304
2024-01-14 05:00:00+00:00,2024-01-13 07:30:00+00:00,8811
2024-01-14 05:00:00+00:00,2024-01-13 09:30:00+00:00,8809
2024-01-14 05:00:00+00:00,2024-01-13 11:30:00+00:00,8807
2024-01-14 05:00:00+00:00,2024-01-13 15:30:00+00:00,7952
2024-01-14 05:00:00+00:00,2024-01-13 18:30:00+00:00,7108
2024-01-14 05:00:00+00:00,2024-01-13 22:30:00+00:00,7107
2024-01-14 06:00:00+00:00,2024-01-12 02:30:00+00:00,8280
2024-01-14 06:00:00+00:00,2024-01-12 04:30:00+00:00,8282
2024-01-14 06:00:00+00:00,2024-01-12 07:30:00+00:00,8707
2024-01-14 06:00:00+00:00,2024-01-12 09:30:00+00:00,8707
2024-01-14 06:00:00+00:00,2024-01-12 11:30:00+00:00,8710
2024-01-14 06:00:00+00:00,2024-01-12 15:30:00+00:00,9095
2024-01-14 06:00:00+00:00,2024-01-12 18:30:00+00:00,9226
2024-01-14 06:00:00+00:00,2024-01-12 22:30:00+00:00,9227
2024-01-14 06:00:00+00:00,2024-01-13 02:30:00+00:00,9549
2024-01-14 06:00:00+00:00,2024-01-13 04:30:00+00:00,9545
2024-01-14 06:00:00+00:00,2024-01-13 07:30:00+00:00,9128
2024-01-14 06:00:00+00:00,2024-01-13 09:30:00+00:00,9126
2024-01-14 06:00:00+00:00,2024-01-13 11:30:00+00:00,9126
2024-01-14 06:00:00+00:00,2024-01-13 15:30:00+00:00,8365
2024-01-14 06:00:00+00:00,2024-01-13 18:30:00+00:00,7447
2024-01-14 06:00:00+00:00,2024-01-13 22:30:00+00:00,7446
2024-01-14 07:00:00+00:00,2024-01-12 02:30:00+00:00,8634
2024-01-14 07:00:00+00:00,2024-01-12 04:30:00+00:00,8636
2024-01-14 07:00:00+00:00,2024-01-12 07:30:00+00:00,9110
2024-01-14 07:00:00+00:00,2024-01-12 09:30:00+00:00,9110
2024-01-14 07:00:00+00:00,2024-01-12 11:30:00+00:00,9116
2024-01-14 07:00:00+00:00,2024-01-12 15:30:00+00:00,9537
2024-01-14 07:00:00+00:00,2024-01-12 18:30:00+00:00,9553
2024-01-14 07:00:00+00:00,2024-01-12 22:30:00+00:00,9552
2024-01-14 07:00:00+00:00,2024-01-13 02:30:00+00:00,10020
2024-01-14 07:00:00+00:00,2024-01-13 04:30:00+00:00,10018
2024-01-14 07:00:00+00:00,2024-01-13 07:30:00+00:00,9676
2024-01-14 07:00:00+00:00,2024-01-13 09:30:00+00:00,9675
2024-01-14 07:00:00+00:00,2024-01-13 11:30:00+00:00,9666
2024-01-14 07:00:00+00:00,2024-01-13 15:30:00+00:00,8814
2024-01-14 07:00:00+00:00,2024-01-13 18:30:00+00:00,7780
2024-01-14 07:00:00+00:00,2024-01-13 22:30:00+00:00,7781
2024-01-14 08:00:00+00:00,2024-01-12 02:30:00+00:00,9001
2024-01-14 08:00:00+00:00,2024-01-12 04:30:00+00:00,9005
2024-01-14 08:00:00+00:00,2024-01-12 07:30:00+00:00,9530
2024-01-14 08:00:00+00:00,2024-01-12 09:30:00+00:00,9529
2024-01-14 08:00:00+00:00,2024-01-12 11:30:00+00:00,9540
2024-01-14 08:00:00+00:00,2024-01-12 15:30:00+00:00,9995
2024-01-14 08:00:00+00:00,2024-01-12 18:30:00+00:00,10041
2024-01-14 08:00:00+00:00,2024-01-12 22:30:00+00:00,10040
2024-01-14 08:00:00+00:00,2024-01-13 02:30:00+00:00,10632
2024-01-14 08:00:00+00:00,2024-01-13 04:30:00+00:00,10633
2024-01-14 08:00:00+00:00,2024-01-13 07:30:00+00:00,10343
2024-01-14 08:00:00+00:00,2024-01-13 09:30:00+00:00,10341
2024-01-14 08:00:00+00:00,2024-01-13 11:30:00+00:00,10326
2024-01-14 08:00:00+00:00,2024-01-13 15:30:00+00:00,9424
2024-01-14 08:00:00+00:00,2024-01-13 18:30:00+00:00,8238
2024-01-14 08:00:00+00:00,2024-01-13 22:30:00+00:00,8239
2024-01-14 09:00:00+00:00,2024-01-12 02:30:00+00:00,9381
2024-01-14 09:00:00+00:00,2024-01-12 04:30:00+00:00,9386
2024-01-14 09:00:00+00:00,2024-01-12 07:30:00+00:00,9963
2024-01-14 09:00:00+00:00,2024-01-12 09:30:00+00:00,9962
2024-01-14 09:00:00+00:00,2024-01-12 11:30:00+00:00,9978
2024-01-14 09:00:00+00:00,2024-01-12 15:30:00+00:00,10462
2024-01-14 09:00:00+00:00,2024-01-12 18:30:00+00:00,10580
2024-01-14 09:00:00+00:00,2024-01-12 22:30:00+00:00,10582
2024-01-14 09:00:00+00:00,2024-01-13 02:30:00+00:00,11110
2024-01-14 09:00:00+00:00,2024-01-13 04:30:00+00:00,11109
2024-01-14 09:00:00+00:00,2024-01-13 07:30:00+00:00,10846
2024-01-14 09:00:00+00:00,2024-01-13 09:30:00+00:00,10843
2024-01-14 09:00:00+00:00,2024-01-13 11:30:00+00:00,10832
2024-01-14 09:00:00+00:00,2024-01-13 15:30:00+00:00,10111
2024-01-14 09:00:00+00:00,2024-01-13 18:30:00+00:00,9031
2024-01-14 09:00:00+00:00,2024-01-13 22:30:00+00:00,9030
2024-01-14 10:00:00+00:00,2024-01-12 02:30:00+00:00,10004
2024-01-14 10:00:00+00:00,2024-01-12 04:30:00+00:00,10014
2024-01-14 10:00:00+00:00,2024-01-12 07:30:00+00:00,10565
2024-01-14 10:00:00+00:00,2024-01-12 09:30:00+00:00,10564
2024-01-14 10:00:00+00:00,2024-01-12 11:30:00+00:00,10588
2024-01-14 10:00:00+00:00,2024-01-12 15:30:00+00:00,11038
2024-01-14 10:00:00+00:00,2024-01-12 18:30:00+00:00,11131
2024-01-14 10:00:00+00:00,2024-01-12 22:30:00+00:00,11133
2024-01-14 10:00:00+00:00,2024-01-13 02:30:00+00:00,11716
2024-01-14 10:00:00+00:00,2024-01-13 04:30:00+00:00,11719
2024-01-14 10:00:00+00:00,2024-01-13 07:30:00+00:00,11409
2024-01-14 10:00:00+00:00,2024-01-13 09:30:00+00:00,11405
2024-01-14 10:00:00+00:00,2024-01-13 11:30:00+00:00,11398
2024-01-14 10:00:00+00:00,2024-01-13 15:30:00+00:00,10754
2024-01-14 10:00:00+00:00,2024-01-13 18:30:00+00:00,9610
2024-01-14 10:00:00+00:00,2024-01-13 22:30:00+00:00,9608
2024-01-14 11:00:00+00:00,2024-01-12 02:30:00+00:00,10638
2024-01-14 11:00:00+00:00,2024-01-12 04:30:00+00:00,10653
2024-01-14 11:00:00+00:00,2024-01-12 07:30:00+00:00,11180
2024-01-14 11:00:00+00:00,2024-01-12 09:30:00+00:00,11179
2024-01-14 11:00:00+00:00,2024-01-12 11:30:00+00:00,11211
2024-01-14 11:00:00+00:00,2024-01-12 15:30:00+00:00,11619
2024-01-14 11:00:00+00:00,2024-01-12 18:30:00+00:00,11656
2024-01-14 11:00:00+00:00,2024-01-12 22:30:00+00:00,11657
2024-01-14 11:00:00+00:00,2024-01-13 02:30:00+00:00,12207
2024-01-14 11:00:00+00:00,2024-01-13 04:30:00+00:00,12209
2024-01-14 11:00:00+00:00,2024-01-13 07:30:00+00:00,12100
2024-01-14 11:00:00+00:00,2024-01-13 09:30:00+00:00,12096
2024-01-14 11:00:00+00:00,2024-01-13 11:30:00+00:00,12095
2024-01-14 11:00:00+00:00,2024-01-13 15:30:00+00:00,11606
2024-01-14 11:00:00+00:00,2024-01-13 18:30:00+00:00,10562
2024-01-14 11:00:00+00:00,2024-01-13 22:30:00+00:00,10562
2024-01-14 12:00:00+00:00,2024-01-12 02:30:00+00:00,11275
2024-01-14 12:00:00+00:00,2024-01-12 04:30:00+00:00,11297
2024-01-14 12:00:00+00:00,2024-01-12 07:30:00+00:00,11799
2024-01-14 12:00:00+00:00,2024-01-12 09:30:00+00:00,11796
2024-01-14 12:00:00+00:00,2024-01-12 11:30:00+00:00,11833
2024-01-14 12:00:00+00:00,2024-01-12 15:30:00+00:00,12193
2024-01-14 12:00:00+00:00,2024-01-12 18:30:00+00:00,12172
2024-01-14 12:00:00+00:00,2024-01-12 22:30:00+00:00,12172
2024-01-14 12:00:00+00:00,2024-01-13 02:30:00+00:00,12963
2024-01-14 12:00:00+00:00,2024-01-13 04:30:00+00:00,12968
2024-01-14 12:00:00+00:00,2024-01-13 07:30:00+00:00,12768
2024-01-14 12:00:00+00:00,2024-01-13 09:30:00+00:00,12763
2024-01-14 12:00:00+00:00,2024-01-13 11:30:00+00:00,12752
2024-01-14 12:00:00+00:00,2024-01-13 15:30:00+00:00,12318
2024-01-14 12:00:00+00:00,2024-01-13 18:30:00+00:00,11379
2024-01-14 12:00:00+00:00,2024-01-13 22:30:00+00:00,11379
2024-01-14 13:00:00+00:00,2024-01-12 02:30:00+00:00,11844
2024-01-14 13:00:00+00:00,2024-01-12 04:30:00+00:00,11861
2024-01-14 13:00:00+00:00,2024-01-12 07:30:00+00:00,12297
2024-01-14 13:00:00+00:00,2024-01-12 09:30:00+00:00,12293
2024-01-14 13:00:00+00:00,2024-01-12 11:30:00+00:00,12328
2024-01-14 13:00:00+00:00,2024-01-12 15:30:00+00:00,12588
2024-01-14 13:00:00+00:00,2024-01-12 18:30:00+00:00,12541
2024-01-14 13:00:00+00:00,2024-01-12 22:30:00+00:00,12548
2024-01-14 13:00:00+00:00,2024-01-13 02:30:00+00:00,13585
2024-01-14 13:00:00+00:00,2024-01-13 04:30:00+00:00,13585
2024-01-14 13:00:00+00:00,2024-01-13 07:30:00+00:00,13523
2024-01-14 13:00:00+00:00,2024-01-13 09:30:00+00:00,13516
2024-01-14 13:00:00+00:00,2024-01-13 11:30:00+00:00,13510
2024-01-14 13:00:00+00:00,2024-01-13 15:30:00+00:00,13098
2024-01-14 13:00:00+00:00,2024-01-13 18:30:00+00:00,12180
2024-01-14 13:00:00+00:00,2024-01-13 22:30:00+00:00,12181
2024-01-14 14:00:00+00:00,2024-01-12 02:30:00+00:00,12405
2024-01-14 14:00:00+00:00,2024-01-12 04:30:00+00:00,12418
2024-01-14 14:00:00+00:00,2024-01-12 07:30:00+00:00,12776
2024-01-14 14:00:00+00:00,2024-01-12 09:30:00+00:00,12771
2024-01-14 14:00:00+00:00,2024-01-12 11:30:00+00:00,12805
2024-01-14 14:00:00+00:00,2024-01-12 15:30:00+00:00,12970
2024-01-14 14:00:00+00:00,2024-01-12 18:30:00+00:00,12899
2024-01-14 14:00:00+00:00,2024-01-12 22:30:00+00:00,12912
2024-01-14 14:00:00+00:00,2024-01-13 02:30:00+00:00,14009
2024-01-14 14:00:00+00:00,2024-01-13 04:30:00+00:00,14006
2024-01-14 14:00:00+00:00,2024-01-13 07:30:00+00:00,13913
2024-01-14 14:00:00+00:00,2024-01-13 09:30:00+00:00,13905
2024-01-14 14:00:00+00:00,2024-01-13 11:30:00+00:00,13888
2024-01-14 14:00:00+00:00,2024-01-13 15:30:00+00:00,13431
2024-01-14 14:00:00+00:00,2024-01-13 18:30:00+00:00,12528
2024-01-14 14:00:00+00:00,2024-01-13 22:30:00+00:00,12531
2024-01-14 15:00:00+00:00,2024-01-12 02:30:00+00:00,12952
2024-01-14 15:00:00+00:00,2024-01-12 04:30:00+00:00,12961
2024-01-14 15:00:00+00:00,2024-01-12 07:30:00+00:00,13236
2024-01-14 15:00:00+00:00,2024-01-12 09:30:00+00:00,13230
2024-01-14 15:00:00+00:00,2024-01-12 11:30:00+00:00,13262
2024-01-14 15:00:00+00:00,2024-01-12 15:30:00+00:00,13338
2024-01-14 15:00:00+00:00,2024-01-12 18:30:00+00:00,13245
2024-01-14 15:00:00+00:00,2024-01-12 22:30:00+00:00,13265
2024-01-14 15:00:00+00:00,2024-01-13 02:30:00+00:00,14179
2024-01-14 15:00:00+00:00,2024-01-13 04:30:00+00:00,14176
2024-01-14 15:00:00+00:00,2024-01-13 07:30:00+00:00,14200
2024-01-14 15:00:00+00:00,2024-01-13 09:30:00+00:00,14195
2024-01-14 15:00:00+00:00,2024-01-13 11:30:00+00:00,14177
2024-01-14 15:00:00+00:00,2024-01-13 15:30:00+00:00,13814
2024-01-14 15:00:00+00:00,2024-01-13 18:30:00+00:00,12958
2024-01-14 15:00:00+00:00,2024-01-13 22:30:00+00:00,12958
2024-01-14 16:00:00+00:00,2024-01-12 02:30:00+00:00,13481
2024-01-14 16:00:00+00:00,2024-01-12 04:30:00+00:00,13478
2024-01-14 16:00:00+00:00,2024-01-12 07:30:00+00:00,13642
2024-01-14 16:00:00+00:00,2024-01-12 09:30:00+00:00,13637
2024-01-14 16:00:00+00:00,2024-01-12 11:30:00+00:00,13678
2024-01-14 16:00:00+00:00,2024-01-12 15:30:00+00:00,13703
2024-01-14 16:00:00+00:00,2024-01-12 18:30:00+00:00,13680
2024-01-14 16:00:00+00:00,2024-01-12 22:30:00+00:00,13710
2024-01-14 16:00:00+00:00,2024-01-13 02:30:00+00:00,14079
2024-01-14 16:00:00+00:00,2024-01-13 04:30:00+00:00,14071
2024-01-14 16:00:00+00:00,2024-01-13 07:30:00+00:00,14487
2024-01-14 16:00:00+00:00,2024-01-13 09:30:00+00:00,14482
2024-01-14 16:00:00+00:00,2024-01-13 11:30:00+00:00,14468
2024-01-14 16:00:00+00:00,2024-01-13 15:30:00+00:00,14151
2024-01-14 16:00:00+00:00,2024-01-13 18:30:00+00:00,13527
2024-01-14 16:00:00+00:00,2024-01-13 22:30:00+00:00,13528
2024-01-14 17:00:00+00:00,2024-01-12 02:30:00+00:00,13965
2024-01-14 17:00:00+00:00,2024-01-12 04:30:00+00:00,13950
2024-01-14 17:00:00+00:00,2024-01-12 07:30:00+00:00,14017
2024-01-14 17:00:00+00:00,2024-01-12 09:30:00+00:00,14011
2024-01-14 17:00:00+00:00,2024-01-12 11:30:00+00:00,14061
2024-01-14 17:00:00+00:00,2024-01-12 15:30:00+00:00,14038
2024-01-14 17:00:00+00:00,2024-01-12 18:30:00+00:00,14077
2024-01-14 17:00:00+00:00,2024-01-12 22:30:00+00:00,14117
2024-01-14 17:00:00+00:00,2024-01-13 02:30:00+00:00,14525
2024-01-14 17:00:00+00:00,2024-01-13 04:30:00+00:00,14510
2024-01-14 17:00:00+00:00,2024-01-13 07:30:00+00:00,14993
2024-01-14 17:00:00+00:00,2024-01-13 09:30:00+00:00,14981
2024-01-14 17:00:00+00:00,2024-01-13 11:30:00+00:00,14953
2024-01-14 17:00:00+00:00,2024-01-13 15:30:00+00:00,14690
2024-01-14 17:00:00+00:00,2024-01-13 18:30:00+00:00,14231
2024-01-14 17:00:00+00:00,2024-01-13 22:30:00+00:00,14227
2024-01-14 18:00:00+00:00,2024-01-12 02:30:00+00:00,14395
2024-01-14 18:00:00+00:00,2024-01-12 04:30:00+00:00,14369
2024-01-14 18:00:00+00:00,2024-01-12 07:30:00+00:00,14357
2024-01-14 18:00:00+00:00,2024-01-12 09:30:00+00:00,14352
2024-01-14 18:00:00+00:00,2024-01-12 11:30:00+00:00,14410
2024-01-14 18:00:00+00:00,2024-01-12 15:30:00+00:00,14343
2024-01-14 18:00:00+00:00,2024-01-12 18:30:00+00:00,14432
2024-01-14 18:00:00+00:00,2024-01-12 22:30:00+00:00,14483
2024-01-14 18:00:00+00:00,2024-01-13 02:30:00+00:00,14921
2024-01-14 18:00:00+00:00,2024-01-13 04:30:00+00:00,14898
2024-01-14 18:00:00+00:00,2024-01-13 07:30:00+00:00,15417
2024-01-14 18:00:00+00:00,2024-01-13 09:30:00+00:00,15401
2024-01-14 18:00:00+00:00,2024-01-13 11:30:00+00:00,15379
2024-01-14 18:00:00+00:00,2024-01-13 15:30:00+00:00,15078
2024-01-14 18:00:00+00:00,2024-01-13 18:30:00+00:00,14637
2024-01-14 18:00:00+00:00,2024-01-13 22:30:00+00:00,14628
2024-01-14 19:00:00+00:00,2024-01-12 02:30:00+00:00,14745
2024-01-14 19:00:00+00:00,2024-01-12 04:30:00+00:00,14715
2024-01-14 19:00:00+00:00,2024-01-12 07:30:00+00:00,14705
2024-01-14 19:00:00+00:00,2024-01-12 09:30:00+00:00,14699
2024-01-14 19:00:00+00:00,2024-01-12 11:30:00+00:00,14752
2024-01-14 19:00:00+00:00,2024-01-12 15:30:00+00:00,14714
2024-01-14 19:00:00+00:00,2024-01-12 18:30:00+00:00,14819
2024-01-14 19:00:00+00:00,2024-01-12 22:30:00+00:00,14873
2024-01-14 19:00:00+00:00,2024-01-13 02:30:00+00:00,15305
2024-01-14 19:00:00+00:00,2024-01-13 04:30:00+00:00,15280
2024-01-14 19:00:00+00:00,2024-01-13 07:30:00+00:00,15648
2024-01-14 19:00:00+00:00,2024-01-13 09:30:00+00:00,15636
2024-01-14 19:00:00+00:00,2024-01-13 11:30:00+00:00,15635
2024-01-14 19:00:00+00:00,2024-01-13 15:30:00+00:00,15335
2024-01-14 19:00:00+00:00,2024-01-13 18:30:00+00:00,15018
2024-01-14 19:00:00+00:00,2024-01-13 22:30:00+00:00,15010
2024-01-14 20:00:00+00:00,2024-01-12 02:30:00+00:00,15066
2024-01-14 20:00:00+00:00,2024-01-12 04:30:00+00:00,15033
2024-01-14 20:00:00+00:00,2024-01-12 07:30:00+00:00,15031
2024-01-14 20:00:00+00:00,2024-01-12 09:30:00+00:00,15025
2024-01-14 20:00:00+00:00,2024-01-12 11:30:00+00:00,15069
2024-01-14 20:00:00+00:00,2024-01-12 15:30:00+00:00,15059
2024-01-14 20:00:00+00:00,2024-01-12 18:30:00+00:00,15174
2024-01-14 20:00:00+00:00,2024-01-12 22:30:00+00:00,15230
2024-01-14 20:00:00+00:00,2024-01-13 02:30:00+00:00,15650
2024-01-14 20:00:00+00:00,2024-01-13 04:30:00+00:00,15623
2024-01-14 20:00:00+00:00,2024-01-13 07:30:00+00:00,15877
2024-01-14 20:00:00+00:00,2024-01-13 09:30:00+00:00,15869
2024-01-14 20:00:00+00:00,2024-01-13 11:30:00+00:00,15875
2024-01-14 20:00:00+00:00,2024-01-13 15:30:00+00:00,15562
2024-01-14 20:00:00+00:00,2024-01-13 18:30:00+00:00,15239
2024-01-14 20:00:00+00:00,2024-01-13 22:30:00+00:00,15228
2024-01-14 21:00:00+00:00,2024-01-12 02:30:00+00:00,15352
2024-01-14 21:00:00+00:00,2024-01-12 04:30:00+00:00,15320
2024-01-14 21:00:00+00:00,2024-01-12 07:30:00+00:00,15328
2024-01-14 21:00:00+00:00,2024-01-12 09:30:00+00:00,15322
2024-01-14 21:00:00+00:00,2024-01-12 11:30:00+00:00,15357
2024-01-14 21:00:00+00:00,2024-01-12 15:30:00+00:00,15372
2024-01-14 21:00:00+00:00,2024-01-12 18:30:00+00:00,15494
2024-01-14 21:00:00+00:00,2024-01-12 22:30:00+00:00,15550
2024-01-14 21:00:00+00:00,2024-01-13 02:30:00+00:00,15952
2024-01-14 21:00:00+00:00,2024-01-13 04:30:00+00:00,15925
2024-01-14 21:00:00+00:00,2024-01-13 07:30:00+00:00,16022
2024-01-14 21:00:00+00:00,2024-01-13 09:30:00+00:00,16018
2024-01-14 21:00:00+00:00,2024-01-13 11:30:00+00:00,16013
2024-01-14 21:00:00+00:00,2024-01-13 15:30:00+00:00,15711
2024-01-14 21:00:00+00:00,2024-01-13 18:30:00+00:00,15396
2024-01-14 21:00:00+00:00,2024-01-13 22:30:00+00:00,15390
2024-01-14 21:00:00+00:00,2024-01-14 02:30:00+00:00,15396
2024-01-14 21:00:00+00:00,2024-01-14 04:30:00+00:00,15399
2024-01-14 21:00:00+00:00,2024-01-14 07:30:00+00:00,14890
2024-01-14 21:00:00+00:00,2024-01-14 09:30:00+00:00,14890
2024-01-14 21:00:00+00:00,2024-01-14 11:30:00+00:00,14869
2024-01-14 21:00:00+00:00,2024-01-14 15:30:00+00:00,14656
2024-01-14 21:00:00+00:00,2024-01-14 18:30:00+00:00,14483
2024-01-14 21:00:00+00:00,2024-01-14 22:30:00+00:00,14483
2024-01-14 22:00:00+00:00,2024-01-13 02:30:00+00:00,16164
2024-01-14 22:00:00+00:00,2024-01-13 04:30:00+00:00,16134
2024-01-14 22:00:00+00:00,2024-01-13 07:30:00+00:00,15735
2024-01-14 22:00:00+00:00,2024-01-13 09:30:00+00:00,15731
2024-01-14 22:00:00+00:00,2024-01-13 11:30:00+00:00,15695
2024-01-14 22:00:00+00:00,2024-01-13 15:30:00+00:00,15751
2024-01-14 22:00:00+00:00,2024-01-13 18:30:00+00:00,15534
2024-01-14 22:00:00+00:00,2024-01-13 22:30:00+00:00,15521
2024-01-14 22:00:00+00:00,2024-01-14 02:30:00+00:00,15578
2024-01-14 22:00:00+00:00,2024-01-14 04:30:00+00:00,15575
2024-01-14 22:00:00+00:00,2024-01-14 07:30:00+00:00,15102
2024-01-14 22:00:00+00:00,2024-01-14 09:30:00+00:00,15102
2024-01-14 22:00:00+00:00,2024-01-14 11:30:00+00:00,15088
2024-01-14 22:00:00+00:00,2024-01-14 15:30:00+00:00,14898
2024-01-14 22:00:00+00:00,2024-01-14 18:30:00+00:00,14706
2024-01-14 22:00:00+00:00,2024-01-14 22:30:00+00:00,14703
2024-01-14 23:00:00+00:00,2024-01-13 02:30:00+00:00,16354
2024-01-14 23:00:00+00:00,2024-01-13 04:30:00+00:00,16321
2024-01-14 23:00:00+00:00,2024-01-13 07:30:00+00:00,15980
2024-01-14 23:00:00+00:00,2024-01-13 09:30:00+00:00,15976
2024-01-14 23:00:00+00:00,2024-01-13 11:30:00+00:00,15899
2024-01-14 23:00:00+00:00,2024-01-13 15:30:00+00:00,15859
2024-01-14 23:00:00+00:00,2024-01-13 18:30:00+00:00,15674
2024-01-14 23:00:00+00:00,2024-01-13 22:30:00+00:00,15672
2024-01-14 23:00:00+00:00,2024-01-14 02:30:00+00:00,15769
2024-01-14 23:00:00+00:00,2024-01-14 04:30:00+00:00,15772
2024-01-14 23:00:00+00:00,2024-01-14 07:30:00+00:00,15316
2024-01-14 23:00:00+00:00,2024-01-14 09:30:00+00:00,15316
2024-01-14 23:00:00+00:00,2024-01-14 11:30:00+00:00,15305
2024-01-14 23:00:00+00:00,2024-01-14 15:30:00+00:00,15100
2024-01-14 23:00:00+00:00,2024-01-14 18:30:00+00:00,14946
2024-01-14 23:00:00+00:00,2024-01-14 22:30:00+00:00,14966
2024-01-15 00:00:00+00:00,2024-01-13 02:30:00+00:00,16521
2024-01-15 00:00:00+00:00,2024-01-13 04:30:00+00:00,16485
2024-01-15 00:00:00+00:00,2024-01-13 07:30:00+00:00,16202
2024-01-15 00:00:00+00:00,2024-01-13 09:30:00+00:00,16198
2024-01-15 00:00:00+00:00,2024-01-13 11:30:00+00:00,16123
2024-01-15 00:00:00+00:00,2024-01-13 15:30:00+00:00,16069
2024-01-15 00:00:00+00:00,2024-01-13 18:30:00+00:00,15841
2024-01-15 00:00:00+00:00,2024-01-13 22:30:00+00:00,15844
2024-01-15 00:00:00+00:00,2024-01-14 02:30:00+00:00,15928
2024-01-15 00:00:00+00:00,2024-01-14 04:30:00+00:00,15923
2024-01-15 00:00:00+00:00,2024-01-14 07:30:00+00:00,15555
2024-01-15 00:00:00+00:00,2024-01-14 09:30:00+00:00,15555
2024-01-15 00:00:00+00:00,2024-01-14 11:30:00+00:00,15532
2024-01-15 00:00:00+00:00,2024-01-14 15:30:00+00:00,15370
2024-01-15 00:00:00+00:00,2024-01-14 18:30:00+00:00,15252
2024-01-15 00:00:00+00:00,2024-01-14 22:30:00+00:00,15260
2024-01-15 01:00:00+00:00,2024-01-13 02:30:00+00:00,16596
2024-01-15 01:00:00+00:00,2024-01-13 04:30:00+00:00,16560
2024-01-15 01:00:00+00:00,2024-01-13 07:30:00+00:00,16326
2024-01-15 01:00:00+00:00,2024-01-13 09:30:00+00:00,16322
2024-01-15 01:00:00+00:00,2024-01-13 11:30:00+00:00,16200
2024-01-15 01:00:00+00:00,2024-01-13 15:30:00+00:00,16187
2024-01-15 01:00:00+00:00,2024-01-13 18:30:00+00:00,16036
2024-01-15 01:00:00+00:00,2024-01-13 22:30:00+00:00,16036
2024-01-15 01:00:00+00:00,2024-01-14 02:30:00+00:00,16113
2024-01-15 01:00:00+00:00,2024-01-14 04:30:00+00:00,16111
2024-01-15 01:00:00+00:00,2024-01-14 07:30:00+00:00,15757
2024-01-15 01:00:00+00:00,2024-01-14 09:30:00+00:00,15758
2024-01-15 01:00:00+00:00,2024-01-14 11:30:00+00:00,15753
2024-01-15 01:00:00+00:00,2024-01-14 15:30:00+00:00,15628
2024-01-15 01:00:00+00:00,2024-01-14 18:30:00+00:00,15538
2024-01-15 01:00:00+00:00,2024-01-14 22:30:00+00:00,15539
2024-01-15 02:00:00+00:00,2024-01-13 02:30:00+00:00,16666
2024-01-15 02:00:00+00:00,2024-01-13 04:30:00+00:00,16630
2024-01-15 02:00:00+00:00,2024-01-13 07:30:00+00:00,16445
2024-01-15 02:00:00+00:00,2024-01-13 09:30:00+00:00,16440
2024-01-15 02:00:00+00:00,2024-01-13 11:30:00+00:00,16326
2024-01-15 02:00:00+00:00,2024-01-13 15:30:00+00:00,16315
2024-01-15 02:00:00+00:00,2024-01-13 18:30:00+00:00,16168
2024-01-15 02:00:00+00:00,2024-01-13 22:30:00+00:00,16170
2024-01-15 02:00:00+00:00,2024-01-14 02:30:00+00:00,16245
2024-01-15 02:00:00+00:00,2024-01-14 04:30:00+00:00,16244
2024-01-15 02:00:00+00:00,2024-01-14 07:30:00+00:00,15959
2024-01-15 02:00:00+00:00,2024-01-14 09:30:00+00:00,15959
2024-01-15 02:00:00+00:00,2024-01-14 11:30:00+00:00,15964
2024-01-15 02:00:00+00:00,2024-01-14 15:30:00+00:00,15930
2024-01-15 02:00:00+00:00,2024-01-14 18:30:00+00:00,15885
2024-01-15 02:00:00+00:00,2024-01-14 22:30:00+00:00,15874
2024-01-15 03:00:00+00:00,2024-01-13 02:30:00+00:00,16732
2024-01-15 03:00:00+00:00,2024-01-13 04:30:00+00:00,16696
2024-01-15 03:00:00+00:00,2024-01-13 07:30:00+00:00,16558
2024-01-15 03:00:00+00:00,2024-01-13 09:30:00+00:00,16552
2024-01-15 03:00:00+00:00,2024-01-13 11:30:00+00:00,16487
2024-01-15 03:00:00+00:00,2024-01-13 15:30:00+00:00,16492
2024-01-15 03:00:00+00:00,2024-01-13 18:30:00+00:00,16352
2024-01-15 03:00:00+00:00,2024-01-13 22:30:00+00:00,16348
2024-01-15 03:00:00+00:00,2024-01-14 02:30:00+00:00,16368
2024-01-15 03:00:00+00:00,2024-01-14 04:30:00+00:00,16362
2024-01-15 03:00:00+00:00,2024-01-14 07:30:00+00:00,16116
2024-01-15 03:00:00+00:00,2024-01-14 09:30:00+00:00,16116
2024-01-15 03:00:00+00:00,2024-01-14 11:30:00+00:00,16117
2024-01-15 03:00:00+00:00,2024-01-14 15:30:00+00:00,16121
2024-01-15 03:00:00+00:00,2024-01-14 18:30:00+00:00,16105
2024-01-15 03:00:00+00:00,2024-01-14 22:30:00+00:00,16095
2024-01-15 04:00:00+00:00,2024-01-13 02:30:00+00:00,16716
2024-01-15 04:00:00+00:00,2024-01-13 04:30:00+00:00,16683
2024-01-15 04:00:00+00:00,2024-01-13 07:30:00+00:00,16576
2024-01-15 04:00:00+00:00,2024-01-13 09:30:00+00:00,16570
2024-01-15 04:00:00+00:00,2024-01-13 11:30:00+00:00,16527
2024-01-15 04:00:00+00:00,2024-01-13 15:30:00+00:00,16538
2024-01-15 04:00:00+00:00,2024-01-13 18:30:00+00:00,16506
2024-01-15 04:00:00+00:00,2024-01-13 22:30:00+00:00,16502
2024-01-15 04:00:00+00:00,2024-01-14 02:30:00+00:00,16459
2024-01-15 04:00:00+00:00,2024-01-14 04:30:00+00:00,16458
2024-01-15 04:00:00+00:00,2024-01-14 07:30:00+00:00,16247
2024-01-15 04:00:00+00:00,2024-01-14 09:30:00+00:00,16246
2024-01-15 04:00:00+00:00,2024-01-14 11:30:00+00:00,16249
2024-01-15 04:00:00+00:00,2024-01-14 15:30:00+00:00,16223
2024-01-15 04:00:00+00:00,2024-01-14 18:30:00+00:00,16166
2024-01-15 04:00:00+00:00,2024-01-14 22:30:00+00:00,16158
2024-01-15 05:00:00+00:00,2024-01-13 02:30:00+00:00,16698
2024-01-15 05:00:00+00:00,2024-01-13 04:30:00+00:00,16669
2024-01-15 05:00:00+00:00,2024-01-13 07:30:00+00:00,16591
2024-01-15 05:00:00+00:00,2024-01-13 09:30:00+00:00,16586
2024-01-15 05:00:00+00:00,2024-01-13 11:30:00+00:00,16564
2024-01-15 05:00:00+00:00,2024-01-13 15:30:00+00:00,16584
2024-01-15 05:00:00+00:00,2024-01-13 18:30:00+00:00,16555
2024-01-15 05:00:00+00:00,2024-01-13 22:30:00+00:00,16553
2024-01-15 05:00:00+00:00,2024-01-14 02:30:00+00:00,16554
2024-01-15 05:00:00+00:00,2024-01-14 04:30:00+00:00,16552
2024-01-15 05:00:00+00:00,2024-01-14 07:30:00+00:00,16317
2024-01-15 05:00:00+00:00,2024-01-14 09:30:00+00:00,16316
2024-01-15 05:00:00+00:00,2024-01-14 11:30:00+00:00,16313
2024-01-15 05:00:00+00:00,2024-01-14 15:30:00+00:00,16248
2024-01-15 05:00:00+00:00,2024-01-14 18:30:00+00:00,16242
2024-01-15 05:00:00+00:00,2024-01-14 22:30:00+00:00,16235
2024-01-15 06:00:00+00:00,2024-01-13 02:30:00+00:00,16678
2024-01-15 06:00:00+00:00,2024-01-13 04:30:00+00:00,16653
2024-01-15 06:00:00+00:00,2024-01-13 07:30:00+00:00,16603
2024-01-15 06:00:00+00:00,2024-01-13 09:30:00+00:00,16599
2024-01-15 06:00:00+00:00,2024-01-13 11:30:00+00:00,16598
2024-01-15 06:00:00+00:00,2024-01-13 15:30:00+00:00,16627
2024-01-15 06:00:00+00:00,2024-01-13 18:30:00+00:00,16554
2024-01-15 06:00:00+00:00,2024-01-13 22:30:00+00:00,16549
2024-01-15 06:00:00+00:00,2024-01-14 02:30:00+00:00,16540
2024-01-15 06:00:00+00:00,2024-01-14 04:30:00+00:00,16531
2024-01-15 06:00:00+00:00,2024-01-14 07:30:00+00:00,16390
2024-01-15 06:00:00+00:00,2024-01-14 09:30:00+00:00,16388
2024-01-15 06:00:00+00:00,2024-01-14 11:30:00+00:00,16377
2024-01-15 06:00:00+00:00,2024-01-14 15:30:00+00:00,16282
2024-01-15 06:00:00+00:00,2024-01-14 18:30:00+00:00,16188
2024-01-15 06:00:00+00:00,2024-01-14 22:30:00+00:00,16184
2024-01-15 07:00:00+00:00,2024-01-13 02:30:00+00:00,16546
2024-01-15 07:00:00+00:00,2024-01-13 04:30:00+00:00,16524
2024-01-15 07:00:00+00:00,2024-01-13 07:30:00+00:00,16514
2024-01-15 07:00:00+00:00,2024-01-13 09:30:00+00:00,16509
2024-01-15 07:00:00+00:00,2024-01-13 11:30:00+00:00,16505
2024-01-15 07:00:00+00:00,2024-01-13 15:30:00+00:00,16530
2024-01-15 07:00:00+00:00,2024-01-13 18:30:00+00:00,16413
2024-01-15 07:00:00+00:00,2024-01-13 22:30:00+00:00,16410
2024-01-15 07:00:00+00:00,2024-01-14 02:30:00+00:00,16420
2024-01-15 07:00:00+00:00,2024-01-14 04:30:00+00:00,16419
2024-01-15 07:00:00+00:00,2024-01-14 07:30:00+00:00,16277
2024-01-15 07:00:00+00:00,2024-01-14 09:30:00+00:00,16276
2024-01-15 07:00:00+00:00,2024-01-14 11:30:00+00:00,16276
2024-01-15 07:00:00+00:00,2024-01-14 15:30:00+00:00,16198
2024-01-15 07:00:00+00:00,2024-01-14 18:30:00+00:00,16031
2024-01-15 07:00:00+00:00,2024-01-14 22:30:00+00:00,16030
2024-01-15 08:00:00+00:00,2024-01-13 02:30:00+00:00,16405
2024-01-15 08:00:00+00:00,2024-01-13 04:30:00+00:00,16385
2024-01-15 08:00:00+00:00,2024-01-13 07:30:00+00:00,16416
2024-01-15 08:00:00+00:00,2024-01-13 09:30:00+00:00,16410
2024-01-15 08:00:00+00:00,2024-01-13 11:30:00+00:00,16404
2024-01-15 08:00:00+00:00,2024-01-13 15:30:00+00:00,16423
2024-01-15 08:00:00+00:00,2024-01-13 18:30:00+00:00,16208
2024-01-15 08:00:00+00:00,2024-01-13 22:30:00+00:00,16211
2024-01-15 08:00:00+00:00,2024-01-14 02:30:00+00:00,16226
2024-01-15 08:00:00+00:00,2024-01-14 04:30:00+00:00,16226
2024-01-15 08:00:00+00:00,2024-01-14 07:30:00+00:00,16116
2024-01-15 08:00:00+00:00,2024-01-14 09:30:00+00:00,16115
2024-01-15 08:00:00+00:00,2024-01-14 11:30:00+00:00,16114
2024-01-15 08:00:00+00:00,2024-01-14 15:30:00+00:00,16004
2024-01-15 08:00:00+00:00,2024-01-14 18:30:00+00:00,15774
2024-01-15 08:00:00+00:00,2024-01-14 22:30:00+00:00,15777
2024-01-15 09:00:00+00:00,2024-01-13 02:30:00+00:00,16254
2024-01-15 09:00:00+00:00,2024-01-13 04:30:00+00:00,16236
2024-01-15 09:00:00+00:00,2024-01-13 07:30:00+00:00,16311
2024-01-15 09:00:00+00:00,2024-01-13 09:30:00+00:00,16303
2024-01-15 09:00:00+00:00,2024-01-13 11:30:00+00:00,16295
2024-01-15 09:00:00+00:00,2024-01-13 15:30:00+00:00,16308
2024-01-15 09:00:00+00:00,2024-01-13 18:30:00+00:00,16122
2024-01-15 09:00:00+00:00,2024-01-13 22:30:00+00:00,16121
2024-01-15 09:00:00+00:00,2024-01-14 02:30:00+00:00,16113
2024-01-15 09:00:00+00:00,2024-01-14 04:30:00+00:00,16122
2024-01-15 09:00:00+00:00,2024-01-14 07:30:00+00:00,15989
2024-01-15 09:00:00+00:00,2024-01-14 09:30:00+00:00,15987
2024-01-15 09:00:00+00:00,2024-01-14 11:30:00+00:00,15978
2024-01-15 09:00:00+00:00,2024-01-14 15:30:00+00:00,15872
2024-01-15 09:00:00+00:00,2024-01-14 18:30:00+00:00,15580
2024-01-15 09:00:00+00:00,2024-01-14 22:30:00+00:00,15580
2024-01-15 10:00:00+00:00,2024-01-13 02:30:00+00:00,16307
2024-01-15 10:00:00+00:00,2024-01-13 04:30:00+00:00,16290
2024-01-15 10:00:00+00:00,2024-01-13 07:30:00+00:00,16403
2024-01-15 10:00:00+00:00,2024-01-13 09:30:00+00:00,16398
2024-01-15 10:00:00+00:00,2024-01-13 11:30:00+00:00,16390
2024-01-15 10:00:00+00:00,2024-01-13 15:30:00+00:00,16396
2024-01-15 10:00:00+00:00,2024-01-13 18:30:00+00:00,16256
2024-01-15 10:00:00+00:00,2024-01-13 22:30:00+00:00,16255
2024-01-15 10:00:00+00:00,2024-01-14 02:30:00+00:00,16180
2024-01-15 10:00:00+00:00,2024-01-14 04:30:00+00:00,16180
2024-01-15 10:00:00+00:00,2024-01-14 07:30:00+00:00,16006
2024-01-15 10:00:00+00:00,2024-01-14 09:30:00+00:00,16002
2024-01-15 10:00:00+00:00,2024-01-14 11:30:00+00:00,16007
2024-01-15 10:00:00+00:00,2024-01-14 15:30:00+00:00,15846
2024-01-15 10:00:00+00:00,2024-01-14 18:30:00+00:00,15563
2024-01-15 10:00:00+00:00,2024-01-14 22:30:00+00:00,15561
2024-01-15 11:00:00+00:00,2024-01-13 02:30:00+00:00,16347
2024-01-15 11:00:00+00:00,2024-01-13 04:30:00+00:00,16332
2024-01-15 11:00:00+00:00,2024-01-13 07:30:00+00:00,16479
2024-01-15 11:00:00+00:00,2024-01-13 09:30:00+00:00,16476
2024-01-15 11:00:00+00:00,2024-01-13 11:30:00+00:00,16469
2024-01-15 11:00:00+00:00,2024-01-13 15:30:00+00:00,16472
2024-01-15 11:00:00+00:00,2024-01-13 18:30:00+00:00,16321
2024-01-15 11:00:00+00:00,2024-01-13 22:30:00+00:00,16320
2024-01-15 11:00:00+00:00,2024-01-14 02:30:00+00:00,16254
2024-01-15 11:00:00+00:00,2024-01-14 04:30:00+00:00,16254
2024-01-15 11:00:00+00:00,2024-01-14 07:30:00+00:00,16083
2024-01-15 11:00:00+00:00,2024-01-14 09:30:00+00:00,16080
2024-01-15 11:00:00+00:00,2024-01-14 11:30:00+00:00,16070
2024-01-15 11:00:00+00:00,2024-01-14 15:30:00+00:00,15878
2024-01-15 11:00:00+00:00,2024-01-14 18:30:00+00:00,15578
2024-01-15 11:00:00+00:00,2024-01-14 22:30:00+00:00,15576
2024-01-15 12:00:00+00:00,2024-01-13 02:30:00+00:00,16374
2024-01-15 12:00:00+00:00,2024-01-13 04:30:00+00:00,16360
2024-01-15 12:00:00+00:00,2024-01-13 07:30:00+00:00,16539
2024-01-15 12:00:00+00:00,2024-01-13 09:30:00+00:00,16537
2024-01-15 12:00:00+00:00,2024-01-13 11:30:00+00:00,16532
2024-01-15 12:00:00+00:00,2024-01-13 15:30:00+00:00,16534
2024-01-15 12:00:00+00:00,2024-01-13 18:30:00+00:00,16362
2024-01-15 12:00:00+00:00,2024-01-13 22:30:00+00:00,16361
2024-01-15 12:00:00+00:00,2024-01-14 02:30:00+00:00,16392
2024-01-15 12:00:00+00:00,2024-01-14 04:30:00+00:00,16382
2024-01-15 12:00:00+00:00,2024-01-14 07:30:00+00:00,16245
2024-01-15 12:00:00+00:00,2024-01-14 09:30:00+00:00,16243
2024-01-15 12:00:00+00:00,2024-01-14 11:30:00+00:00,16226
2024-01-15 12:00:00+00:00,2024-01-14 15:30:00+00:00,15995
2024-01-15 12:00:00+00:00,2024-01-14 18:30:00+00:00,15667
2024-01-15 12:00:00+00:00,2024-01-14 22:30:00+00:00,15668
2024-01-15 13:00:00+00:00,2024-01-13 02:30:00+00:00,16074
2024-01-15 13:00:00+00:00,2024-01-13 04:30:00+00:00,16057
2024-01-15 13:00:00+00:00,2024-01-13 07:30:00+00:00,16272
2024-01-15 13:00:00+00:00,2024-01-13 09:30:00+00:00,16270
2024-01-15 13:00:00+00:00,2024-01-13 11:30:00+00:00,16263
2024-01-15 13:00:00+00:00,2024-01-13 15:30:00+00:00,16234
2024-01-15 13:00:00+00:00,2024-01-13 18:30:00+00:00,16061
2024-01-15 13:00:00+00:00,2024-01-13 22:30:00+00:00,16059
2024-01-15 13:00:00+00:00,2024-01-14 02:30:00+00:00,16299
2024-01-15 13:00:00+00:00,2024-01-14 04:30:00+00:00,16297
2024-01-15 13:00:00+00:00,2024-01-14 07:30:00+00:00,16227
2024-01-15 13:00:00+00:00,2024-01-14 09:30:00+00:00,16223
2024-01-15 13:00:00+00:00,2024-01-14 11:30:00+00:00,16200
2024-01-15 13:00:00+00:00,2024-01-14 15:30:00+00:00,15971
2024-01-15 13:00:00+00:00,2024-01-14 18:30:00+00:00,15634
2024-01-15 13:00:00+00:00,2024-01-14 22:30:00+00:00,15633
2024-01-15 14:00:00+00:00,2024-01-13 02:30:00+00:00,15756
2024-01-15 14:00:00+00:00,2024-01-13 04:30:00+00:00,15735
2024-01-15 14:00:00+00:00,2024-01-13 07:30:00+00:00,15989
2024-01-15 14:00:00+00:00,2024-01-13 09:30:00+00:00,15986
2024-01-15 14:00:00+00:00,2024-01-13 11:30:00+00:00,15977
2024-01-15 14:00:00+00:00,2024-01-13 15:30:00+00:00,15915
2024-01-15 14:00:00+00:00,2024-01-13 18:30:00+00:00,15741
2024-01-15 14:00:00+00:00,2024-01-13 22:30:00+00:00,15737
2024-01-15 14:00:00+00:00,2024-01-14 02:30:00+00:00,15931
2024-01-15 14:00:00+00:00,2024-01-14 04:30:00+00:00,15928
2024-01-15 14:00:00+00:00,2024-01-14 07:30:00+00:00,15894
2024-01-15 14:00:00+00:00,2024-01-14 09:30:00+00:00,15890
2024-01-15 14:00:00+00:00,2024-01-14 11:30:00+00:00,15867
2024-01-15 14:00:00+00:00,2024-01-14 15:30:00+00:00,15515
2024-01-15 14:00:00+00:00,2024-01-14 18:30:00+00:00,15152
2024-01-15 14:00:00+00:00,2024-01-14 22:30:00+00:00,15150
2024-01-15 15:00:00+00:00,2024-01-13 02:30:00+00:00,15421
2024-01-15 15:00:00+00:00,2024-01-13 04:30:00+00:00,15395
2024-01-15 15:00:00+00:00,2024-01-13 07:30:00+00:00,15690
2024-01-15 15:00:00+00:00,2024-01-13 09:30:00+00:00,15687
2024-01-15 15:00:00+00:00,2024-01-13 11:30:00+00:00,15676
2024-01-15 15:00:00+00:00,2024-01-13 15:30:00+00:00,15578
2024-01-15 15:00:00+00:00,2024-01-13 18:30:00+00:00,15404
2024-01-15 15:00:00+00:00,2024-01-13 22:30:00+00:00,15398
2024-01-15 15:00:00+00:00,2024-01-14 02:30:00+00:00,15187
2024-01-15 15:00:00+00:00,2024-01-14 04:30:00+00:00,15174
2024-01-15 15:00:00+00:00,2024-01-14 07:30:00+00:00,15040
2024-01-15 15:00:00+00:00,2024-01-14 09:30:00+00:00,15038
2024-01-15 15:00:00+00:00,2024-01-14 11:30:00+00:00,15008
2024-01-15 15:00:00+00:00,2024-01-14 15:30:00+00:00,14596
2024-01-15 15:00:00+00:00,2024-01-14 18:30:00+00:00,14256
2024-01-15 15:00:00+00:00,2024-01-14 22:30:00+00:00,14256
2024-01-15 16:00:00+00:00,2024-01-13 02:30:00+00:00,14984
2024-01-15 16:00:00+00:00,2024-01-13 04:30:00+00:00,14955
2024-01-15 16:00:00+00:00,2024-01-13 07:30:00+00:00,15300
2024-01-15 16:00:00+00:00,2024-01-13 09:30:00+00:00,15294
2024-01-15 16:00:00+00:00,2024-01-13 11:30:00+00:00,15281
2024-01-15 16:00:00+00:00,2024-01-13 15:30:00+00:00,15104
2024-01-15 16:00:00+00:00,2024-01-13 18:30:00+00:00,14854
2024-01-15 16:00:00+00:00,2024-01-13 22:30:00+00:00,14845
2024-01-15 16:00:00+00:00,2024-01-14 02:30:00+00:00,14813
2024-01-15 16:00:00+00:00,2024-01-14 04:30:00+00:00,14795
2024-01-15 16:00:00+00:00,2024-01-14 07:30:00+00:00,14531
2024-01-15 16:00:00+00:00,2024-01-14 09:30:00+00:00,14532
2024-01-15 16:00:00+00:00,2024-01-14 11:30:00+00:00,14502
2024-01-15 16:00:00+00:00,2024-01-14 15:30:00+00:00,14004
2024-01-15 16:00:00+00:00,2024-01-14 18:30:00+00:00,13637
2024-01-15 16:00:00+00:00,2024-01-14 22:30:00+00:00,13637
2024-01-15 17:00:00+00:00,2024-01-13 02:30:00+00:00,14527
2024-01-15 17:00:00+00:00,2024-01-13 04:30:00+00:00,14498
2024-01-15 17:00:00+00:00,2024-01-13 07:30:00+00:00,14888
2024-01-15 17:00:00+00:00,2024-01-13 09:30:00+00:00,14880
2024-01-15 17:00:00+00:00,2024-01-13 11:30:00+00:00,14865
2024-01-15 17:00:00+00:00,2024-01-13 15:30:00+00:00,14610
2024-01-15 17:00:00+00:00,2024-01-13 18:30:00+00:00,14281
2024-01-15 17:00:00+00:00,2024-01-13 22:30:00+00:00,14270
2024-01-15 17:00:00+00:00,2024-01-14 02:30:00+00:00,14205
2024-01-15 17:00:00+00:00,2024-01-14 04:30:00+00:00,14184
2024-01-15 17:00:00+00:00,2024-01-14 07:30:00+00:00,14092
2024-01-15 17:00:00+00:00,2024-01-14 09:30:00+00:00,14093
2024-01-15 17:00:00+00:00,2024-01-14 11:30:00+00:00,14075
2024-01-15 17:00:00+00:00,2024-01-14 15:30:00+00:00,13618
2024-01-15 17:00:00+00:00,2024-01-14 18:30:00+00:00,13204
2024-01-15 17:00:00+00:00,2024-01-14 22:30:00+00:00,13203
2024-01-15 18:00:00+00:00,2024-01-13 02:30:00+00:00,14056
2024-01-15 18:00:00+00:00,2024-01-13 04:30:00+00:00,14029
2024-01-15 18:00:00+00:00,2024-01-13 07:30:00+00:00,14457
2024-01-15 18:00:00+00:00,2024-01-13 09:30:00+00:00,14448
2024-01-15 18:00:00+00:00,2024-01-13 11:30:00+00:00,14434
2024-01-15 18:00:00+00:00,2024-01-13 15:30:00+00:00,14102
2024-01-15 18:00:00+00:00,2024-01-13 18:30:00+00:00,13696
2024-01-15 18:00:00+00:00,2024-01-13 22:30:00+00:00,13684
2024-01-15 18:00:00+00:00,2024-01-14 02:30:00+00:00,13587
2024-01-15 18:00:00+00:00,2024-01-14 04:30:00+00:00,13565
2024-01-15 18:00:00+00:00,2024-01-14 07:30:00+00:00,13540
2024-01-15 18:00:00+00:00,2024-01-14 09:30:00+00:00,13540
2024-01-15 18:00:00+00:00,2024-01-14 11:30:00+00:00,13518
2024-01-15 18:00:00+00:00,2024-01-14 15:30:00+00:00,13089
2024-01-15 18:00:00+00:00,2024-01-14 18:30:00+00:00,12638
2024-01-15 18:00:00+00:00,2024-01-14 22:30:00+00:00,12635
2024-01-15 19:00:00+00:00,2024-01-13 02:30:00+00:00,13661
2024-01-15 19:00:00+00:00,2024-01-13 04:30:00+00:00,13635
2024-01-15 19:00:00+00:00,2024-01-13 07:30:00+00:00,14133
2024-01-15 19:00:00+00:00,2024-01-13 09:30:00+00:00,14123
2024-01-15 19:00:00+00:00,2024-01-13 11:30:00+00:00,14105
2024-01-15 19:00:00+00:00,2024-01-13 15:30:00+00:00,13747
2024-01-15 19:00:00+00:00,2024-01-13 18:30:00+00:00,13270
2024-01-15 19:00:00+00:00,2024-01-13 22:30:00+00:00,13258
2024-01-15 19:00:00+00:00,2024-01-14 02:30:00+00:00,13115
2024-01-15 19:00:00+00:00,2024-01-14 04:30:00+00:00,13095
2024-01-15 19:00:00+00:00,2024-01-14 07:30:00+00:00,12965
2024-01-15 19:00:00+00:00,2024-01-14 09:30:00+00:00,12965
2024-01-15 19:00:00+00:00,2024-01-14 11:30:00+00:00,12954
2024-01-15 19:00:00+00:00,2024-01-14 15:30:00+00:00,12383
2024-01-15 19:00:00+00:00,2024-01-14 18:30:00+00:00,11836
2024-01-15 19:00:00+00:00,2024-01-14 22:30:00+00:00,11835
2024-01-15 20:00:00+00:00,2024-01-13 02:30:00+00:00,13242
2024-01-15 20:00:00+00:00,2024-01-13 04:30:00+00:00,13215
2024-01-15 20:00:00+00:00,2024-01-13 07:30:00+00:00,13788
2024-01-15 20:00:00+00:00,2024-01-13 09:30:00+00:00,13777
2024-01-15 20:00:00+00:00,2024-01-13 11:30:00+00:00,13757
2024-01-15 20:00:00+00:00,2024-01-13 15:30:00+00:00,13367
2024-01-15 20:00:00+00:00,2024-01-13 18:30:00+00:00,12816
2024-01-15 20:00:00+00:00,2024-01-13 22:30:00+00:00,12805
2024-01-15 20:00:00+00:00,2024-01-14 02:30:00+00:00,12613
2024-01-15 20:00:00+00:00,2024-01-14 04:30:00+00:00,12594
2024-01-15 20:00:00+00:00,2024-01-14 07:30:00+00:00,12249
2024-01-15 20:00:00+00:00,2024-01-14 09:30:00+00:00,12248
2024-01-15 20:00:00+00:00,2024-01-14 11:30:00+00:00,12233
2024-01-15 20:00:00+00:00,2024-01-14 15:30:00+00:00,11573
2024-01-15 20:00:00+00:00,2024-01-14 18:30:00+00:00,11022
2024-01-15 20:00:00+00:00,2024-01-14 22:30:00+00:00,11023
2024-01-15 21:00:00+00:00,2024-01-13 02:30:00+00:00,12798
2024-01-15 21:00:00+00:00,2024-01-13 04:30:00+00:00,12772
2024-01-15 21:00:00+00:00,2024-01-13 07:30:00+00:00,13422
2024-01-15 21:00:00+00:00,2024-01-13 09:30:00+00:00,13412
2024-01-15 21:00:00+00:00,2024-01-13 11:30:00+00:00,13388
2024-01-15 21:00:00+00:00,2024-01-13 15:30:00+00:00,12962
2024-01-15 21:00:00+00:00,2024-01-13 18:30:00+00:00,12334
2024-01-15 21:00:00+00:00,2024-01-13 22:30:00+00:00,12323
2024-01-15 21:00:00+00:00,2024-01-14 02:30:00+00:00,12081
2024-01-15 21:00:00+00:00,2024-01-14 04:30:00+00:00,12064
2024-01-15 21:00:00+00:00,2024-01-14 07:30:00+00:00,11560
2024-01-15 21:00:00+00:00,2024-01-14 09:30:00+00:00,11558
2024-01-15 21:00:00+00:00,2024-01-14 11:30:00+00:00,11543
2024-01-15 21:00:00+00:00,2024-01-14 15:30:00+00:00,10824
2024-01-15 21:00:00+00:00,2024-01-14 18:30:00+00:00,10305
2024-01-15 21:00:00+00:00,2024-01-14 22:30:00+00:00,10306
2024-01-15 21:00:00+00:00,2024-01-15 02:30:00+00:00,10506
2024-01-15 21:00:00+00:00,2024-01-15 04:30:00+00:00,10501
2024-01-15 21:00:00+00:00,2024-01-15 07:30:00+00:00,10398
2024-01-15 21:00:00+00:00,2024-01-15 09:30:00+00:00,10397
2024-01-15 21:00:00+00:00,2024-01-15 11:30:00+00:00,10392
2024-01-15 21:00:00+00:00,2024-01-15 15:30:00+00:00,10091
2024-01-15 21:00:00+00:00,2024-01-15 18:30:00+00:00,9680
2024-01-15 21:00:00+00:00,2024-01-15 22:30:00+00:00,9682
2024-01-15 22:00:00+00:00,2024-01-14 02:30:00+00:00,11540
2024-01-15 22:00:00+00:00,2024-01-14 04:30:00+00:00,11525
2024-01-15 22:00:00+00:00,2024-01-14 07:30:00+00:00,10236
2024-01-15 22:00:00+00:00,2024-01-14 09:30:00+00:00,10234
2024-01-15 22:00:00+00:00,2024-01-14 11:30:00+00:00,10205
2024-01-15 22:00:00+00:00,2024-01-14 15:30:00+00:00,9840
2024-01-15 22:00:00+00:00,2024-01-14 18:30:00+00:00,9571
2024-01-15 22:00:00+00:00,2024-01-14 22:30:00+00:00,9571
2024-01-15 22:00:00+00:00,2024-01-15 02:30:00+00:00,9812
2024-01-15 22:00:00+00:00,2024-01-15 04:30:00+00:00,9809
2024-01-15 22:00:00+00:00,2024-01-15 07:30:00+00:00,9644
2024-01-15 22:00:00+00:00,2024-01-15 09:30:00+00:00,9643
2024-01-15 22:00:00+00:00,2024-01-15 11:30:00+00:00,9639
2024-01-15 22:00:00+00:00,2024-01-15 15:30:00+00:00,9218
2024-01-15 22:00:00+00:00,2024-01-15 18:30:00+00:00,8824
2024-01-15 22:00:00+00:00,2024-01-15 22:30:00+00:00,8824
2024-01-15 23:00:00+00:00,2024-01-14 02:30:00+00:00,10962
2024-01-15 23:00:00+00:00,2024-01-14 04:30:00+00:00,10949
2024-01-15 23:00:00+00:00,2024-01-14 07:30:00+00:00,9593
2024-01-15 23:00:00+00:00,2024-01-14 09:30:00+00:00,9591
2024-01-15 23:00:00+00:00,2024-01-14 11:30:00+00:00,9562
2024-01-15 23:00:00+00:00,2024-01-14 15:30:00+00:00,9088
2024-01-15 23:00:00+00:00,2024-01-14 18:30:00+00:00,8746
2024-01-15 23:00:00+00:00,2024-01-14 22:30:00+00:00,8746
2024-01-15 23:00:00+00:00,2024-01-15 02:30:00+00:00,9072
2024-01-15 23:00:00+00:00,2024-01-15 04:30:00+00:00,9071
2024-01-15 23:00:00+00:00,2024-01-15 07:30:00+00:00,8956
2024-01-15 23:00:00+00:00,2024-01-15 09:30:00+00:00,8955
2024-01-15 23:00:00+00:00,2024-01-15 11:30:00+00:00,8951
2024-01-15 23:00:00+00:00,2024-01-15 15:30:00+00:00,8521
2024-01-15 23:00:00+00:00,2024-01-15 18:30:00+00:00,8120
2024-01-15 23:00:00+00:00,2024-01-15 22:30:00+00:00,8118
2024-01-16 00:00:00+00:00,2024-01-14 02:30:00+00:00,10349
2024-01-16 00:00:00+00:00,2024-01-14 04:30:00+00:00,10338
2024-01-16 00:00:00+00:00,2024-01-14 07:30:00+00:00,8912
2024-01-16 00:00:00+00:00,2024-01-14 09:30:00+00:00,8910
2024-01-16 00:00:00+00:00,2024-01-14 11:30:00+00:00,8889
2024-01-16 00:00:00+00:00,2024-01-14 15:30:00+00:00,8499
2024-01-16 00:00:00+00:00,2024-01-14 18:30:00+00:00,8275
2024-01-16 00:00:00+00:00,2024-01-14 22:30:00+00:00,8274
2024-01-16 00:00:00+00:00,2024-01-15 02:30:00+00:00,8432
2024-01-16 00:00:00+00:00,2024-01-15 04:30:00+00:00,8432
2024-01-16 00:00:00+00:00,2024-01-15 07:30:00+00:00,8153
2024-01-16 00:00:00+00:00,2024-01-15 09:30:00+00:00,8152
2024-01-16 00:00:00+00:00,2024-01-15 11:30:00+00:00,8149
2024-01-16 00:00:00+00:00,2024-01-15 15:30:00+00:00,7704
2024-01-16 00:00:00+00:00,2024-01-15 18:30:00+00:00,7389
2024-01-16 00:00:00+00:00,2024-01-15 22:30:00+00:00,7385
2024-01-16 01:00:00+00:00,2024-01-14 02:30:00+00:00,9998
2024-01-16 01:00:00+00:00,2024-01-14 04:30:00+00:00,9987
2024-01-16 01:00:00+00:00,2024-01-14 07:30:00+00:00,8569
2024-01-16 01:00:00+00:00,2024-01-14 09:30:00+00:00,8568
2024-01-16 01:00:00+00:00,2024-01-14 11:30:00+00:00,8541
2024-01-16 01:00:00+00:00,2024-01-14 15:30:00+00:00,8003
2024-01-16 01:00:00+00:00,2024-01-14 18:30:00+00:00,7857
2024-01-16 01:00:00+00:00,2024-01-14 22:30:00+00:00,7855
2024-01-16 01:00:00+00:00,2024-01-15 02:30:00+00:00,8107
2024-01-16 01:00:00+00:00,2024-01-15 04:30:00+00:00,8107
2024-01-16 01:00:00+00:00,2024-01-15 07:30:00+00:00,7649
2024-01-16 01:00:00+00:00,2024-01-15 09:30:00+00:00,7649
2024-01-16 01:00:00+00:00,2024-01-15 11:30:00+00:00,7645
2024-01-16 01:00:00+00:00,2024-01-15 15:30:00+00:00,7060
2024-01-16 01:00:00+00:00,2024-01-15 18:30:00+00:00,6781
2024-01-16 01:00:00+00:00,2024-01-15 22:30:00+00:00,6781
2024-01-16 02:00:00+00:00,2024-01-14 02:30:00+00:00,9623
2024-01-16 02:00:00+00:00,2024-01-14 04:30:00+00:00,9612
2024-01-16 02:00:00+00:00,2024-01-14 07:30:00+00:00,8210
2024-01-16 02:00:00+00:00,2024-01-14 09:30:00+00:00,8209
2024-01-16 02:00:00+00:00,2024-01-14 11:30:00+00:00,8183
2024-01-16 02:00:00+00:00,2024-01-14 15:30:00+00:00,7830
2024-01-16 02:00:00+00:00,2024-01-14 18:30:00+00:00,7540
2024-01-16 02:00:00+00:00,2024-01-14 22:30:00+00:00,7540
2024-01-16 02:00:00+00:00,2024-01-15 02:30:00+00:00,7537
2024-01-16 02:00:00+00:00,2024-01-15 04:30:00+00:00,7538
2024-01-16 02:00:00+00:00,2024-01-15 07:30:00+00:00,7093
2024-01-16 02:00:00+00:00,2024-01-15 09:30:00+00:00,7093
2024-01-16 02:00:00+00:00,2024-01-15 11:30:00+00:00,7090
2024-01-16 02:00:00+00:00,2024-01-15 15:30:00+00:00,6553
2024-01-16 02:00:00+00:00,2024-01-15 18:30:00+00:00,6146
2024-01-16 02:00:00+00:00,2024-01-15 22:30:00+00:00,6145
2024-01-16 03:00:00+00:00,2024-01-14 02:30:00+00:00,9225
2024-01-16 03:00:00+00:00,2024-01-14 04:30:00+00:00,9214
2024-01-16 03:00:00+00:00,2024-01-14 07:30:00+00:00,7839
2024-01-16 03:00:00+00:00,2024-01-14 09:30:00+00:00,7839
2024-01-16 03:00:00+00:00,2024-01-14 11:30:00+00:00,7823
2024-01-16 03:00:00+00:00,2024-01-14 15:30:00+00:00,7611
2024-01-16 03:00:00+00:00,2024-01-14 18:30:00+00:00,7425
2024-01-16 03:00:00+00:00,2024-01-14 22:30:00+00:00,7424
2024-01-16 03:00:00+00:00,2024-01-15 02:30:00+00:00,7368
2024-01-16 03:00:00+00:00,2024-01-15 04:30:00+00:00,7368
2024-01-16 03:00:00+00:00,2024-01-15 07:30:00+00:00,6724
2024-01-16 03:00:00+00:00,2024-01-15 09:30:00+00:00,6724
2024-01-16 03:00:00+00:00,2024-01-15 11:30:00+00:00,6722
2024-01-16 03:00:00+00:00,2024-01-15 15:30:00+00:00,6220
2024-01-16 03:00:00+00:00,2024-01-15 18:30:00+00:00,5725
2024-01-16 03:00:00+00:00,2024-01-15 22:30:00+00:00,5723
2024-01-16 04:00:00+00:00,2024-01-14 02:30:00+00:00,9215
2024-01-16 04:00:00+00:00,2024-01-14 04:30:00+00:00,9205
2024-01-16 04:00:00+00:00,2024-01-14 07:30:00+00:00,7936
2024-01-16 04:00:00+00:00,2024-01-14 09:30:00+00:00,7936
2024-01-16 04:00:00+00:00,2024-01-14 11:30:00+00:00,7923
2024-01-16 04:00:00+00:00,2024-01-14 15:30:00+00:00,7357
2024-01-16 04:00:00+00:00,2024-01-14 18:30:00+00:00,7554
2024-01-16 04:00:00+00:00,2024-01-14 22:30:00+00:00,7555
2024-01-16 04:00:00+00:00,2024-01-15 02:30:00+00:00,7537
2024-01-16 04:00:00+00:00,2024-01-15 04:30:00+00:00,7537
2024-01-16 04:00:00+00:00,2024-01-15 07:30:00+00:00,6950
2024-01-16 04:00:00+00:00,2024-01-15 09:30:00+00:00,6950
2024-01-16 04:00:00+00:00,2024-01-15 11:30:00+00:00,6946
2024-01-16 04:00:00+00:00,2024-01-15 15:30:00+00:00,6353
2024-01-16 04:00:00+00:00,2024-01-15 18:30:00+00:00,5651
2024-01-16 04:00:00+00:00,2024-01-15 22:30:00+00:00,5650
2024-01-16 05:00:00+00:00,2024-01-14 02:30:00+00:00,9210
2024-01-16 05:00:00+00:00,2024-01-14 04:30:00+00:00,9201
2024-01-16 05:00:00+00:00,2024-01-14 07:30:00+00:00,8060
2024-01-16 05:00:00+00:00,2024-01-14 09:30:00+00:00,8060
2024-01-16 05:00:00+00:00,2024-01-14 11:30:00+00:00,8052
2024-01-16 05:00:00+00:00,2024-01-14 15:30:00+00:00,7522
2024-01-16 05:00:00+00:00,2024-01-14 18:30:00+00:00,7835
2024-01-16 05:00:00+00:00,2024-01-14 22:30:00+00:00,7835
2024-01-16 05:00:00+00:00,2024-01-15 02:30:00+00:00,7807
2024-01-16 05:00:00+00:00,2024-01-15 04:30:00+00:00,7807
2024-01-16 05:00:00+00:00,2024-01-15 07:30:00+00:00,7122
2024-01-16 05:00:00+00:00,2024-01-15 09:30:00+00:00,7122
2024-01-16 05:00:00+00:00,2024-01-15 11:30:00+00:00,7119
2024-01-16 05:00:00+00:00,2024-01-15 15:30:00+00:00,6824
2024-01-16 05:00:00+00:00,2024-01-15 18:30:00+00:00,6165
2024-01-16 05:00:00+00:00,2024-01-15 22:30:00+00:00,6163
2024-01-16 06:00:00+00:00,2024-01-14 02:30:00+00:00,9210
2024-01-16 06:00:00+00:00,2024-01-14 04:30:00+00:00,9203
2024-01-16 06:00:00+00:00,2024-01-14 07:30:00+00:00,8212
2024-01-16 06:00:00+00:00,2024-01-14 09:30:00+00:00,8212
2024-01-16 06:00:00+00:00,2024-01-14 11:30:00+00:00,8208
2024-01-16 06:00:00+00:00,2024-01-14 15:30:00+00:00,7733
2024-01-16 06:00:00+00:00,2024-01-14 18:30:00+00:00,7838
2024-01-16 06:00:00+00:00,2024-01-14 22:30:00+00:00,7839
2024-01-16 06:00:00+00:00,2024-01-15 02:30:00+00:00,7844
2024-01-16 06:00:00+00:00,2024-01-15 04:30:00+00:00,7845
2024-01-16 06:00:00+00:00,2024-01-15 07:30:00+00:00,7316
2024-01-16 06:00:00+00:00,2024-01-15 09:30:00+00:00,7317
2024-01-16 06:00:00+00:00,2024-01-15 11:30:00+00:00,7314
2024-01-16 06:00:00+00:00,2024-01-15 15:30:00+00:00,6913
2024-01-16 06:00:00+00:00,2024-01-15 18:30:00+00:00,5992
2024-01-16 06:00:00+00:00,2024-01-15 22:30:00+00:00,5992
2024-01-16 07:00:00+00:00,2024-01-14 02:30:00+00:00,9455
2024-01-16 07:00:00+00:00,2024-01-14 04:30:00+00:00,9451
2024-01-16 07:00:00+00:00,2024-01-14 07:30:00+00:00,8647
2024-01-16 07:00:00+00:00,2024-01-14 09:30:00+00:00,8647
2024-01-16 07:00:00+00:00,2024-01-14 11:30:00+00:00,8641
2024-01-16 07:00:00+00:00,2024-01-14 15:30:00+00:00,8287
2024-01-16 07:00:00+00:00,2024-01-14 18:30:00+00:00,8226
2024-01-16 07:00:00+00:00,2024-01-14 22:30:00+00:00,8227
2024-01-16 07:00:00+00:00,2024-01-15 02:30:00+00:00,8427
2024-01-16 07:00:00+00:00,2024-01-15 04:30:00+00:00,8427
2024-01-16 07:00:00+00:00,2024-01-15 07:30:00+00:00,7803
2024-01-16 07:00:00+00:00,2024-01-15 09:30:00+00:00,7804
2024-01-16 07:00:00+00:00,2024-01-15 11:30:00+00:00,7801
2024-01-16 07:00:00+00:00,2024-01-15 15:30:00+00:00,7191
2024-01-16 07:00:00+00:00,2024-01-15 18:30:00+00:00,5965
2024-01-16 07:00:00+00:00,2024-01-15 22:30:00+00:00,5964
2024-01-16 08:00:00+00:00,2024-01-14 02:30:00+00:00,9727
2024-01-16 08:00:00+00:00,2024-01-14 04:30:00+00:00,9726
2024-01-16 08:00:00+00:00,2024-01-14 07:30:00+00:00,9122
2024-01-16 08:00:00+00:00,2024-01-14 09:30:00+00:00,9121
2024-01-16 08:00:00+00:00,2024-01-14 11:30:00+00:00,9114
2024-01-16 08:00:00+00:00,2024-01-14 15:30:00+00:00,8883
2024-01-16 08:00:00+00:00,2024-01-14 18:30:00+00:00,9076
2024-01-16 08:00:00+00:00,2024-01-14 22:30:00+00:00,9077
2024-01-16 08:00:00+00:00,2024-01-15 02:30:00+00:00,9335
2024-01-16 08:00:00+00:00,2024-01-15 04:30:00+00:00,9336
2024-01-16 08:00:00+00:00,2024-01-15 07:30:00+00:00,8598
2024-01-16 08:00:00+00:00,2024-01-15 09:30:00+00:00,8599
2024-01-16 08:00:00+00:00,2024-01-15 11:30:00+00:00,8597
2024-01-16 08:00:00+00:00,2024-01-15 15:30:00+00:00,7873
2024-01-16 08:00:00+00:00,2024-01-15 18:30:00+00:00,6519
2024-01-16 08:00:00+00:00,2024-01-15 22:30:00+00:00,6519
2024-01-16 09:00:00+00:00,2024-01-14 02:30:00+00:00,10015
2024-01-16 09:00:00+00:00,2024-01-14 04:30:00+00:00,10016
2024-01-16 09:00:00+00:00,2024-01-14 07:30:00+00:00,9604
2024-01-16 09:00:00+00:00,2024-01-14 09:30:00+00:00,9603
2024-01-16 09:00:00+00:00,2024-01-14 11:30:00+00:00,9595
2024-01-16 09:00:00+00:00,2024-01-14 15:30:00+00:00,9470
2024-01-16 09:00:00+00:00,2024-01-14 18:30:00+00:00,9933
2024-01-16 09:00:00+00:00,2024-01-14 22:30:00+00:00,9932
2024-01-16 09:00:00+00:00,2024-01-15 02:30:00+00:00,10219
2024-01-16 09:00:00+00:00,2024-01-15 04:30:00+00:00,10221
2024-01-16 09:00:00+00:00,2024-01-15 07:30:00+00:00,9729
2024-01-16 09:00:00+00:00,2024-01-15 09:30:00+00:00,9730
2024-01-16 09:00:00+00:00,2024-01-15 11:30:00+00:00,9726
2024-01-16 09:00:00+00:00,2024-01-15 15:30:00+00:00,8938
2024-01-16 09:00:00+00:00,2024-01-15 18:30:00+00:00,6893
2024-01-16 09:00:00+00:00,2024-01-15 22:30:00+00:00,6893
2024-01-16 10:00:00+00:00,2024-01-14 02:30:00+00:00,10675
2024-01-16 10:00:00+00:00,2024-01-14 04:30:00+00:00,10675
2024-01-16 10:00:00+00:00,2024-01-14 07:30:00+00:00,10432
2024-01-16 10:00:00+00:00,2024-01-14 09:30:00+00:00,10431
2024-01-16 10:00:00+00:00,2024-01-14 11:30:00+00:00,10421
2024-01-16 10:00:00+00:00,2024-01-14 15:30:00+00:00,10331
2024-01-16 10:00:00+00:00,2024-01-14 18:30:00+00:00,10122
2024-01-16 10:00:00+00:00,2024-01-14 22:30:00+00:00,10120
2024-01-16 10:00:00+00:00,2024-01-15 02:30:00+00:00,10809
2024-01-16 10:00:00+00:00,2024-01-15 04:30:00+00:00,10809
2024-01-16 10:00:00+00:00,2024-01-15 07:30:00+00:00,10482
2024-01-16 10:00:00+00:00,2024-01-15 09:30:00+00:00,10483
2024-01-16 10:00:00+00:00,2024-01-15 11:30:00+00:00,10478
2024-01-16 10:00:00+00:00,2024-01-15 15:30:00+00:00,9612
2024-01-16 10:00:00+00:00,2024-01-15 18:30:00+00:00,7565
2024-01-16 10:00:00+00:00,2024-01-15 22:30:00+00:00,7566
2024-01-16 11:00:00+00:00,2024-01-14 02:30:00+00:00,11299
2024-01-16 11:00:00+00:00,2024-01-14 04:30:00+00:00,11299
2024-01-16 11:00:00+00:00,2024-01-14 07:30:00+00:00,11197
2024-01-16 11:00:00+00:00,2024-01-14 09:30:00+00:00,11195
2024-01-16 11:00:00+00:00,2024-01-14 11:30:00+00:00,11184
2024-01-16 11:00:00+00:00,2024-01-14 15:30:00+00:00,11128
2024-01-16 11:00:00+00:00,2024-01-14 18:30:00+00:00,10949
2024-01-16 11:00:00+00:00,2024-01-14 22:30:00+00:00,10944
2024-01-16 11:00:00+00:00,2024-01-15 02:30:00+00:00,11493
2024-01-16 11:00:00+00:00,2024-01-15 04:30:00+00:00,11491
2024-01-16 11:00:00+00:00,2024-01-15 07:30:00+00:00,10917
2024-01-16 11:00:00+00:00,2024-01-15 09:30:00+00:00,10918
2024-01-16 11:00:00+00:00,2024-01-15 11:30:00+00:00,10910
2024-01-16 11:00:00+00:00,2024-01-15 15:30:00+00:00,9999
2024-01-16 11:00:00+00:00,2024-01-15 18:30:00+00:00,8342
2024-01-16 11:00:00+00:00,2024-01-15 22:30:00+00:00,8343
2024-01-16 12:00:00+00:00,2024-01-14 02:30:00+00:00,11879
2024-01-16 12:00:00+00:00,2024-01-14 04:30:00+00:00,11877
2024-01-16 12:00:00+00:00,2024-01-14 07:30:00+00:00,11898
2024-01-16 12:00:00+00:00,2024-01-14 09:30:00+00:00,11896
2024-01-16 12:00:00+00:00,2024-01-14 11:30:00+00:00,11884
2024-01-16 12:00:00+00:00,2024-01-14 15:30:00+00:00,11859
2024-01-16 12:00:00+00:00,2024-01-14 18:30:00+00:00,11699
2024-01-16 12:00:00+00:00,2024-01-14 22:30:00+00:00,11689
2024-01-16 12:00:00+00:00,2024-01-15 02:30:00+00:00,12155
2024-01-16 12:00:00+00:00,2024-01-15 04:30:00+00:00,12146
2024-01-16 12:00:00+00:00,2024-01-15 07:30:00+00:00,11521
2024-01-16 12:00:00+00:00,2024-01-15 09:30:00+00:00,11521
2024-01-16 12:00:00+00:00,2024-01-15 11:30:00+00:00,11506
2024-01-16 12:00:00+00:00,2024-01-15 15:30:00+00:00,10546
2024-01-16 12:00:00+00:00,2024-01-15 18:30:00+00:00,8918
2024-01-16 12:00:00+00:00,2024-01-15 22:30:00+00:00,8919
2024-01-16 13:00:00+00:00,2024-01-14 02:30:00+00:00,12192
2024-01-16 13:00:00+00:00,2024-01-14 04:30:00+00:00,12191
2024-01-16 13:00:00+00:00,2024-01-14 07:30:00+00:00,12350
2024-01-16 13:00:00+00:00,2024-01-14 09:30:00+00:00,12347
2024-01-16 13:00:00+00:00,2024-01-14 11:30:00+00:00,12335
2024-01-16 13:00:00+00:00,2024-01-14 15:30:00+00:00,12292
2024-01-16 13:00:00+00:00,2024-01-14 18:30:00+00:00,12240
2024-01-16 13:00:00+00:00,2024-01-14 22:30:00+00:00,12231
2024-01-16 13:00:00+00:00,2024-01-15 02:30:00+00:00,12898
2024-01-16 13:00:00+00:00,2024-01-15 04:30:00+00:00,12898
2024-01-16 13:00:00+00:00,2024-01-15 07:30:00+00:00,12275
2024-01-16 13:00:00+00:00,2024-01-15 09:30:00+00:00,12274
2024-01-16 13:00:00+00:00,2024-01-15 11:30:00+00:00,12256
2024-01-16 13:00:00+00:00,2024-01-15 15:30:00+00:00,10963
2024-01-16 13:00:00+00:00,2024-01-15 18:30:00+00:00,8987
2024-01-16 13:00:00+00:00,2024-01-15 22:30:00+00:00,8986
2024-01-16 14:00:00+00:00,2024-01-14 02:30:00+00:00,12475
2024-01-16 14:00:00+00:00,2024-01-14 04:30:00+00:00,12474
2024-01-16 14:00:00+00:00,2024-01-14 07:30:00+00:00,12748
2024-01-16 14:00:00+00:00,2024-01-14 09:30:00+00:00,12744
2024-01-16 14:00:00+00:00,2024-01-14 11:30:00+00:00,12734
2024-01-16 14:00:00+00:00,2024-01-14 15:30:00+00:00,12663
2024-01-16 14:00:00+00:00,2024-01-14 18:30:00+00:00,12703
2024-01-16 14:00:00+00:00,2024-01-14 22:30:00+00:00,12694
2024-01-16 14:00:00+00:00,2024-01-15 02:30:00+00:00,13373
2024-01-16 14:00:00+00:00,2024-01-15 04:30:00+00:00,13373
2024-01-16 14:00:00+00:00,2024-01-15 07:30:00+00:00,12945
2024-01-16 14:00:00+00:00,2024-01-15 09:30:00+00:00,12943
2024-01-16 14:00:00+00:00,2024-01-15 11:30:00+00:00,12931
2024-01-16 14:00:00+00:00,2024-01-15 15:30:00+00:00,11624
2024-01-16 14:00:00+00:00,2024-01-15 18:30:00+00:00,9355
2024-01-16 14:00:00+00:00,2024-01-15 22:30:00+00:00,9354
2024-01-16 15:00:00+00:00,2024-01-14 02:30:00+00:00,12728
2024-01-16 15:00:00+00:00,2024-01-14 04:30:00+00:00,12727
2024-01-16 15:00:00+00:00,2024-01-14 07:30:00+00:00,13094
2024-01-16 15:00:00+00:00,2024-01-14 09:30:00+00:00,13090
2024-01-16 15:00:00+00:00,2024-01-14 11:30:00+00:00,13080
2024-01-16 15:00:00+00:00,2024-01-14 15:30:00+00:00,12974
2024-01-16 15:00:00+00:00,2024-01-14 18:30:00+00:00,13089
2024-01-16 15:00:00+00:00,2024-01-14 22:30:00+00:00,13081
2024-01-16 15:00:00+00:00,2024-01-15 02:30:00+00:00,13634
2024-01-16 15:00:00+00:00,2024-01-15 04:30:00+00:00,13629
2024-01-16 15:00:00+00:00,2024-01-15 07:30:00+00:00,13420
2024-01-16 15:00:00+00:00,2024-01-15 09:30:00+00:00,13418
2024-01-16 15:00:00+00:00,2024-01-15 11:30:00+00:00,13410
2024-01-16 15:00:00+00:00,2024-01-15 15:30:00+00:00,11977
2024-01-16 15:00:00+00:00,2024-01-15 18:30:00+00:00,9458
2024-01-16 15:00:00+00:00,2024-01-15 22:30:00+00:00,9457
2024-01-16 16:00:00+00:00,2024-01-14 02:30:00+00:00,12849
2024-01-16 16:00:00+00:00,2024-01-14 04:30:00+00:00,12847
2024-01-16 16:00:00+00:00,2024-01-14 07:30:00+00:00,13282
2024-01-16 16:00:00+00:00,2024-01-14 09:30:00+00:00,13276
2024-01-16 16:00:00+00:00,2024-01-14 11:30:00+00:00,13266
2024-01-16 16:00:00+00:00,2024-01-14 15:30:00+00:00,13101
2024-01-16 16:00:00+00:00,2024-01-14 18:30:00+00:00,13261
2024-01-16 16:00:00+00:00,2024-01-14 22:30:00+00:00,13253
2024-01-16 16:00:00+00:00,2024-01-15 02:30:00+00:00,13482
2024-01-16 16:00:00+00:00,2024-01-15 04:30:00+00:00,13476
2024-01-16 16:00:00+00:00,2024-01-15 07:30:00+00:00,13654
2024-01-16 16:00:00+00:00,2024-01-15 09:30:00+00:00,13652
2024-01-16 16:00:00+00:00,2024-01-15 11:30:00+00:00,13647
2024-01-16 16:00:00+00:00,2024-01-15 15:30:00+00:00,12462
2024-01-16 16:00:00+00:00,2024-01-15 18:30:00+00:00,9806
2024-01-16 16:00:00+00:00,2024-01-15 22:30:00+00:00,9805
2024-01-16 17:00:00+00:00,2024-01-14 02:30:00+00:00,12944
2024-01-16 17:00:00+00:00,2024-01-14 04:30:00+00:00,12940
2024-01-16 17:00:00+00:00,2024-01-14 07:30:00+00:00,13425
2024-01-16 17:00:00+00:00,2024-01-14 09:30:00+00:00,13419
2024-01-16 17:00:00+00:00,2024-01-14 11:30:00+00:00,13408
2024-01-16 17:00:00+00:00,2024-01-14 15:30:00+00:00,13191
2024-01-16 17:00:00+00:00,2024-01-14 18:30:00+00:00,13373
2024-01-16 17:00:00+00:00,2024-01-14 22:30:00+00:00,13365
2024-01-16 17:00:00+00:00,2024-01-15 02:30:00+00:00,13826
2024-01-16 17:00:00+00:00,2024-01-15 04:30:00+00:00,13817
2024-01-16 17:00:00+00:00,2024-01-15 07:30:00+00:00,14015
2024-01-16 17:00:00+00:00,2024-01-15 09:30:00+00:00,14014
2024-01-16 17:00:00+00:00,2024-01-15 11:30:00+00:00,14007
2024-01-16 17:00:00+00:00,2024-01-15 15:30:00+00:00,12847
2024-01-16 17:00:00+00:00,2024-01-15 18:30:00+00:00,10149
2024-01-16 17:00:00+00:00,2024-01-15 22:30:00+00:00,10147
2024-01-16 18:00:00+00:00,2024-01-14 02:30:00+00:00,13012
2024-01-16 18:00:00+00:00,2024-01-14 04:30:00+00:00,13007
2024-01-16 18:00:00+00:00,2024-01-14 07:30:00+00:00,13526
2024-01-16 18:00:00+00:00,2024-01-14 09:30:00+00:00,13519
2024-01-16 18:00:00+00:00,2024-01-14 11:30:00+00:00,13508
2024-01-16 18:00:00+00:00,2024-01-14 15:30:00+00:00,13247
2024-01-16 18:00:00+00:00,2024-01-14 18:30:00+00:00,13436
2024-01-16 18:00:00+00:00,2024-01-14 22:30:00+00:00,13427
2024-01-16 18:00:00+00:00,2024-01-15 02:30:00+00:00,14080
2024-01-16 18:00:00+00:00,2024-01-15 04:30:00+00:00,14066
2024-01-16 18:00:00+00:00,2024-01-15 07:30:00+00:00,13968
2024-01-16 18:00:00+00:00,2024-01-15 09:30:00+00:00,13966
2024-01-16 18:00:00+00:00,2024-01-15 11:30:00+00:00,13953
2024-01-16 18:00:00+00:00,2024-01-15 15:30:00+00:00,12702
2024-01-16 18:00:00+00:00,2024-01-15 18:30:00+00:00,10280
2024-01-16 18:00:00+00:00,2024-01-15 22:30:00+00:00,10278
2024-01-16 19:00:00+00:00,2024-01-14 02:30:00+00:00,12952
2024-01-16 19:00:00+00:00,2024-01-14 04:30:00+00:00,12945
2024-01-16 19:00:00+00:00,2024-01-14 07:30:00+00:00,13464
2024-01-16 19:00:00+00:00,2024-01-14 09:30:00+00:00,13457
2024-01-16 19:00:00+00:00,2024-01-14 11:30:00+00:00,13450
2024-01-16 19:00:00+00:00,2024-01-14 15:30:00+00:00,13162
2024-01-16 19:00:00+00:00,2024-01-14 18:30:00+00:00,13328
2024-01-16 19:00:00+00:00,2024-01-14 22:30:00+00:00,13319
2024-01-16 19:00:00+00:00,2024-01-15 02:30:00+00:00,14033
2024-01-16 19:00:00+00:00,2024-01-15 04:30:00+00:00,14013
2024-01-16 19:00:00+00:00,2024-01-15 07:30:00+00:00,13730
2024-01-16 19:00:00+00:00,2024-01-15 09:30:00+00:00,13729
2024-01-16 19:00:00+00:00,2024-01-15 11:30:00+00:00,13723
2024-01-16 19:00:00+00:00,2024-01-15 15:30:00+00:00,12392
2024-01-16 19:00:00+00:00,2024-01-15 18:30:00+00:00,10136
2024-01-16 19:00:00+00:00,2024-01-15 22:30:00+00:00,10134
2024-01-16 20:00:00+00:00,2024-01-14 02:30:00+00:00,12874
2024-01-16 20:00:00+00:00,2024-01-14 04:30:00+00:00,12866
2024-01-16 20:00:00+00:00,2024-01-14 07:30:00+00:00,13373
2024-01-16 20:00:00+00:00,2024-01-14 09:30:00+00:00,13366
2024-01-16 20:00:00+00:00,2024-01-14 11:30:00+00:00,13363
2024-01-16 20:00:00+00:00,2024-01-14 15:30:00+00:00,13053
2024-01-16 20:00:00+00:00,2024-01-14 18:30:00+00:00,13187
2024-01-16 20:00:00+00:00,2024-01-14 22:30:00+00:00,13178
2024-01-16 20:00:00+00:00,2024-01-15 02:30:00+00:00,13951
2024-01-16 20:00:00+00:00,2024-01-15 04:30:00+00:00,13924
2024-01-16 20:00:00+00:00,2024-01-15 07:30:00+00:00,13412
2024-01-16 20:00:00+00:00,2024-01-15 09:30:00+00:00,13412
2024-01-16 20:00:00+00:00,2024-01-15 11:30:00+00:00,13405
2024-01-16 20:00:00+00:00,2024-01-15 15:30:00+00:00,12221
2024-01-16 20:00:00+00:00,2024-01-15 18:30:00+00:00,10268
2024-01-16 20:00:00+00:00,2024-01-15 22:30:00+00:00,10267
2024-01-16 21:00:00+00:00,2024-01-14 02:30:00+00:00,12778
2024-01-16 21:00:00+00:00,2024-01-14 04:30:00+00:00,12768
2024-01-16 21:00:00+00:00,2024-01-14 07:30:00+00:00,13251
2024-01-16 21:00:00+00:00,2024-01-14 09:30:00+00:00,13244
2024-01-16 21:00:00+00:00,2024-01-14 11:30:00+00:00,13246
2024-01-16 21:00:00+00:00,2024-01-14 15:30:00+00:00,12919
2024-01-16 21:00:00+00:00,2024-01-14 18:30:00+00:00,13010
2024-01-16 21:00:00+00:00,2024-01-14 22:30:00+00:00,13001
2024-01-16 21:00:00+00:00,2024-01-15 02:30:00+00:00,13830
2024-01-16 21:00:00+00:00,2024-01-15 04:30:00+00:00,13794
2024-01-16 21:00:00+00:00,2024-01-15 07:30:00+00:00,13152
2024-01-16 21:00:00+00:00,2024-01-15 09:30:00+00:00,13151
2024-01-16 21:00:00+00:00,2024-01-15 11:30:00+00:00,13134
2024-01-16 21:00:00+00:00,2024-01-15 15:30:00+00:00,11903
2024-01-16 21:00:00+00:00,2024-01-15 18:30:00+00:00,10105
2024-01-16 21:00:00+00:00,2024-01-15 22:30:00+00:00,10103
2024-01-16 21:00:00+00:00,2024-01-16 02:30:00+00:00,9661
2024-01-16 21:00:00+00:00,2024-01-16 04:30:00+00:00,9665
2024-01-16 21:00:00+00:00,2024-01-16 07:30:00+00:00,10239
2024-01-16 21:00:00+00:00,2024-01-16 09:30:00+00:00,10239
2024-01-16 21:00:00+00:00,2024-01-16 11:30:00+00:00,10244
2024-01-16 21:00:00+00:00,2024-01-16 15:30:00+00:00,11397
2024-01-16 21:00:00+00:00,2024-01-16 18:30:00+00:00,11803
2024-01-16 21:00:00+00:00,2024-01-16 22:30:00+00:00,11809
2024-01-16 22:00:00+00:00,2024-01-15 02:30:00+00:00,13397
2024-01-16 22:00:00+00:00,2024-01-15 04:30:00+00:00,13369
2024-01-16 22:00:00+00:00,2024-01-15 07:30:00+00:00,12234
2024-01-16 22:00:00+00:00,2024-01-15 09:30:00+00:00,12234
2024-01-16 22:00:00+00:00,2024-01-15 11:30:00+00:00,12202
2024-01-16 22:00:00+00:00,2024-01-15 15:30:00+00:00,11155
2024-01-16 22:00:00+00:00,2024-01-15 18:30:00+00:00,9870
2024-01-16 22:00:00+00:00,2024-01-15 22:30:00+00:00,9868
2024-01-16 22:00:00+00:00,2024-01-16 02:30:00+00:00,9760
2024-01-16 22:00:00+00:00,2024-01-16 04:30:00+00:00,9764
2024-01-16 22:00:00+00:00,2024-01-16 07:30:00+00:00,10410
2024-01-16 22:00:00+00:00,2024-01-16 09:30:00+00:00,10410
2024-01-16 22:00:00+00:00,2024-01-16 11:30:00+00:00,10412
2024-01-16 22:00:00+00:00,2024-01-16 15:30:00+00:00,11346
2024-01-16 22:00:00+00:00,2024-01-16 18:30:00+00:00,11692
2024-01-16 22:00:00+00:00,2024-01-16 22:30:00+00:00,11691
2024-01-16 23:00:00+00:00,2024-01-15 02:30:00+00:00,12932
2024-01-16 23:00:00+00:00,2024-01-15 04:30:00+00:00,12910
2024-01-16 23:00:00+00:00,2024-01-15 07:30:00+00:00,11795
2024-01-16 23:00:00+00:00,2024-01-15 09:30:00+00:00,11794
2024-01-16 23:00:00+00:00,2024-01-15 11:30:00+00:00,11751
2024-01-16 23:00:00+00:00,2024-01-15 15:30:00+00:00,10717
2024-01-16 23:00:00+00:00,2024-01-15 18:30:00+00:00,9671
2024-01-16 23:00:00+00:00,2024-01-15 22:30:00+00:00,9671
2024-01-16 23:00:00+00:00,2024-01-16 02:30:00+00:00,9539
2024-01-16 23:00:00+00:00,2024-01-16 04:30:00+00:00,9543
2024-01-16 23:00:00+00:00,2024-01-16 07:30:00+00:00,10256
2024-01-16 23:00:00+00:00,2024-01-16 09:30:00+00:00,10257
2024-01-16 23:00:00+00:00,2024-01-16 11:30:00+00:00,10263
2024-01-16 23:00:00+00:00,2024-01-16 15:30:00+00:00,11344
2024-01-16 23:00:00+00:00,2024-01-16 18:30:00+00:00,11658
2024-01-16 23:00:00+00:00,2024-01-16 22:30:00+00:00,11659
2024-01-17 00:00:00+00:00,2024-01-15 02:30:00+00:00,12432
2024-01-17 00:00:00+00:00,2024-01-15 04:30:00+00:00,12416
2024-01-17 00:00:00+00:00,2024-01-15 07:30:00+00:00,11319
2024-01-17 00:00:00+00:00,2024-01-15 09:30:00+00:00,11318
2024-01-17 00:00:00+00:00,2024-01-15 11:30:00+00:00,11275
2024-01-17 00:00:00+00:00,2024-01-15 15:30:00+00:00,10240
2024-01-17 00:00:00+00:00,2024-01-15 18:30:00+00:00,9303
2024-01-17 00:00:00+00:00,2024-01-15 22:30:00+00:00,9305
2024-01-17 00:00:00+00:00,2024-01-16 02:30:00+00:00,9620
2024-01-17 00:00:00+00:00,2024-01-16 04:30:00+00:00,9622
2024-01-17 00:00:00+00:00,2024-01-16 07:30:00+00:00,10414
2024-01-17 00:00:00+00:00,2024-01-16 09:30:00+00:00,10414
2024-01-17 00:00:00+00:00,2024-01-16 11:30:00+00:00,10416
2024-01-17 00:00:00+00:00,2024-01-16 15:30:00+00:00,11415
2024-01-17 00:00:00+00:00,2024-01-16 18:30:00+00:00,11697
2024-01-17 00:00:00+00:00,2024-01-16 22:30:00+00:00,11697
2024-01-17 01:00:00+00:00,2024-01-15 02:30:00+00:00,11697
2024-01-17 01:00:00+00:00,2024-01-15 04:30:00+00:00,11687
2024-01-17 01:00:00+00:00,2024-01-15 07:30:00+00:00,10641
2024-01-17 01:00:00+00:00,2024-01-15 09:30:00+00:00,10641
2024-01-17 01:00:00+00:00,2024-01-15 11:30:00+00:00,10597
2024-01-17 01:00:00+00:00,2024-01-15 15:30:00+00:00,9720
2024-01-17 01:00:00+00:00,2024-01-15 18:30:00+00:00,8845
2024-01-17 01:00:00+00:00,2024-01-15 22:30:00+00:00,8845
2024-01-17 01:00:00+00:00,2024-01-16 02:30:00+00:00,9214
2024-01-17 01:00:00+00:00,2024-01-16 04:30:00+00:00,9215
2024-01-17 01:00:00+00:00,2024-01-16 07:30:00+00:00,10008
2024-01-17 01:00:00+00:00,2024-01-16 09:30:00+00:00,10009
2024-01-17 01:00:00+00:00,2024-01-16 11:30:00+00:00,10013
2024-01-17 01:00:00+00:00,2024-01-16 15:30:00+00:00,10906
2024-01-17 01:00:00+00:00,2024-01-16 18:30:00+00:00,11206
2024-01-17 01:00:00+00:00,2024-01-16 22:30:00+00:00,11206
2024-01-17 02:00:00+00:00,2024-01-15 02:30:00+00:00,10873
2024-01-17 02:00:00+00:00,2024-01-15 04:30:00+00:00,10867
2024-01-17 02:00:00+00:00,2024-01-15 07:30:00+00:00,9900
2024-01-17 02:00:00+00:00,2024-01-15 09:30:00+00:00,9900
2024-01-17 02:00:00+00:00,2024-01-15 11:30:00+00:00,9866
2024-01-17 02:00:00+00:00,2024-01-15 15:30:00+00:00,9194
2024-01-17 02:00:00+00:00,2024-01-15 18:30:00+00:00,8428
2024-01-17 02:00:00+00:00,2024-01-15 22:30:00+00:00,8430
2024-01-17 02:00:00+00:00,2024-01-16 02:30:00+00:00,8901
2024-01-17 02:00:00+00:00,2024-01-16 04:30:00+00:00,8902
2024-01-17 02:00:00+00:00,2024-01-16 07:30:00+00:00,9695
2024-01-17 02:00:00+00:00,2024-01-16 09:30:00+00:00,9696
2024-01-17 02:00:00+00:00,2024-01-16 11:30:00+00:00,9695
2024-01-17 02:00:00+00:00,2024-01-16 15:30:00+00:00,10523
2024-01-17 02:00:00+00:00,2024-01-16 18:30:00+00:00,10616
2024-01-17 02:00:00+00:00,2024-01-16 22:30:00+00:00,10617
2024-01-17 03:00:00+00:00,2024-01-15 02:30:00+00:00,9962
2024-01-17 03:00:00+00:00,2024-01-15 04:30:00+00:00,9959
2024-01-17 03:00:00+00:00,2024-01-15 07:30:00+00:00,9096
2024-01-17 03:00:00+00:00,2024-01-15 09:30:00+00:00,9096
2024-01-17 03:00:00+00:00,2024-01-15 11:30:00+00:00,9075
2024-01-17 03:00:00+00:00,2024-01-15 15:30:00+00:00,8436
2024-01-17 03:00:00+00:00,2024-01-15 18:30:00+00:00,7600
2024-01-17 03:00:00+00:00,2024-01-15 22:30:00+00:00,7600
2024-01-17 03:00:00+00:00,2024-01-16 02:30:00+00:00,8151
2024-01-17 03:00:00+00:00,2024-01-16 04:30:00+00:00,8152
2024-01-17 03:00:00+00:00,2024-01-16 07:30:00+00:00,9089
2024-01-17 03:00:00+00:00,2024-01-16 09:30:00+00:00,9090
2024-01-17 03:00:00+00:00,2024-01-16 11:30:00+00:00,9090
2024-01-17 03:00:00+00:00,2024-01-16 15:30:00+00:00,9791
2024-01-17 03:00:00+00:00,2024-01-16 18:30:00+00:00,9704
2024-01-17 03:00:00+00:00,2024-01-16 22:30:00+00:00,9705
2024-01-17 04:00:00+00:00,2024-01-15 02:30:00+00:00,9142
2024-01-17 04:00:00+00:00,2024-01-15 04:30:00+00:00,9141
2024-01-17 04:00:00+00:00,2024-01-15 07:30:00+00:00,8321
2024-01-17 04:00:00+00:00,2024-01-15 09:30:00+00:00,8322
2024-01-17 04:00:00+00:00,2024-01-15 11:30:00+00:00,8303
2024-01-17 04:00:00+00:00,2024-01-15 15:30:00+00:00,7898
2024-01-17 04:00:00+00:00,2024-01-15 18:30:00+00:00,7146
2024-01-17 04:00:00+00:00,2024-01-15 22:30:00+00:00,7147
2024-01-17 04:00:00+00:00,2024-01-16 02:30:00+00:00,7734
2024-01-17 04:00:00+00:00,2024-01-16 04:30:00+00:00,7734
2024-01-17 04:00:00+00:00,2024-01-16 07:30:00+00:00,8667
2024-01-17 04:00:00+00:00,2024-01-16 09:30:00+00:00,8667
2024-01-17 04:00:00+00:00,2024-01-16 11:30:00+00:00,8665
2024-01-17 04:00:00+00:00,2024-01-16 15:30:00+00:00,9200
2024-01-17 04:00:00+00:00,2024-01-16 18:30:00+00:00,8930
2024-01-17 04:00:00+00:00,2024-01-16 22:30:00+00:00,8932
2024-01-17 05:00:00+00:00,2024-01-15 02:30:00+00:00,8297
2024-01-17 05:00:00+00:00,2024-01-15 04:30:00+00:00,8298
2024-01-17 05:00:00+00:00,2024-01-15 07:30:00+00:00,7534
2024-01-17 05:00:00+00:00,2024-01-15 09:30:00+00:00,7534
2024-01-17 05:00:00+00:00,2024-01-15 11:30:00+00:00,7523
2024-01-17 05:00:00+00:00,2024-01-15 15:30:00+00:00,7195
2024-01-17 05:00:00+00:00,2024-01-15 18:30:00+00:00,6674
2024-01-17 05:00:00+00:00,2024-01-15 22:30:00+00:00,6676
2024-01-17 05:00:00+00:00,2024-01-16 02:30:00+00:00,7223
2024-01-17 05:00:00+00:00,2024-01-16 04:30:00+00:00,7222
2024-01-17 05:00:00+00:00,2024-01-16 07:30:00+00:00,7859
2024-01-17 05:00:00+00:00,2024-01-16 09:30:00+00:00,7860
2024-01-17 05:00:00+00:00,2024-01-16 11:30:00+00:00,7860
2024-01-17 05:00:00+00:00,2024-01-16 15:30:00+00:00,8152
2024-01-17 05:00:00+00:00,2024-01-16 18:30:00+00:00,7801
2024-01-17 05:00:00+00:00,2024-01-16 22:30:00+00:00,7802
2024-01-17 06:00:00+00:00,2024-01-15 02:30:00+00:00,7459
2024-01-17 06:00:00+00:00,2024-01-15 04:30:00+00:00,7462
2024-01-17 06:00:00+00:00,2024-01-15 07:30:00+00:00,6766
2024-01-17 06:00:00+00:00,2024-01-15 09:30:00+00:00,6765
2024-01-17 06:00:00+00:00,2024-01-15 11:30:00+00:00,6770
2024-01-17 06:00:00+00:00,2024-01-15 15:30:00+00:00,6510
2024-01-17 06:00:00+00:00,2024-01-15 18:30:00+00:00,6034
2024-01-17 06:00:00+00:00,2024-01-15 22:30:00+00:00,6034
2024-01-17 06:00:00+00:00,2024-01-16 02:30:00+00:00,6607
2024-01-17 06:00:00+00:00,2024-01-16 04:30:00+00:00,6608
2024-01-17 06:00:00+00:00,2024-01-16 07:30:00+00:00,7131
2024-01-17 06:00:00+00:00,2024-01-16 09:30:00+00:00,7132
2024-01-17 06:00:00+00:00,2024-01-16 11:30:00+00:00,7131
2024-01-17 06:00:00+00:00,2024-01-16 15:30:00+00:00,7220
2024-01-17 06:00:00+00:00,2024-01-16 18:30:00+00:00,6847
2024-01-17 06:00:00+00:00,2024-01-16 22:30:00+00:00,6848
2024-01-17 07:00:00+00:00,2024-01-15 02:30:00+00:00,6978
2024-01-17 07:00:00+00:00,2024-01-15 04:30:00+00:00,6982
2024-01-17 07:00:00+00:00,2024-01-15 07:30:00+00:00,6298
2024-01-17 07:00:00+00:00,2024-01-15 09:30:00+00:00,6295
2024-01-17 07:00:00+00:00,2024-01-15 11:30:00+00:00,6299
2024-01-17 07:00:00+00:00,2024-01-15 15:30:00+00:00,5966
2024-01-17 07:00:00+00:00,2024-01-15 18:30:00+00:00,5547
2024-01-17 07:00:00+00:00,2024-01-15 22:30:00+00:00,5548
2024-01-17 07:00:00+00:00,2024-01-16 02:30:00+00:00,6238
2024-01-17 07:00:00+00:00,2024-01-16 04:30:00+00:00,6237
2024-01-17 07:00:00+00:00,2024-01-16 07:30:00+00:00,6600
2024-01-17 07:00:00+00:00,2024-01-16 09:30:00+00:00,6601
2024-01-17 07:00:00+00:00,2024-01-16 11:30:00+00:00,6600
2024-01-17 07:00:00+00:00,2024-01-16 15:30:00+00:00,6654
2024-01-17 07:00:00+00:00,2024-01-16 18:30:00+00:00,6425
2024-01-17 07:00:00+00:00,2024-01-16 22:30:00+00:00,6425
2024-01-17 08:00:00+00:00,2024-01-15 02:30:00+00:00,6527
2024-01-17 08:00:00+00:00,2024-01-15 04:30:00+00:00,6531
2024-01-17 08:00:00+00:00,2024-01-15 07:30:00+00:00,5863
2024-01-17 08:00:00+00:00,2024-01-15 09:30:00+00:00,5857
2024-01-17 08:00:00+00:00,2024-01-15 11:30:00+00:00,5859
2024-01-17 08:00:00+00:00,2024-01-15 15:30:00+00:00,5461
2024-01-17 08:00:00+00:00,2024-01-15 18:30:00+00:00,5267
2024-01-17 08:00:00+00:00,2024-01-15 22:30:00+00:00,5268
2024-01-17 08:00:00+00:00,2024-01-16 02:30:00+00:00,5731
2024-01-17 08:00:00+00:00,2024-01-16 04:30:00+00:00,5731
2024-01-17 08:00:00+00:00,2024-01-16 07:30:00+00:00,5800
2024-01-17 08:00:00+00:00,2024-01-16 09:30:00+00:00,5801
2024-01-17 08:00:00+00:00,2024-01-16 11:30:00+00:00,5803
2024-01-17 08:00:00+00:00,2024-01-16 15:30:00+00:00,5739
2024-01-17 08:00:00+00:00,2024-01-16 18:30:00+00:00,5686
2024-01-17 08:00:00+00:00,2024-01-16 22:30:00+00:00,5686
2024-01-17 09:00:00+00:00,2024-01-15 02:30:00+00:00,6111
2024-01-17 09:00:00+00:00,2024-01-15 04:30:00+00:00,6114
2024-01-17 09:00:00+00:00,2024-01-15 07:30:00+00:00,5470
2024-01-17 09:00:00+00:00,2024-01-15 09:30:00+00:00,5462
2024-01-17 09:00:00+00:00,2024-01-15 11:30:00+00:00,5460
2024-01-17 09:00:00+00:00,2024-01-15 15:30:00+00:00,5005
2024-01-17 09:00:00+00:00,2024-01-15 18:30:00+00:00,4966
2024-01-17 09:00:00+00:00,2024-01-15 22:30:00+00:00,4965
2024-01-17 09:00:00+00:00,2024-01-16 02:30:00+00:00,5448
2024-01-17 09:00:00+00:00,2024-01-16 04:30:00+00:00,5454
2024-01-17 09:00:00+00:00,2024-01-16 07:30:00+00:00,5552
2024-01-17 09:00:00+00:00,2024-01-16 09:30:00+00:00,5553
2024-01-17 09:00:00+00:00,2024-01-16 11:30:00+00:00,5552
2024-01-17 09:00:00+00:00,2024-01-16 15:30:00+00:00,5525
2024-01-17 09:00:00+00:00,2024-01-16 18:30:00+00:00,5447
2024-01-17 09:00:00+00:00,2024-01-16 22:30:00+00:00,5448
2024-01-17 10:00:00+00:00,2024-01-15 02:30:00+00:00,6249
2024-01-17 10:00:00+00:00,2024-01-15 04:30:00+00:00,6248
2024-01-17 10:00:00+00:00,2024-01-15 07:30:00+00:00,5609
2024-01-17 10:00:00+00:00,2024-01-15 09:30:00+00:00,5602
2024-01-17 10:00:00+00:00,2024-01-15 11:30:00+00:00,5599
2024-01-17 10:00:00+00:00,2024-01-15 15:30:00+00:00,5127
2024-01-17 10:00:00+00:00,2024-01-15 18:30:00+00:00,5456
2024-01-17 10:00:00+00:00,2024-01-15 22:30:00+00:00,5451
2024-01-17 10:00:00+00:00,2024-01-16 02:30:00+00:00,5412
2024-01-17 10:00:00+00:00,2024-01-16 04:30:00+00:00,5411
2024-01-17 10:00:00+00:00,2024-01-16 07:30:00+00:00,5353
2024-01-17 10:00:00+00:00,2024-01-16 09:30:00+00:00,5356
2024-01-17 10:00:00+00:00,2024-01-16 11:30:00+00:00,5361
2024-01-17 10:00:00+00:00,2024-01-16 15:30:00+00:00,5119
2024-01-17 10:00:00+00:00,2024-01-16 18:30:00+00:00,4977
2024-01-17 10:00:00+00:00,2024-01-16 22:30:00+00:00,4980
2024-01-17 11:00:00+00:00,2024-01-15 02:30:00+00:00,6404
2024-01-17 11:00:00+00:00,2024-01-15 04:30:00+00:00,6398
2024-01-17 11:00:00+00:00,2024-01-15 07:30:00+00:00,5764
2024-01-17 11:00:00+00:00,2024-01-15 09:30:00+00:00,5758
2024-01-17 11:00:00+00:00,2024-01-15 11:30:00+00:00,5754
2024-01-17 11:00:00+00:00,2024-01-15 15:30:00+00:00,5267
2024-01-17 11:00:00+00:00,2024-01-15 18:30:00+00:00,5560
2024-01-17 11:00:00+00:00,2024-01-15 22:30:00+00:00,5548
2024-01-17 11:00:00+00:00,2024-01-16 02:30:00+00:00,5190
2024-01-17 11:00:00+00:00,2024-01-16 04:30:00+00:00,5192
2024-01-17 11:00:00+00:00,2024-01-16 07:30:00+00:00,5063
2024-01-17 11:00:00+00:00,2024-01-16 09:30:00+00:00,5067
2024-01-17 11:00:00+00:00,2024-01-16 11:30:00+00:00,5078
2024-01-17 11:00:00+00:00,2024-01-16 15:30:00+00:00,4994
2024-01-17 11:00:00+00:00,2024-01-16 18:30:00+00:00,4843
2024-01-17 11:00:00+00:00,2024-01-16 22:30:00+00:00,4849
2024-01-17 12:00:00+00:00,2024-01-15 02:30:00+00:00,6574
2024-01-17 12:00:00+00:00,2024-01-15 04:30:00+00:00,6565
2024-01-17 12:00:00+00:00,2024-01-15 07:30:00+00:00,5933
2024-01-17 12:00:00+00:00,2024-01-15 09:30:00+00:00,5929
2024-01-17 12:00:00+00:00,2024-01-15 11:30:00+00:00,5924
2024-01-17 12:00:00+00:00,2024-01-15 15:30:00+00:00,5423
2024-01-17 12:00:00+00:00,2024-01-15 18:30:00+00:00,5694
2024-01-17 12:00:00+00:00,2024-01-15 22:30:00+00:00,5676
2024-01-17 12:00:00+00:00,2024-01-16 02:30:00+00:00,5359
2024-01-17 12:00:00+00:00,2024-01-16 04:30:00+00:00,5374
2024-01-17 12:00:00+00:00,2024-01-16 07:30:00+00:00,5153
2024-01-17 12:00:00+00:00,2024-01-16 09:30:00+00:00,5158
2024-01-17 12:00:00+00:00,2024-01-16 11:30:00+00:00,5168
2024-01-17 12:00:00+00:00,2024-01-16 15:30:00+00:00,4909
2024-01-17 12:00:00+00:00,2024-01-16 18:30:00+00:00,4800
2024-01-17 12:00:00+00:00,2024-01-16 22:30:00+00:00,4800
2024-01-17 13:00:00+00:00,2024-01-15 02:30:00+00:00,7177
2024-01-17 13:00:00+00:00,2024-01-15 04:30:00+00:00,7169
2024-01-17 13:00:00+00:00,2024-01-15 07:30:00+00:00,6588
2024-01-17 13:00:00+00:00,2024-01-15 09:30:00+00:00,6583
2024-01-17 13:00:00+00:00,2024-01-15 11:30:00+00:00,6582
2024-01-17 13:00:00+00:00,2024-01-15 15:30:00+00:00,6122
2024-01-17 13:00:00+00:00,2024-01-15 18:30:00+00:00,6426
2024-01-17 13:00:00+00:00,2024-01-15 22:30:00+00:00,6411
2024-01-17 13:00:00+00:00,2024-01-16 02:30:00+00:00,5909
2024-01-17 13:00:00+00:00,2024-01-16 04:30:00+00:00,5916
2024-01-17 13:00:00+00:00,2024-01-16 07:30:00+00:00,5513
2024-01-17 13:00:00+00:00,2024-01-16 09:30:00+00:00,5519
2024-01-17 13:00:00+00:00,2024-01-16 11:30:00+00:00,5525
2024-01-17 13:00:00+00:00,2024-01-16 15:30:00+00:00,5184
2024-01-17 13:00:00+00:00,2024-01-16 18:30:00+00:00,5140
2024-01-17 13:00:00+00:00,2024-01-16 22:30:00+00:00,5141
2024-01-17 14:00:00+00:00,2024-01-15 02:30:00+00:00,7860
2024-01-17 14:00:00+00:00,2024-01-15 04:30:00+00:00,7853
2024-01-17 14:00:00+00:00,2024-01-15 07:30:00+00:00,7339
2024-01-17 14:00:00+00:00,2024-01-15 09:30:00+00:00,7336
2024-01-17 14:00:00+00:00,2024-01-15 11:30:00+00:00,7336
2024-01-17 14:00:00+00:00,2024-01-15 15:30:00+00:00,6933
2024-01-17 14:00:00+00:00,2024-01-15 18:30:00+00:00,7251
2024-01-17 14:00:00+00:00,2024-01-15 22:30:00+00:00,7239
2024-01-17 14:00:00+00:00,2024-01-16 02:30:00+00:00,6714
2024-01-17 14:00:00+00:00,2024-01-16 04:30:00+00:00,6722
2024-01-17 14:00:00+00:00,2024-01-16 07:30:00+00:00,6169
2024-01-17 14:00:00+00:00,2024-01-16 09:30:00+00:00,6175
2024-01-17 14:00:00+00:00,2024-01-16 11:30:00+00:00,6182
2024-01-17 14:00:00+00:00,2024-01-16 15:30:00+00:00,5463
2024-01-17 14:00:00+00:00,2024-01-16 18:30:00+00:00,5515
2024-01-17 14:00:00+00:00,2024-01-16 22:30:00+00:00,5509
2024-01-17 15:00:00+00:00,2024-01-15 02:30:00+00:00,8608
2024-01-17 15:00:00+00:00,2024-01-15 04:30:00+00:00,8601
2024-01-17 15:00:00+00:00,2024-01-15 07:30:00+00:00,8176
2024-01-17 15:00:00+00:00,2024-01-15 09:30:00+00:00,8172
2024-01-17 15:00:00+00:00,2024-01-15 11:30:00+00:00,8175
2024-01-17 15:00:00+00:00,2024-01-15 15:30:00+00:00,7851
2024-01-17 15:00:00+00:00,2024-01-15 18:30:00+00:00,8167
2024-01-17 15:00:00+00:00,2024-01-15 22:30:00+00:00,8158
2024-01-17 15:00:00+00:00,2024-01-16 02:30:00+00:00,7469
2024-01-17 15:00:00+00:00,2024-01-16 04:30:00+00:00,7482
2024-01-17 15:00:00+00:00,2024-01-16 07:30:00+00:00,6672
2024-01-17 15:00:00+00:00,2024-01-16 09:30:00+00:00,6679
2024-01-17 15:00:00+00:00,2024-01-16 11:30:00+00:00,6681
2024-01-17 15:00:00+00:00,2024-01-16 15:30:00+00:00,5824
2024-01-17 15:00:00+00:00,2024-01-16 18:30:00+00:00,5932
2024-01-17 15:00:00+00:00,2024-01-16 22:30:00+00:00,5934
2024-01-17 16:00:00+00:00,2024-01-15 02:30:00+00:00,9097
2024-01-17 16:00:00+00:00,2024-01-15 04:30:00+00:00,9092
2024-01-17 16:00:00+00:00,2024-01-15 07:30:00+00:00,8749
2024-01-17 16:00:00+00:00,2024-01-15 09:30:00+00:00,8746
2024-01-17 16:00:00+00:00,2024-01-15 11:30:00+00:00,8750
2024-01-17 16:00:00+00:00,2024-01-15 15:30:00+00:00,8447
2024-01-17 16:00:00+00:00,2024-01-15 18:30:00+00:00,8829
2024-01-17 16:00:00+00:00,2024-01-15 22:30:00+00:00,8819
2024-01-17 16:00:00+00:00,2024-01-16 02:30:00+00:00,8385
2024-01-17 16:00:00+00:00,2024-01-16 04:30:00+00:00,8391
2024-01-17 16:00:00+00:00,2024-01-16 07:30:00+00:00,7382
2024-01-17 16:00:00+00:00,2024-01-16 09:30:00+00:00,7388
2024-01-17 16:00:00+00:00,2024-01-16 11:30:00+00:00,7383
2024-01-17 16:00:00+00:00,2024-01-16 15:30:00+00:00,6612
2024-01-17 16:00:00+00:00,2024-01-16 18:30:00+00:00,6549
2024-01-17 16:00:00+00:00,2024-01-16 22:30:00+00:00,6555
2024-01-17 17:00:00+00:00,2024-01-15 02:30:00+00:00,9601
2024-01-17 17:00:00+00:00,2024-01-15 04:30:00+00:00,9597
2024-01-17 17:00:00+00:00,2024-01-15 07:30:00+00:00,9339
2024-01-17 17:00:00+00:00,2024-01-15 09:30:00+00:00,9337
2024-01-17 17:00:00+00:00,2024-01-15 11:30:00+00:00,9342
2024-01-17 17:00:00+00:00,2024-01-15 15:30:00+00:00,9065
2024-01-17 17:00:00+00:00,2024-01-15 18:30:00+00:00,9516
2024-01-17 17:00:00+00:00,2024-01-15 22:30:00+00:00,9506
2024-01-17 17:00:00+00:00,2024-01-16 02:30:00+00:00,9101
2024-01-17 17:00:00+00:00,2024-01-16 04:30:00+00:00,9099
2024-01-17 17:00:00+00:00,2024-01-16 07:30:00+00:00,7915
2024-01-17 17:00:00+00:00,2024-01-16 09:30:00+00:00,7920
2024-01-17 17:00:00+00:00,2024-01-16 11:30:00+00:00,7920
2024-01-17 17:00:00+00:00,2024-01-16 15:30:00+00:00,7019
2024-01-17 17:00:00+00:00,2024-01-16 18:30:00+00:00,6864
2024-01-17 17:00:00+00:00,2024-01-16 22:30:00+00:00,6871
2024-01-17 18:00:00+00:00,2024-01-15 02:30:00+00:00,10107
2024-01-17 18:00:00+00:00,2024-01-15 04:30:00+00:00,10104
2024-01-17 18:00:00+00:00,2024-01-15 07:30:00+00:00,9934
2024-01-17 18:00:00+00:00,2024-01-15 09:30:00+00:00,9933
2024-01-17 18:00:00+00:00,2024-01-15 11:30:00+00:00,9940
2024-01-17 18:00:00+00:00,2024-01-15 15:30:00+00:00,9687
2024-01-17 18:00:00+00:00,2024-01-15 18:30:00+00:00,10205
2024-01-17 18:00:00+00:00,2024-01-15 22:30:00+00:00,10194
2024-01-17 18:00:00+00:00,2024-01-16 02:30:00+00:00,9831
2024-01-17 18:00:00+00:00,2024-01-16 04:30:00+00:00,9822
2024-01-17 18:00:00+00:00,2024-01-16 07:30:00+00:00,8434
2024-01-17 18:00:00+00:00,2024-01-16 09:30:00+00:00,8436
2024-01-17 18:00:00+00:00,2024-01-16 11:30:00+00:00,8406
2024-01-17 18:00:00+00:00,2024-01-16 15:30:00+00:00,7569
2024-01-17 18:00:00+00:00,2024-01-16 18:30:00+00:00,7105
2024-01-17 18:00:00+00:00,2024-01-16 22:30:00+00:00,7117
2024-01-17 19:00:00+00:00,2024-01-15 02:30:00+00:00,10208
2024-01-17 19:00:00+00:00,2024-01-15 04:30:00+00:00,10205
2024-01-17 19:00:00+00:00,2024-01-15 07:30:00+00:00,10108
2024-01-17 19:00:00+00:00,2024-01-15 09:30:00+00:00,10108
2024-01-17 19:00:00+00:00,2024-01-15 11:30:00+00:00,10117
2024-01-17 19:00:00+00:00,2024-01-15 15:30:00+00:00,9865
2024-01-17 19:00:00+00:00,2024-01-15 18:30:00+00:00,10316
2024-01-17 19:00:00+00:00,2024-01-15 22:30:00+00:00,10307
2024-01-17 19:00:00+00:00,2024-01-16 02:30:00+00:00,9956
2024-01-17 19:00:00+00:00,2024-01-16 04:30:00+00:00,9945
2024-01-17 19:00:00+00:00,2024-01-16 07:30:00+00:00,8349
2024-01-17 19:00:00+00:00,2024-01-16 09:30:00+00:00,8352
2024-01-17 19:00:00+00:00,2024-01-16 11:30:00+00:00,8349
2024-01-17 19:00:00+00:00,2024-01-16 15:30:00+00:00,7169
2024-01-17 19:00:00+00:00,2024-01-16 18:30:00+00:00,6864
2024-01-17 19:00:00+00:00,2024-01-16 22:30:00+00:00,6878
2024-01-17 20:00:00+00:00,2024-01-15 02:30:00+00:00,10310
2024-01-17 20:00:00+00:00,2024-01-15 04:30:00+00:00,10306
2024-01-17 20:00:00+00:00,2024-01-15 07:30:00+00:00,10281
2024-01-17 20:00:00+00:00,2024-01-15 09:30:00+00:00,10281
2024-01-17 20:00:00+00:00,2024-01-15 11:30:00+00:00,10292
2024-01-17 20:00:00+00:00,2024-01-15 15:30:00+00:00,10040
2024-01-17 20:00:00+00:00,2024-01-15 18:30:00+00:00,10425
2024-01-17 20:00:00+00:00,2024-01-15 22:30:00+00:00,10418
2024-01-17 20:00:00+00:00,2024-01-16 02:30:00+00:00,10081
2024-01-17 20:00:00+00:00,2024-01-16 04:30:00+00:00,10068
2024-01-17 20:00:00+00:00,2024-01-16 07:30:00+00:00,8454
2024-01-17 20:00:00+00:00,2024-01-16 09:30:00+00:00,8456
2024-01-17 20:00:00+00:00,2024-01-16 11:30:00+00:00,8456
2024-01-17 20:00:00+00:00,2024-01-16 15:30:00+00:00,7372
2024-01-17 20:00:00+00:00,2024-01-16 18:30:00+00:00,7001
2024-01-17 20:00:00+00:00,2024-01-16 22:30:00+00:00,7014
2024-01-17 21:00:00+00:00,2024-01-15 02:30:00+00:00,10410
2024-01-17 21:00:00+00:00,2024-01-15 04:30:00+00:00,10406
2024-01-17 21:00:00+00:00,2024-01-15 07:30:00+00:00,10453
2024-01-17 21:00:00+00:00,2024-01-15 09:30:00+00:00,10453
2024-01-17 21:00:00+00:00,2024-01-15 11:30:00+00:00,10466
2024-01-17 21:00:00+00:00,2024-01-15 15:30:00+00:00,10211
2024-01-17 21:00:00+00:00,2024-01-15 18:30:00+00:00,10531
2024-01-17 21:00:00+00:00,2024-01-15 22:30:00+00:00,10525
2024-01-17 21:00:00+00:00,2024-01-16 02:30:00+00:00,10205
2024-01-17 21:00:00+00:00,2024-01-16 04:30:00+00:00,10189
2024-01-17 21:00:00+00:00,2024-01-16 07:30:00+00:00,8665
2024-01-17 21:00:00+00:00,2024-01-16 09:30:00+00:00,8666
2024-01-17 21:00:00+00:00,2024-01-16 11:30:00+00:00,8647
2024-01-17 21:00:00+00:00,2024-01-16 15:30:00+00:00,7483
2024-01-17 21:00:00+00:00,2024-01-16 18:30:00+00:00,7096
2024-01-17 21:00:00+00:00,2024-01-16 22:30:00+00:00,7105
2024-01-17 21:00:00+00:00,2024-01-17 02:30:00+00:00,7259
2024-01-17 21:00:00+00:00,2024-01-17 04:30:00+00:00,7283
2024-01-17 21:00:00+00:00,2024-01-17 07:30:00+00:00,7422
2024-01-17 21:00:00+00:00,2024-01-17 09:30:00+00:00,7424
2024-01-17 21:00:00+00:00,2024-01-17 11:30:00+00:00,7457
2024-01-17 21:00:00+00:00,2024-01-17 15:30:00+00:00,7649
2024-01-17 21:00:00+00:00,2024-01-17 18:30:00+00:00,7556
2024-01-17 21:00:00+00:00,2024-01-17 22:30:00+00:00,7564
2024-01-17 22:00:00+00:00,2024-01-16 02:30:00+00:00,10372
2024-01-17 22:00:00+00:00,2024-01-16 04:30:00+00:00,10351
2024-01-17 22:00:00+00:00,2024-01-16 07:30:00+00:00,8559
2024-01-17 22:00:00+00:00,2024-01-16 09:30:00+00:00,8558
2024-01-17 22:00:00+00:00,2024-01-16 11:30:00+00:00,8479
2024-01-17 22:00:00+00:00,2024-01-16 15:30:00+00:00,7174
2024-01-17 22:00:00+00:00,2024-01-16 18:30:00+00:00,6985
2024-01-17 22:00:00+00:00,2024-01-16 22:30:00+00:00,6993
2024-01-17 22:00:00+00:00,2024-01-17 02:30:00+00:00,7409
2024-01-17 22:00:00+00:00,2024-01-17 04:30:00+00:00,7436
2024-01-17 22:00:00+00:00,2024-01-17 07:30:00+00:00,7787
2024-01-17 22:00:00+00:00,2024-01-17 09:30:00+00:00,7794
2024-01-17 22:00:00+00:00,2024-01-17 11:30:00+00:00,7825
2024-01-17 22:00:00+00:00,2024-01-17 15:30:00+00:00,8188
2024-01-17 22:00:00+00:00,2024-01-17 18:30:00+00:00,7806
2024-01-17 22:00:00+00:00,2024-01-17 22:30:00+00:00,7817
2024-01-17 23:00:00+00:00,2024-01-16 02:30:00+00:00,10534
2024-01-17 23:00:00+00:00,2024-01-16 04:30:00+00:00,10509
2024-01-17 23:00:00+00:00,2024-01-16 07:30:00+00:00,8827
2024-01-17 23:00:00+00:00,2024-01-16 09:30:00+00:00,8823
2024-01-17 23:00:00+00:00,2024-01-16 11:30:00+00:00,8708
2024-01-17 23:00:00+00:00,2024-01-16 15:30:00+00:00,7439
2024-01-17 23:00:00+00:00,2024-01-16 18:30:00+00:00,7101
2024-01-17 23:00:00+00:00,2024-01-16 22:30:00+00:00,7107
2024-01-17 23:00:00+00:00,2024-01-17 02:30:00+00:00,7366
2024-01-17 23:00:00+00:00,2024-01-17 04:30:00+00:00,7395
2024-01-17 23:00:00+00:00,2024-01-17 07:30:00+00:00,7698
2024-01-17 23:00:00+00:00,2024-01-17 09:30:00+00:00,7704
2024-01-17 23:00:00+00:00,2024-01-17 11:30:00+00:00,7733
2024-01-17 23:00:00+00:00,2024-01-17 15:30:00+00:00,7862
2024-01-17 23:00:00+00:00,2024-01-17 18:30:00+00:00,7486
2024-01-17 23:00:00+00:00,2024-01-17 22:30:00+00:00,7481
2024-01-18 00:00:00+00:00,2024-01-16 02:30:00+00:00,10690
2024-01-18 00:00:00+00:00,2024-01-16 04:30:00+00:00,10660
2024-01-18 00:00:00+00:00,2024-01-16 07:30:00+00:00,9094
2024-01-18 00:00:00+00:00,2024-01-16 09:30:00+00:00,9088
2024-01-18 00:00:00+00:00,2024-01-16 11:30:00+00:00,8982
2024-01-18 00:00:00+00:00,2024-01-16 15:30:00+00:00,7994
2024-01-18 00:00:00+00:00,2024-01-16 18:30:00+00:00,7673
2024-01-18 00:00:00+00:00,2024-01-16 22:30:00+00:00,7679
2024-01-18 00:00:00+00:00,2024-01-17 02:30:00+00:00,7659
2024-01-18 00:00:00+00:00,2024-01-17 04:30:00+00:00,7686
2024-01-18 00:00:00+00:00,2024-01-17 07:30:00+00:00,7825
2024-01-18 00:00:00+00:00,2024-01-17 09:30:00+00:00,7829
2024-01-18 00:00:00+00:00,2024-01-17 11:30:00+00:00,7856
2024-01-18 00:00:00+00:00,2024-01-17 15:30:00+00:00,8075
2024-01-18 00:00:00+00:00,2024-01-17 18:30:00+00:00,7966
2024-01-18 00:00:00+00:00,2024-01-17 22:30:00+00:00,7951
2024-01-18 01:00:00+00:00,2024-01-16 02:30:00+00:00,10763
2024-01-18 01:00:00+00:00,2024-01-16 04:30:00+00:00,10734
2024-01-18 01:00:00+00:00,2024-01-16 07:30:00+00:00,9384
2024-01-18 01:00:00+00:00,2024-01-16 09:30:00+00:00,9378
2024-01-18 01:00:00+00:00,2024-01-16 11:30:00+00:00,9224
2024-01-18 01:00:00+00:00,2024-01-16 15:30:00+00:00,8418
2024-01-18 01:00:00+00:00,2024-01-16 18:30:00+00:00,7716
2024-01-18 01:00:00+00:00,2024-01-16 22:30:00+00:00,7723
2024-01-18 01:00:00+00:00,2024-01-17 02:30:00+00:00,7486
2024-01-18 01:00:00+00:00,2024-01-17 04:30:00+00:00,7488
2024-01-18 01:00:00+00:00,2024-01-17 07:30:00+00:00,7756
2024-01-18 01:00:00+00:00,2024-01-17 09:30:00+00:00,7759
2024-01-18 01:00:00+00:00,2024-01-17 11:30:00+00:00,7786
2024-01-18 01:00:00+00:00,2024-01-17 15:30:00+00:00,8144
2024-01-18 01:00:00+00:00,2024-01-17 18:30:00+00:00,7821
2024-01-18 01:00:00+00:00,2024-01-17 22:30:00+00:00,7810
2024-01-18 02:00:00+00:00,2024-01-16 02:30:00+00:00,10829
2024-01-18 02:00:00+00:00,2024-01-16 04:30:00+00:00,10801
2024-01-18 02:00:00+00:00,2024-01-16 07:30:00+00:00,9670
2024-01-18 02:00:00+00:00,2024-01-16 09:30:00+00:00,9663
2024-01-18 02:00:00+00:00,2024-01-16 11:30:00+00:00,9518
2024-01-18 02:00:00+00:00,2024-01-16 15:30:00+00:00,8370
2024-01-18 02:00:00+00:00,2024-01-16 18:30:00+00:00,7716
2024-01-18 02:00:00+00:00,2024-01-16 22:30:00+00:00,7720
2024-01-18 02:00:00+00:00,2024-01-17 02:30:00+00:00,7785
2024-01-18 02:00:00+00:00,2024-01-17 04:30:00+00:00,7787
2024-01-18 02:00:00+00:00,2024-01-17 07:30:00+00:00,8261
2024-01-18 02:00:00+00:00,2024-01-17 09:30:00+00:00,8262
2024-01-18 02:00:00+00:00,2024-01-17 11:30:00+00:00,8278
2024-01-18 02:00:00+00:00,2024-01-17 15:30:00+00:00,8444
2024-01-18 02:00:00+00:00,2024-01-17 18:30:00+00:00,8412
2024-01-18 02:00:00+00:00,2024-01-17 22:30:00+00:00,8401
2024-01-18 03:00:00+00:00,2024-01-16 02:30:00+00:00,10889
2024-01-18 03:00:00+00:00,2024-01-16 04:30:00+00:00,10862
2024-01-18 03:00:00+00:00,2024-01-16 07:30:00+00:00,9946
2024-01-18 03:00:00+00:00,2024-01-16 09:30:00+00:00,9940
2024-01-18 03:00:00+00:00,2024-01-16 11:30:00+00:00,9830
2024-01-18 03:00:00+00:00,2024-01-16 15:30:00+00:00,8993
2024-01-18 03:00:00+00:00,2024-01-16 18:30:00+00:00,7842
2024-01-18 03:00:00+00:00,2024-01-16 22:30:00+00:00,7844
2024-01-18 03:00:00+00:00,2024-01-17 02:30:00+00:00,7393
2024-01-18 03:00:00+00:00,2024-01-17 04:30:00+00:00,7414
2024-01-18 03:00:00+00:00,2024-01-17 07:30:00+00:00,7901
2024-01-18 03:00:00+00:00,2024-01-17 09:30:00+00:00,7900
2024-01-18 03:00:00+00:00,2024-01-17 11:30:00+00:00,7910
2024-01-18 03:00:00+00:00,2024-01-17 15:30:00+00:00,8380
2024-01-18 03:00:00+00:00,2024-01-17 18:30:00+00:00,8418
2024-01-18 03:00:00+00:00,2024-01-17 22:30:00+00:00,8416
2024-01-18 04:00:00+00:00,2024-01-16 02:30:00+00:00,11026
2024-01-18 04:00:00+00:00,2024-01-16 04:30:00+00:00,11003
2024-01-18 04:00:00+00:00,2024-01-16 07:30:00+00:00,10229
2024-01-18 04:00:00+00:00,2024-01-16 09:30:00+00:00,10222
2024-01-18 04:00:00+00:00,2024-01-16 11:30:00+00:00,10145
2024-01-18 04:00:00+00:00,2024-01-16 15:30:00+00:00,9554
2024-01-18 04:00:00+00:00,2024-01-16 18:30:00+00:00,8301
2024-01-18 04:00:00+00:00,2024-01-16 22:30:00+00:00,8305
2024-01-18 04:00:00+00:00,2024-01-17 02:30:00+00:00,7614
2024-01-18 04:00:00+00:00,2024-01-17 04:30:00+00:00,7614
2024-01-18 04:00:00+00:00,2024-01-17 07:30:00+00:00,8055
2024-01-18 04:00:00+00:00,2024-01-17 09:30:00+00:00,8055
2024-01-18 04:00:00+00:00,2024-01-17 11:30:00+00:00,8061
2024-01-18 04:00:00+00:00,2024-01-17 15:30:00+00:00,8589
2024-01-18 04:00:00+00:00,2024-01-17 18:30:00+00:00,8429
2024-01-18 04:00:00+00:00,2024-01-17 22:30:00+00:00,8426
2024-01-18 05:00:00+00:00,2024-01-16 02:30:00+00:00,11151
2024-01-18 05:00:00+00:00,2024-01-16 04:30:00+00:00,11132
2024-01-18 05:00:00+00:00,2024-01-16 07:30:00+00:00,10498
2024-01-18 05:00:00+00:00,2024-01-16 09:30:00+00:00,10490
2024-01-18 05:00:00+00:00,2024-01-16 11:30:00+00:00,10447
2024-01-18 05:00:00+00:00,2024-01-16 15:30:00+00:00,9827
2024-01-18 05:00:00+00:00,2024-01-16 18:30:00+00:00,8663
2024-01-18 05:00:00+00:00,2024-01-16 22:30:00+00:00,8665
2024-01-18 05:00:00+00:00,2024-01-17 02:30:00+00:00,7804
2024-01-18 05:00:00+00:00,2024-01-17 04:30:00+00:00,7803
2024-01-18 05:00:00+00:00,2024-01-17 07:30:00+00:00,8205
2024-01-18 05:00:00+00:00,2024-01-17 09:30:00+00:00,8205
2024-01-18 05:00:00+00:00,2024-01-17 11:30:00+00:00,8215
2024-01-18 05:00:00+00:00,2024-01-17 15:30:00+00:00,8780
2024-01-18 05:00:00+00:00,2024-01-17 18:30:00+00:00,8828
2024-01-18 05:00:00+00:00,2024-01-17 22:30:00+00:00,8822
2024-01-18 06:00:00+00:00,2024-01-16 02:30:00+00:00,11266
2024-01-18 06:00:00+00:00,2024-01-16 04:30:00+00:00,11250
2024-01-18 06:00:00+00:00,2024-01-16 07:30:00+00:00,10753
2024-01-18 06:00:00+00:00,2024-01-16 09:30:00+00:00,10744
2024-01-18 06:00:00+00:00,2024-01-16 11:30:00+00:00,10738
2024-01-18 06:00:00+00:00,2024-01-16 15:30:00+00:00,10085
2024-01-18 06:00:00+00:00,2024-01-16 18:30:00+00:00,8733
2024-01-18 06:00:00+00:00,2024-01-16 22:30:00+00:00,8731
2024-01-18 06:00:00+00:00,2024-01-17 02:30:00+00:00,8018
2024-01-18 06:00:00+00:00,2024-01-17 04:30:00+00:00,8031
2024-01-18 06:00:00+00:00,2024-01-17 07:30:00+00:00,8491
2024-01-18 06:00:00+00:00,2024-01-17 09:30:00+00:00,8491
2024-01-18 06:00:00+00:00,2024-01-17 11:30:00+00:00,8494
2024-01-18 06:00:00+00:00,2024-01-17 15:30:00+00:00,8770
2024-01-18 06:00:00+00:00,2024-01-17 18:30:00+00:00,8807
2024-01-18 06:00:00+00:00,2024-01-17 22:30:00+00:00,8806
2024-01-18 07:00:00+00:00,2024-01-16 02:30:00+00:00,11145
2024-01-18 07:00:00+00:00,2024-01-16 04:30:00+00:00,11133
2024-01-18 07:00:00+00:00,2024-01-16 07:30:00+00:00,10731
2024-01-18 07:00:00+00:00,2024-01-16 09:30:00+00:00,10723
2024-01-18 07:00:00+00:00,2024-01-16 11:30:00+00:00,10717
2024-01-18 07:00:00+00:00,2024-01-16 15:30:00+00:00,10040
2024-01-18 07:00:00+00:00,2024-01-16 18:30:00+00:00,8394
2024-01-18 07:00:00+00:00,2024-01-16 22:30:00+00:00,8395
2024-01-18 07:00:00+00:00,2024-01-17 02:30:00+00:00,7686
2024-01-18 07:00:00+00:00,2024-01-17 04:30:00+00:00,7684
2024-01-18 07:00:00+00:00,2024-01-17 07:30:00+00:00,8238
2024-01-18 07:00:00+00:00,2024-01-17 09:30:00+00:00,8239
2024-01-18 07:00:00+00:00,2024-01-17 11:30:00+00:00,8250
2024-01-18 07:00:00+00:00,2024-01-17 15:30:00+00:00,8717
2024-01-18 07:00:00+00:00,2024-01-17 18:30:00+00:00,8847
2024-01-18 07:00:00+00:00,2024-01-17 22:30:00+00:00,8845
2024-01-18 08:00:00+00:00,2024-01-16 02:30:00+00:00,11018
2024-01-18 08:00:00+00:00,2024-01-16 04:30:00+00:00,11011
2024-01-18 08:00:00+00:00,2024-01-16 07:30:00+00:00,10709
2024-01-18 08:00:00+00:00,2024-01-16 09:30:00+00:00,10701
2024-01-18 08:00:00+00:00,2024-01-16 11:30:00+00:00,10696
2024-01-18 08:00:00+00:00,2024-01-16 15:30:00+00:00,9992
2024-01-18 08:00:00+00:00,2024-01-16 18:30:00+00:00,8617
2024-01-18 08:00:00+00:00,2024-01-16 22:30:00+00:00,8617
2024-01-18 08:00:00+00:00,2024-01-17 02:30:00+00:00,7799
2024-01-18 08:00:00+00:00,2024-01-17 04:30:00+00:00,7796
2024-01-18 08:00:00+00:00,2024-01-17 07:30:00+00:00,8254
2024-01-18 08:00:00+00:00,2024-01-17 09:30:00+00:00,8256
2024-01-18 08:00:00+00:00,2024-01-17 11:30:00+00:00,8268
2024-01-18 08:00:00+00:00,2024-01-17 15:30:00+00:00,8716
2024-01-18 08:00:00+00:00,2024-01-17 18:30:00+00:00,8935
2024-01-18 08:00:00+00:00,2024-01-17 22:30:00+00:00,8935
2024-01-18 09:00:00+00:00,2024-01-16 02:30:00+00:00,10888
2024-01-18 09:00:00+00:00,2024-01-16 04:30:00+00:00,10885
2024-01-18 09:00:00+00:00,2024-01-16 07:30:00+00:00,10685
2024-01-18 09:00:00+00:00,2024-01-16 09:30:00+00:00,10678
2024-01-18 09:00:00+00:00,2024-01-16 11:30:00+00:00,10673
2024-01-18 09:00:00+00:00,2024-01-16 15:30:00+00:00,9941
2024-01-18 09:00:00+00:00,2024-01-16 18:30:00+00:00,8383
2024-01-18 09:00:00+00:00,2024-01-16 22:30:00+00:00,8378
2024-01-18 09:00:00+00:00,2024-01-17 02:30:00+00:00,7630
2024-01-18 09:00:00+00:00,2024-01-17 04:30:00+00:00,7649
2024-01-18 09:00:00+00:00,2024-01-17 07:30:00+00:00,8025
2024-01-18 09:00:00+00:00,2024-01-17 09:30:00+00:00,8026
2024-01-18 09:00:00+00:00,2024-01-17 11:30:00+00:00,8029
2024-01-18 09:00:00+00:00,2024-01-17 15:30:00+00:00,8622
2024-01-18 09:00:00+00:00,2024-01-17 18:30:00+00:00,9210
2024-01-18 09:00:00+00:00,2024-01-17 22:30:00+00:00,9210
2024-01-18 10:00:00+00:00,2024-01-16 02:30:00+00:00,10957
2024-01-18 10:00:00+00:00,2024-01-16 04:30:00+00:00,10953
2024-01-18 10:00:00+00:00,2024-01-16 07:30:00+00:00,10844
2024-01-18 10:00:00+00:00,2024-01-16 09:30:00+00:00,10837
2024-01-18 10:00:00+00:00,2024-01-16 11:30:00+00:00,10834
2024-01-18 10:00:00+00:00,2024-01-16 15:30:00+00:00,10078
2024-01-18 10:00:00+00:00,2024-01-16 18:30:00+00:00,9060
2024-01-18 10:00:00+00:00,2024-01-16 22:30:00+00:00,9056
2024-01-18 10:00:00+00:00,2024-01-17 02:30:00+00:00,8089
2024-01-18 10:00:00+00:00,2024-01-17 04:30:00+00:00,8090
2024-01-18 10:00:00+00:00,2024-01-17 07:30:00+00:00,8265
2024-01-18 10:00:00+00:00,2024-01-17 09:30:00+00:00,8264
2024-01-18 10:00:00+00:00,2024-01-17 11:30:00+00:00,8276
2024-01-18 10:00:00+00:00,2024-01-17 15:30:00+00:00,8864
2024-01-18 10:00:00+00:00,2024-01-17 18:30:00+00:00,9565
2024-01-18 10:00:00+00:00,2024-01-17 22:30:00+00:00,9564
2024-01-18 11:00:00+00:00,2024-01-16 02:30:00+00:00,11026
2024-01-18 11:00:00+00:00,2024-01-16 04:30:00+00:00,11021
2024-01-18 11:00:00+00:00,2024-01-16 07:30:00+00:00,11004
2024-01-18 11:00:00+00:00,2024-01-16 09:30:00+00:00,10998
2024-01-18 11:00:00+00:00,2024-01-16 11:30:00+00:00,10997
2024-01-18 11:00:00+00:00,2024-01-16 15:30:00+00:00,10224
2024-01-18 11:00:00+00:00,2024-01-16 18:30:00+00:00,9226
2024-01-18 11:00:00+00:00,2024-01-16 22:30:00+00:00,9222
2024-01-18 11:00:00+00:00,2024-01-17 02:30:00+00:00,7965
2024-01-18 11:00:00+00:00,2024-01-17 04:30:00+00:00,7967
2024-01-18 11:00:00+00:00,2024-01-17 07:30:00+00:00,8087
2024-01-18 11:00:00+00:00,2024-01-17 09:30:00+00:00,8086
2024-01-18 11:00:00+00:00,2024-01-17 11:30:00+00:00,8105
2024-01-18 11:00:00+00:00,2024-01-17 15:30:00+00:00,8671
2024-01-18 11:00:00+00:00,2024-01-17 18:30:00+00:00,9194
2024-01-18 11:00:00+00:00,2024-01-17 22:30:00+00:00,9191
2024-01-18 12:00:00+00:00,2024-01-16 02:30:00+00:00,11096
2024-01-18 12:00:00+00:00,2024-01-16 04:30:00+00:00,11089
2024-01-18 12:00:00+00:00,2024-01-16 07:30:00+00:00,11166
2024-01-18 12:00:00+00:00,2024-01-16 09:30:00+00:00,11161
2024-01-18 12:00:00+00:00,2024-01-16 11:30:00+00:00,11161
2024-01-18 12:00:00+00:00,2024-01-16 15:30:00+00:00,10377
2024-01-18 12:00:00+00:00,2024-01-16 18:30:00+00:00,9404
2024-01-18 12:00:00+00:00,2024-01-16 22:30:00+00:00,9402
2024-01-18 12:00:00+00:00,2024-01-17 02:30:00+00:00,8371
2024-01-18 12:00:00+00:00,2024-01-17 04:30:00+00:00,8377
2024-01-18 12:00:00+00:00,2024-01-17 07:30:00+00:00,8590
2024-01-18 12:00:00+00:00,2024-01-17 09:30:00+00:00,8588
2024-01-18 12:00:00+00:00,2024-01-17 11:30:00+00:00,8595
2024-01-18 12:00:00+00:00,2024-01-17 15:30:00+00:00,9332
2024-01-18 12:00:00+00:00,2024-01-17 18:30:00+00:00,9744
2024-01-18 12:00:00+00:00,2024-01-17 22:30:00+00:00,9742
2024-01-18 13:00:00+00:00,2024-01-16 02:30:00+00:00,11197
2024-01-18 13:00:00+00:00,2024-01-16 04:30:00+00:00,11192
2024-01-18 13:00:00+00:00,2024-01-16 07:30:00+00:00,11327
2024-01-18 13:00:00+00:00,2024-01-16 09:30:00+00:00,11322
2024-01-18 13:00:00+00:00,2024-01-16 11:30:00+00:00,11323
2024-01-18 13:00:00+00:00,2024-01-16 15:30:00+00:00,10673
2024-01-18 13:00:00+00:00,2024-01-16 18:30:00+00:00,9840
2024-01-18 13:00:00+00:00,2024-01-16 22:30:00+00:00,9838
2024-01-18 13:00:00+00:00,2024-01-17 02:30:00+00:00,8899
2024-01-18 13:00:00+00:00,2024-01-17 04:30:00+00:00,8904
2024-01-18 13:00:00+00:00,2024-01-17 07:30:00+00:00,9413
2024-01-18 13:00:00+00:00,2024-01-17 09:30:00+00:00,9411
2024-01-18 13:00:00+00:00,2024-01-17 11:30:00+00:00,9422
2024-01-18 13:00:00+00:00,2024-01-17 15:30:00+00:00,10255
2024-01-18 13:00:00+00:00,2024-01-17 18:30:00+00:00,10490
2024-01-18 13:00:00+00:00,2024-01-17 22:30:00+00:00,10488
2024-01-18 14:00:00+00:00,2024-01-16 02:30:00+00:00,11294
2024-01-18 14:00:00+00:00,2024-01-16 04:30:00+00:00,11289
2024-01-18 14:00:00+00:00,2024-01-16 07:30:00+00:00,11486
2024-01-18 14:00:00+00:00,2024-01-16 09:30:00+00:00,11479
2024-01-18 14:00:00+00:00,2024-01-16 11:30:00+00:00,11481
2024-01-18 14:00:00+00:00,2024-01-16 15:30:00+00:00,10956
2024-01-18 14:00:00+00:00,2024-01-16 18:30:00+00:00,10272
2024-01-18 14:00:00+00:00,2024-01-16 22:30:00+00:00,10269
2024-01-18 14:00:00+00:00,2024-01-17 02:30:00+00:00,9337
2024-01-18 14:00:00+00:00,2024-01-17 04:30:00+00:00,9340
2024-01-18 14:00:00+00:00,2024-01-17 07:30:00+00:00,9946
2024-01-18 14:00:00+00:00,2024-01-17 09:30:00+00:00,9945
2024-01-18 14:00:00+00:00,2024-01-17 11:30:00+00:00,9962
2024-01-18 14:00:00+00:00,2024-01-17 15:30:00+00:00,10623
2024-01-18 14:00:00+00:00,2024-01-17 18:30:00+00:00,11105
2024-01-18 14:00:00+00:00,2024-01-17 22:30:00+00:00,11106
2024-01-18 15:00:00+00:00,2024-01-16 02:30:00+00:00,11386
2024-01-18 15:00:00+00:00,2024-01-16 04:30:00+00:00,11381
2024-01-18 15:00:00+00:00,2024-01-16 07:30:00+00:00,11641
2024-01-18 15:00:00+00:00,2024-01-16 09:30:00+00:00,11634
2024-01-18 15:00:00+00:00,2024-01-16 11:30:00+00:00,11637
2024-01-18 15:00:00+00:00,2024-01-16 15:30:00+00:00,11225
2024-01-18 15:00:00+00:00,2024-01-16 18:30:00+00:00,10686
2024-01-18 15:00:00+00:00,2024-01-16 22:30:00+00:00,10683
2024-01-18 15:00:00+00:00,2024-01-17 02:30:00+00:00,9695
2024-01-18 15:00:00+00:00,2024-01-17 04:30:00+00:00,9710
2024-01-18 15:00:00+00:00,2024-01-17 07:30:00+00:00,10443
2024-01-18 15:00:00+00:00,2024-01-17 09:30:00+00:00,10447
2024-01-18 15:00:00+00:00,2024-01-17 11:30:00+00:00,10460
2024-01-18 15:00:00+00:00,2024-01-17 15:30:00+00:00,11230
2024-01-18 15:00:00+00:00,2024-01-17 18:30:00+00:00,11210
2024-01-18 15:00:00+00:00,2024-01-17 22:30:00+00:00,11213
2024-01-18 16:00:00+00:00,2024-01-16 02:30:00+00:00,11636
2024-01-18 16:00:00+00:00,2024-01-16 04:30:00+00:00,11631
2024-01-18 16:00:00+00:00,2024-01-16 07:30:00+00:00,11921
2024-01-18 16:00:00+00:00,2024-01-16 09:30:00+00:00,11913
2024-01-18 16:00:00+00:00,2024-01-16 11:30:00+00:00,11917
2024-01-18 16:00:00+00:00,2024-01-16 15:30:00+00:00,11411
2024-01-18 16:00:00+00:00,2024-01-16 18:30:00+00:00,10847
2024-01-18 16:00:00+00:00,2024-01-16 22:30:00+00:00,10843
2024-01-18 16:00:00+00:00,2024-01-17 02:30:00+00:00,11406
2024-01-18 16:00:00+00:00,2024-01-17 04:30:00+00:00,11413
2024-01-18 16:00:00+00:00,2024-01-17 07:30:00+00:00,11189
2024-01-18 16:00:00+00:00,2024-01-17 09:30:00+00:00,11193
2024-01-18 16:00:00+00:00,2024-01-17 11:30:00+00:00,11201
2024-01-18 16:00:00+00:00,2024-01-17 15:30:00+00:00,11544
2024-01-18 16:00:00+00:00,2024-01-17 18:30:00+00:00,11741
2024-01-18 16:00:00+00:00,2024-01-17 22:30:00+00:00,11743
2024-01-18 17:00:00+00:00,2024-01-16 02:30:00+00:00,11868
2024-01-18 17:00:00+00:00,2024-01-16 04:30:00+00:00,11862
2024-01-18 17:00:00+00:00,2024-01-16 07:30:00+00:00,12186
2024-01-18 17:00:00+00:00,2024-01-16 09:30:00+00:00,12178
2024-01-18 17:00:00+00:00,2024-01-16 11:30:00+00:00,12183
2024-01-18 17:00:00+00:00,2024-01-16 15:30:00+00:00,11591
2024-01-18 17:00:00+00:00,2024-01-16 18:30:00+00:00,10997
2024-01-18 17:00:00+00:00,2024-01-16 22:30:00+00:00,10993
2024-01-18 17:00:00+00:00,2024-01-17 02:30:00+00:00,11606
2024-01-18 17:00:00+00:00,2024-01-17 04:30:00+00:00,11604
2024-01-18 17:00:00+00:00,2024-01-17 07:30:00+00:00,11691
2024-01-18 17:00:00+00:00,2024-01-17 09:30:00+00:00,11694
2024-01-18 17:00:00+00:00,2024-01-17 11:30:00+00:00,11708
2024-01-18 17:00:00+00:00,2024-01-17 15:30:00+00:00,12279
2024-01-18 17:00:00+00:00,2024-01-17 18:30:00+00:00,12397
2024-01-18 17:00:00+00:00,2024-01-17 22:30:00+00:00,12395
2024-01-18 18:00:00+00:00,2024-01-16 02:30:00+00:00,12083
2024-01-18 18:00:00+00:00,2024-01-16 04:30:00+00:00,12076
2024-01-18 18:00:00+00:00,2024-01-16 07:30:00+00:00,12435
2024-01-18 18:00:00+00:00,2024-01-16 09:30:00+00:00,12428
2024-01-18 18:00:00+00:00,2024-01-16 11:30:00+00:00,12433
2024-01-18 18:00:00+00:00,2024-01-16 15:30:00+00:00,11762
2024-01-18 18:00:00+00:00,2024-01-16 18:30:00+00:00,11135
2024-01-18 18:00:00+00:00,2024-01-16 22:30:00+00:00,11129
2024-01-18 18:00:00+00:00,2024-01-17 02:30:00+00:00,11781
2024-01-18 18:00:00+00:00,2024-01-17 04:30:00+00:00,11770
2024-01-18 18:00:00+00:00,2024-01-17 07:30:00+00:00,12077
2024-01-18 18:00:00+00:00,2024-01-17 09:30:00+00:00,12078
2024-01-18 18:00:00+00:00,2024-01-17 11:30:00+00:00,12087
2024-01-18 18:00:00+00:00,2024-01-17 15:30:00+00:00,12413
2024-01-18 18:00:00+00:00,2024-01-17 18:30:00+00:00,12557
2024-01-18 18:00:00+00:00,2024-01-17 22:30:00+00:00,12552
2024-01-18 19:00:00+00:00,2024-01-16 02:30:00+00:00,12134
2024-01-18 19:00:00+00:00,2024-01-16 04:30:00+00:00,12126
2024-01-18 19:00:00+00:00,2024-01-16 07:30:00+00:00,12500
2024-01-18 19:00:00+00:00,2024-01-16 09:30:00+00:00,12493
2024-01-18 19:00:00+00:00,2024-01-16 11:30:00+00:00,12494
2024-01-18 19:00:00+00:00,2024-01-16 15:30:00+00:00,11732
2024-01-18 19:00:00+00:00,2024-01-16 18:30:00+00:00,10994
2024-01-18 19:00:00+00:00,2024-01-16 22:30:00+00:00,10988
2024-01-18 19:00:00+00:00,2024-01-17 02:30:00+00:00,11583
2024-01-18 19:00:00+00:00,2024-01-17 04:30:00+00:00,11571
2024-01-18 19:00:00+00:00,2024-01-17 07:30:00+00:00,11728
2024-01-18 19:00:00+00:00,2024-01-17 09:30:00+00:00,11729
2024-01-18 19:00:00+00:00,2024-01-17 11:30:00+00:00,11738
2024-01-18 19:00:00+00:00,2024-01-17 15:30:00+00:00,12313
2024-01-18 19:00:00+00:00,2024-01-17 18:30:00+00:00,12508
2024-01-18 19:00:00+00:00,2024-01-17 22:30:00+00:00,12505
2024-01-18 20:00:00+00:00,2024-01-16 02:30:00+00:00,12156
2024-01-18 20:00:00+00:00,2024-01-16 04:30:00+00:00,12147
2024-01-18 20:00:00+00:00,2024-01-16 07:30:00+00:00,12535
2024-01-18 20:00:00+00:00,2024-01-16 09:30:00+00:00,12527
2024-01-18 20:00:00+00:00,2024-01-16 11:30:00+00:00,12524
2024-01-18 20:00:00+00:00,2024-01-16 15:30:00+00:00,11676
2024-01-18 20:00:00+00:00,2024-01-16 18:30:00+00:00,10840
2024-01-18 20:00:00+00:00,2024-01-16 22:30:00+00:00,10833
2024-01-18 20:00:00+00:00,2024-01-17 02:30:00+00:00,11368
2024-01-18 20:00:00+00:00,2024-01-17 04:30:00+00:00,11355
2024-01-18 20:00:00+00:00,2024-01-17 07:30:00+00:00,11537
2024-01-18 20:00:00+00:00,2024-01-17 09:30:00+00:00,11538
2024-01-18 20:00:00+00:00,2024-01-17 11:30:00+00:00,11549
2024-01-18 20:00:00+00:00,2024-01-17 15:30:00+00:00,11871
2024-01-18 20:00:00+00:00,2024-01-17 18:30:00+00:00,12214
2024-01-18 20:00:00+00:00,2024-01-17 22:30:00+00:00,12211
2024-01-18 21:00:00+00:00,2024-01-16 02:30:00+00:00,12176
2024-01-18 21:00:00+00:00,2024-01-16 04:30:00+00:00,12165
2024-01-18 21:00:00+00:00,2024-01-16 07:30:00+00:00,12566
2024-01-18 21:00:00+00:00,2024-01-16 09:30:00+00:00,12558
2024-01-18 21:00:00+00:00,2024-01-16 11:30:00+00:00,12551
2024-01-18 21:00:00+00:00,2024-01-16 15:30:00+00:00,11619
2024-01-18 21:00:00+00:00,2024-01-16 18:30:00+00:00,10694
2024-01-18 21:00:00+00:00,2024-01-16 22:30:00+00:00,10687
2024-01-18 21:00:00+00:00,2024-01-17 02:30:00+00:00,11160
2024-01-18 21:00:00+00:00,2024-01-17 04:30:00+00:00,11147
2024-01-18 21:00:00+00:00,2024-01-17 07:30:00+00:00,11563
2024-01-18 21:00:00+00:00,2024-01-17 09:30:00+00:00,11563
2024-01-18 21:00:00+00:00,2024-01-17 11:30:00+00:00,11566
2024-01-18 21:00:00+00:00,2024-01-17 15:30:00+00:00,11852
2024-01-18 21:00:00+00:00,2024-01-17 18:30:00+00:00,12120
2024-01-18 21:00:00+00:00,2024-01-17 22:30:00+00:00,12118
2024-01-18 21:00:00+00:00,2024-01-18 02:30:00+00:00,12315
2024-01-18 21:00:00+00:00,2024-01-18 04:30:00+00:00,12313
2024-01-18 21:00:00+00:00,2024-01-18 07:30:00+00:00,11960
2024-01-18 21:00:00+00:00,2024-01-18 09:30:00+00:00,11960
2024-01-18 21:00:00+00:00,2024-01-18 11:30:00+00:00,11962
2024-01-18 21:00:00+00:00,2024-01-18 15:30:00+00:00,11636
2024-01-18 21:00:00+00:00,2024-01-18 18:30:00+00:00,10971
2024-01-18 21:00:00+00:00,2024-01-18 22:30:00+00:00,10958
2024-01-18 22:00:00+00:00,2024-01-17 02:30:00+00:00,11243
2024-01-18 22:00:00+00:00,2024-01-17 04:30:00+00:00,11231
2024-01-18 22:00:00+00:00,2024-01-17 07:30:00+00:00,11913
2024-01-18 22:00:00+00:00,2024-01-17 09:30:00+00:00,11912
2024-01-18 22:00:00+00:00,2024-01-17 11:30:00+00:00,11897
2024-01-18 22:00:00+00:00,2024-01-17 15:30:00+00:00,11941
2024-01-18 22:00:00+00:00,2024-01-17 18:30:00+00:00,12118
2024-01-18 22:00:00+00:00,2024-01-17 22:30:00+00:00,12116
2024-01-18 22:00:00+00:00,2024-01-18 02:30:00+00:00,12284
2024-01-18 22:00:00+00:00,2024-01-18 04:30:00+00:00,12284
2024-01-18 22:00:00+00:00,2024-01-18 07:30:00+00:00,12063
2024-01-18 22:00:00+00:00,2024-01-18 09:30:00+00:00,12063
2024-01-18 22:00:00+00:00,2024-01-18 11:30:00+00:00,12065
2024-01-18 22:00:00+00:00,2024-01-18 15:30:00+00:00,11674
2024-01-18 22:00:00+00:00,2024-01-18 18:30:00+00:00,10846
2024-01-18 22:00:00+00:00,2024-01-18 22:30:00+00:00,10841
2024-01-18 23:00:00+00:00,2024-01-17 02:30:00+00:00,11316
2024-01-18 23:00:00+00:00,2024-01-17 04:30:00+00:00,11307
2024-01-18 23:00:00+00:00,2024-01-17 07:30:00+00:00,11897
2024-01-18 23:00:00+00:00,2024-01-17 09:30:00+00:00,11895
2024-01-18 23:00:00+00:00,2024-01-17 11:30:00+00:00,11873
2024-01-18 23:00:00+00:00,2024-01-17 15:30:00+00:00,12136
2024-01-18 23:00:00+00:00,2024-01-17 18:30:00+00:00,12383
2024-01-18 23:00:00+00:00,2024-01-17 22:30:00+00:00,12381
2024-01-18 23:00:00+00:00,2024-01-18 02:30:00+00:00,12527
2024-01-18 23:00:00+00:00,2024-01-18 04:30:00+00:00,12528
2024-01-18 23:00:00+00:00,2024-01-18 07:30:00+00:00,12280
2024-01-18 23:00:00+00:00,2024-01-18 09:30:00+00:00,12279
2024-01-18 23:00:00+00:00,2024-01-18 11:30:00+00:00,12283
2024-01-18 23:00:00+00:00,2024-01-18 15:30:00+00:00,11966
2024-01-18 23:00:00+00:00,2024-01-18 18:30:00+00:00,11190
2024-01-18 23:00:00+00:00,2024-01-18 22:30:00+00:00,11186
2024-01-19 00:00:00+00:00,2024-01-17 02:30:00+00:00,11379
2024-01-19 00:00:00+00:00,2024-01-17 04:30:00+00:00,11372
2024-01-19 00:00:00+00:00,2024-01-17 07:30:00+00:00,11878
2024-01-19 00:00:00+00:00,2024-01-17 09:30:00+00:00,11874
2024-01-19 00:00:00+00:00,2024-01-17 11:30:00+00:00,11851
2024-01-19 00:00:00+00:00,2024-01-17 15:30:00+00:00,12258
2024-01-19 00:00:00+00:00,2024-01-17 18:30:00+00:00,12468
2024-01-19 00:00:00+00:00,2024-01-17 22:30:00+00:00,12466
2024-01-19 00:00:00+00:00,2024-01-18 02:30:00+00:00,12629
2024-01-19 00:00:00+00:00,2024-01-18 04:30:00+00:00,12629
2024-01-19 00:00:00+00:00,2024-01-18 07:30:00+00:00,12382
2024-01-19 00:00:00+00:00,2024-01-18 09:30:00+00:00,12381
2024-01-19 00:00:00+00:00,2024-01-18 11:30:00+00:00,12386
2024-01-19 00:00:00+00:00,2024-01-18 15:30:00+00:00,12213
2024-01-19 00:00:00+00:00,2024-01-18 18:30:00+00:00,11629
2024-01-19 00:00:00+00:00,2024-01-18 22:30:00+00:00,11628
2024-01-19 01:00:00+00:00,2024-01-17 02:30:00+00:00,11621
2024-01-19 01:00:00+00:00,2024-01-17 04:30:00+00:00,11616
2024-01-19 01:00:00+00:00,2024-01-17 07:30:00+00:00,12124
2024-01-19 01:00:00+00:00,2024-01-17 09:30:00+00:00,12120
2024-01-19 01:00:00+00:00,2024-01-17 11:30:00+00:00,12082
2024-01-19 01:00:00+00:00,2024-01-17 15:30:00+00:00,12489
2024-01-19 01:00:00+00:00,2024-01-17 18:30:00+00:00,12743
2024-01-19 01:00:00+00:00,2024-01-17 22:30:00+00:00,12742
2024-01-19 01:00:00+00:00,2024-01-18 02:30:00+00:00,13003
2024-01-19 01:00:00+00:00,2024-01-18 04:30:00+00:00,13002
2024-01-19 01:00:00+00:00,2024-01-18 07:30:00+00:00,12849
2024-01-19 01:00:00+00:00,2024-01-18 09:30:00+00:00,12849
2024-01-19 01:00:00+00:00,2024-01-18 11:30:00+00:00,12852
2024-01-19 01:00:00+00:00,2024-01-18 15:30:00+00:00,12666
2024-01-19 01:00:00+00:00,2024-01-18 18:30:00+00:00,11977
2024-01-19 01:00:00+00:00,2024-01-18 22:30:00+00:00,11979
2024-01-19 02:00:00+00:00,2024-01-17 02:30:00+00:00,11878
2024-01-19 02:00:00+00:00,2024-01-17 04:30:00+00:00,11875
2024-01-19 02:00:00+00:00,2024-01-17 07:30:00+00:00,12370
2024-01-19 02:00:00+00:00,2024-01-17 09:30:00+00:00,12366
2024-01-19 02:00:00+00:00,2024-01-17 11:30:00+00:00,12329
2024-01-19 02:00:00+00:00,2024-01-17 15:30:00+00:00,12790
2024-01-19 02:00:00+00:00,2024-01-17 18:30:00+00:00,12932
2024-01-19 02:00:00+00:00,2024-01-17 22:30:00+00:00,12932
2024-01-19 02:00:00+00:00,2024-01-18 02:30:00+00:00,13085
2024-01-19 02:00:00+00:00,2024-01-18 04:30:00+00:00,13085
2024-01-19 02:00:00+00:00,2024-01-18 07:30:00+00:00,13034
2024-01-19 02:00:00+00:00,2024-01-18 09:30:00+00:00,13034
2024-01-19 02:00:00+00:00,2024-01-18 11:30:00+00:00,13033
2024-01-19 02:00:00+00:00,2024-01-18 15:30:00+00:00,12968
2024-01-19 02:00:00+00:00,2024-01-18 18:30:00+00:00,12317
2024-01-19 02:00:00+00:00,2024-01-18 22:30:00+00:00,12314
2024-01-19 03:00:00+00:00,2024-01-17 02:30:00+00:00,12142
2024-01-19 03:00:00+00:00,2024-01-17 04:30:00+00:00,12140
2024-01-19 03:00:00+00:00,2024-01-17 07:30:00+00:00,12610
2024-01-19 03:00:00+00:00,2024-01-17 09:30:00+00:00,12606
2024-01-19 03:00:00+00:00,2024-01-17 11:30:00+00:00,12577
2024-01-19 03:00:00+00:00,2024-01-17 15:30:00+00:00,13023
2024-01-19 03:00:00+00:00,2024-01-17 18:30:00+00:00,13117
2024-01-19 03:00:00+00:00,2024-01-17 22:30:00+00:00,13116
2024-01-19 03:00:00+00:00,2024-01-18 02:30:00+00:00,13268
2024-01-19 03:00:00+00:00,2024-01-18 04:30:00+00:00,13271
2024-01-19 03:00:00+00:00,2024-01-18 07:30:00+00:00,13210
2024-01-19 03:00:00+00:00,2024-01-18 09:30:00+00:00,13210
2024-01-19 03:00:00+00:00,2024-01-18 11:30:00+00:00,13207
2024-01-19 03:00:00+00:00,2024-01-18 15:30:00+00:00,13121
2024-01-19 03:00:00+00:00,2024-01-18 18:30:00+00:00,12506
2024-01-19 03:00:00+00:00,2024-01-18 22:30:00+00:00,12507
2024-01-19 04:00:00+00:00,2024-01-17 02:30:00+00:00,12467
2024-01-19 04:00:00+00:00,2024-01-17 04:30:00+00:00,12467
2024-01-19 04:00:00+00:00,2024-01-17 07:30:00+00:00,12878
2024-01-19 04:00:00+00:00,2024-01-17 09:30:00+00:00,12874
2024-01-19 04:00:00+00:00,2024-01-17 11:30:00+00:00,12856
2024-01-19 04:00:00+00:00,2024-01-17 15:30:00+00:00,13252
2024-01-19 04:00:00+00:00,2024-01-17 18:30:00+00:00,13536
2024-01-19 04:00:00+00:00,2024-01-17 22:30:00+00:00,13536
2024-01-19 04:00:00+00:00,2024-01-18 02:30:00+00:00,13577
2024-01-19 04:00:00+00:00,2024-01-18 04:30:00+00:00,13578
2024-01-19 04:00:00+00:00,2024-01-18 07:30:00+00:00,13459
2024-01-19 04:00:00+00:00,2024-01-18 09:30:00+00:00,13459
2024-01-19 04:00:00+00:00,2024-01-18 11:30:00+00:00,13458
2024-01-19 04:00:00+00:00,2024-01-18 15:30:00+00:00,13401
2024-01-19 04:00:00+00:00,2024-01-18 18:30:00+00:00,12789
2024-01-19 04:00:00+00:00,2024-01-18 22:30:00+00:00,12790
2024-01-19 05:00:00+00:00,2024-01-17 02:30:00+00:00,12785
2024-01-19 05:00:00+00:00,2024-01-17 04:30:00+00:00,12786
2024-01-19 05:00:00+00:00,2024-01-17 07:30:00+00:00,13143
2024-01-19 05:00:00+00:00,2024-01-17 09:30:00+00:00,13139
2024-01-19 05:00:00+00:00,2024-01-17 11:30:00+00:00,13130
2024-01-19 05:00:00+00:00,2024-01-17 15:30:00+00:00,13547
2024-01-19 05:00:00+00:00,2024-01-17 18:30:00+00:00,13792
2024-01-19 05:00:00+00:00,2024-01-17 22:30:00+00:00,13792
2024-01-19 05:00:00+00:00,2024-01-18 02:30:00+00:00,13877
2024-01-19 05:00:00+00:00,2024-01-18 04:30:00+00:00,13877
2024-01-19 05:00:00+00:00,2024-01-18 07:30:00+00:00,13820
2024-01-19 05:00:00+00:00,2024-01-18 09:30:00+00:00,13820
2024-01-19 05:00:00+00:00,2024-01-18 11:30:00+00:00,13819
2024-01-19 05:00:00+00:00,2024-01-18 15:30:00+00:00,13745
2024-01-19 05:00:00+00:00,2024-01-18 18:30:00+00:00,13026
2024-01-19 05:00:00+00:00,2024-01-18 22:30:00+00:00,13026
2024-01-19 06:00:00+00:00,2024-01-17 02:30:00+00:00,13079
2024-01-19 06:00:00+00:00,2024-01-17 04:30:00+00:00,13081
2024-01-19 06:00:00+00:00,2024-01-17 07:30:00+00:00,13382
2024-01-19 06:00:00+00:00,2024-01-17 09:30:00+00:00,13378
2024-01-19 06:00:00+00:00,2024-01-17 11:30:00+00:00,13377
2024-01-19 06:00:00+00:00,2024-01-17 15:30:00+00:00,13804
2024-01-19 06:00:00+00:00,2024-01-17 18:30:00+00:00,13941
2024-01-19 06:00:00+00:00,2024-01-17 22:30:00+00:00,13940
2024-01-19 06:00:00+00:00,2024-01-18 02:30:00+00:00,14055
2024-01-19 06:00:00+00:00,2024-01-18 04:30:00+00:00,14060
2024-01-19 06:00:00+00:00,2024-01-18 07:30:00+00:00,13961
2024-01-19 06:00:00+00:00,2024-01-18 09:30:00+00:00,13960
2024-01-19 06:00:00+00:00,2024-01-18 11:30:00+00:00,13960
2024-01-19 06:00:00+00:00,2024-01-18 15:30:00+00:00,13882
2024-01-19 06:00:00+00:00,2024-01-18 18:30:00+00:00,13209
2024-01-19 06:00:00+00:00,2024-01-18 22:30:00+00:00,13208
2024-01-19 07:00:00+00:00,2024-01-17 02:30:00+00:00,13391
2024-01-19 07:00:00+00:00,2024-01-17 04:30:00+00:00,13393
2024-01-19 07:00:00+00:00,2024-01-17 07:30:00+00:00,13585
2024-01-19 07:00:00+00:00,2024-01-17 09:30:00+00:00,13582
2024-01-19 07:00:00+00:00,2024-01-17 11:30:00+00:00,13581
2024-01-19 07:00:00+00:00,2024-01-17 15:30:00+00:00,13976
2024-01-19 07:00:00+00:00,2024-01-17 18:30:00+00:00,14068
2024-01-19 07:00:00+00:00,2024-01-17 22:30:00+00:00,14069
2024-01-19 07:00:00+00:00,2024-01-18 02:30:00+00:00,14218
2024-01-19 07:00:00+00:00,2024-01-18 04:30:00+00:00,14218
2024-01-19 07:00:00+00:00,2024-01-18 07:30:00+00:00,14176
2024-01-19 07:00:00+00:00,2024-01-18 09:30:00+00:00,14176
2024-01-19 07:00:00+00:00,2024-01-18 11:30:00+00:00,14177
2024-01-19 07:00:00+00:00,2024-01-18 15:30:00+00:00,14037
2024-01-19 07:00:00+00:00,2024-01-18 18:30:00+00:00,13365
2024-01-19 07:00:00+00:00,2024-01-18 22:30:00+00:00,13365
2024-01-19 08:00:00+00:00,2024-01-17 02:30:00+00:00,13666
2024-01-19 08:00:00+00:00,2024-01-17 04:30:00+00:00,13669
2024-01-19 08:00:00+00:00,2024-01-17 07:30:00+00:00,13756
2024-01-19 08:00:00+00:00,2024-01-17 09:30:00+00:00,13753
2024-01-19 08:00:00+00:00,2024-01-17 11:30:00+00:00,13752
2024-01-19 08:00:00+00:00,2024-01-17 15:30:00+00:00,14113
2024-01-19 08:00:00+00:00,2024-01-17 18:30:00+00:00,14252
2024-01-19 08:00:00+00:00,2024-01-17 22:30:00+00:00,14253
2024-01-19 08:00:00+00:00,2024-01-18 02:30:00+00:00,14380
2024-01-19 08:00:00+00:00,2024-01-18 04:30:00+00:00,14380
2024-01-19 08:00:00+00:00,2024-01-18 07:30:00+00:00,14328
2024-01-19 08:00:00+00:00,2024-01-18 09:30:00+00:00,14328
2024-01-19 08:00:00+00:00,2024-01-18 11:30:00+00:00,14328
2024-01-19 08:00:00+00:00,2024-01-18 15:30:00+00:00,14242
2024-01-19 08:00:00+00:00,2024-01-18 18:30:00+00:00,13655
2024-01-19 08:00:00+00:00,2024-01-18 22:30:00+00:00,13655
2024-01-19 09:00:00+00:00,2024-01-17 02:30:00+00:00,13902
2024-01-19 09:00:00+00:00,2024-01-17 04:30:00+00:00,13905
2024-01-19 09:00:00+00:00,2024-01-17 07:30:00+00:00,13891
2024-01-19 09:00:00+00:00,2024-01-17 09:30:00+00:00,13889
2024-01-19 09:00:00+00:00,2024-01-17 11:30:00+00:00,13888
2024-01-19 09:00:00+00:00,2024-01-17 15:30:00+00:00,14213
2024-01-19 09:00:00+00:00,2024-01-17 18:30:00+00:00,14282
2024-01-19 09:00:00+00:00,2024-01-17 22:30:00+00:00,14282
2024-01-19 09:00:00+00:00,2024-01-18 02:30:00+00:00,14435
2024-01-19 09:00:00+00:00,2024-01-18 04:30:00+00:00,14441
2024-01-19 09:00:00+00:00,2024-01-18 07:30:00+00:00,14411
2024-01-19 09:00:00+00:00,2024-01-18 09:30:00+00:00,14411
2024-01-19 09:00:00+00:00,2024-01-18 11:30:00+00:00,14409
2024-01-19 09:00:00+00:00,2024-01-18 15:30:00+00:00,14357
2024-01-19 09:00:00+00:00,2024-01-18 18:30:00+00:00,13950
2024-01-19 09:00:00+00:00,2024-01-18 22:30:00+00:00,13950
2024-01-19 10:00:00+00:00,2024-01-17 02:30:00+00:00,14052
2024-01-19 10:00:00+00:00,2024-01-17 04:30:00+00:00,14053
2024-01-19 10:00:00+00:00,2024-01-17 07:30:00+00:00,14042
2024-01-19 10:00:00+00:00,2024-01-17 09:30:00+00:00,14040
2024-01-19 10:00:00+00:00,2024-01-17 11:30:00+00:00,14039
2024-01-19 10:00:00+00:00,2024-01-17 15:30:00+00:00,14293
2024-01-19 10:00:00+00:00,2024-01-17 18:30:00+00:00,14625
2024-01-19 10:00:00+00:00,2024-01-17 22:30:00+00:00,14624
2024-01-19 10:00:00+00:00,2024-01-18 02:30:00+00:00,14610
2024-01-19 10:00:00+00:00,2024-01-18 04:30:00+00:00,14609
2024-01-19 10:00:00+00:00,2024-01-18 07:30:00+00:00,14436
2024-01-19 10:00:00+00:00,2024-01-18 09:30:00+00:00,14437
2024-01-19 10:00:00+00:00,2024-01-18 11:30:00+00:00,14437
2024-01-19 10:00:00+00:00,2024-01-18 15:30:00+00:00,14361
2024-01-19 10:00:00+00:00,2024-01-18 18:30:00+00:00,14073
2024-01-19 10:00:00+00:00,2024-01-18 22:30:00+00:00,14073
2024-01-19 11:00:00+00:00,2024-01-17 02:30:00+00:00,14161
2024-01-19 11:00:00+00:00,2024-01-17 04:30:00+00:00,14160
2024-01-19 11:00:00+00:00,2024-01-17 07:30:00+00:00,14157
2024-01-19 11:00:00+00:00,2024-01-17 09:30:00+00:00,14155
2024-01-19 11:00:00+00:00,2024-01-17 11:30:00+00:00,14155
2024-01-19 11:00:00+00:00,2024-01-17 15:30:00+00:00,14338
2024-01-19 11:00:00+00:00,2024-01-17 18:30:00+00:00,14635
2024-01-19 11:00:00+00:00,2024-01-17 22:30:00+00:00,14634
2024-01-19 11:00:00+00:00,2024-01-18 02:30:00+00:00,14542
2024-01-19 11:00:00+00:00,2024-01-18 04:30:00+00:00,14542
2024-01-19 11:00:00+00:00,2024-01-18 07:30:00+00:00,14344
2024-01-19 11:00:00+00:00,2024-01-18 09:30:00+00:00,14345
2024-01-19 11:00:00+00:00,2024-01-18 11:30:00+00:00,14345
2024-01-19 11:00:00+00:00,2024-01-18 15:30:00+00:00,14322
2024-01-19 11:00:00+00:00,2024-01-18 18:30:00+00:00,14155
2024-01-19 11:00:00+00:00,2024-01-18 22:30:00+00:00,14155
2024-01-19 12:00:00+00:00,2024-01-17 02:30:00+00:00,14227
2024-01-19 12:00:00+00:00,2024-01-17 04:30:00+00:00,14222
2024-01-19 12:00:00+00:00,2024-01-17 07:30:00+00:00,14236
2024-01-19 12:00:00+00:00,2024-01-17 09:30:00+00:00,14235
2024-01-19 12:00:00+00:00,2024-01-17 11:30:00+00:00,14236
2024-01-19 12:00:00+00:00,2024-01-17 15:30:00+00:00,14346
2024-01-19 12:00:00+00:00,2024-01-17 18:30:00+00:00,14594
2024-01-19 12:00:00+00:00,2024-01-17 22:30:00+00:00,14592
2024-01-19 12:00:00+00:00,2024-01-18 02:30:00+00:00,14535
2024-01-19 12:00:00+00:00,2024-01-18 04:30:00+00:00,14540
2024-01-19 12:00:00+00:00,2024-01-18 07:30:00+00:00,14415
2024-01-19 12:00:00+00:00,2024-01-18 09:30:00+00:00,14416
2024-01-19 12:00:00+00:00,2024-01-18 11:30:00+00:00,14411
2024-01-19 12:00:00+00:00,2024-01-18 15:30:00+00:00,14460
2024-01-19 12:00:00+00:00,2024-01-18 18:30:00+00:00,14286
2024-01-19 12:00:00+00:00,2024-01-18 22:30:00+00:00,14285
2024-01-19 13:00:00+00:00,2024-01-17 02:30:00+00:00,14104
2024-01-19 13:00:00+00:00,2024-01-17 04:30:00+00:00,14097
2024-01-19 13:00:00+00:00,2024-01-17 07:30:00+00:00,14178
2024-01-19 13:00:00+00:00,2024-01-17 09:30:00+00:00,14177
2024-01-19 13:00:00+00:00,2024-01-17 11:30:00+00:00,14179
2024-01-19 13:00:00+00:00,2024-01-17 15:30:00+00:00,14276
2024-01-19 13:00:00+00:00,2024-01-17 18:30:00+00:00,14463
2024-01-19 13:00:00+00:00,2024-01-17 22:30:00+00:00,14461
2024-01-19 13:00:00+00:00,2024-01-18 02:30:00+00:00,14614
2024-01-19 13:00:00+00:00,2024-01-18 04:30:00+00:00,14614
2024-01-19 13:00:00+00:00,2024-01-18 07:30:00+00:00,14464
2024-01-19 13:00:00+00:00,2024-01-18 09:30:00+00:00,14465
2024-01-19 13:00:00+00:00,2024-01-18 11:30:00+00:00,14463
2024-01-19 13:00:00+00:00,2024-01-18 15:30:00+00:00,14398
2024-01-19 13:00:00+00:00,2024-01-18 18:30:00+00:00,14224
2024-01-19 13:00:00+00:00,2024-01-18 22:30:00+00:00,14224
2024-01-19 14:00:00+00:00,2024-01-17 02:30:00+00:00,13943
2024-01-19 14:00:00+00:00,2024-01-17 04:30:00+00:00,13934
2024-01-19 14:00:00+00:00,2024-01-17 07:30:00+00:00,14093
2024-01-19 14:00:00+00:00,2024-01-17 09:30:00+00:00,14093
2024-01-19 14:00:00+00:00,2024-01-17 11:30:00+00:00,14096
2024-01-19 14:00:00+00:00,2024-01-17 15:30:00+00:00,14186
2024-01-19 14:00:00+00:00,2024-01-17 18:30:00+00:00,14301
2024-01-19 14:00:00+00:00,2024-01-17 22:30:00+00:00,14299
2024-01-19 14:00:00+00:00,2024-01-18 02:30:00+00:00,14374
2024-01-19 14:00:00+00:00,2024-01-18 04:30:00+00:00,14374
2024-01-19 14:00:00+00:00,2024-01-18 07:30:00+00:00,14184
2024-01-19 14:00:00+00:00,2024-01-18 09:30:00+00:00,14185
2024-01-19 14:00:00+00:00,2024-01-18 11:30:00+00:00,14185
2024-01-19 14:00:00+00:00,2024-01-18 15:30:00+00:00,14163
2024-01-19 14:00:00+00:00,2024-01-18 18:30:00+00:00,14099
2024-01-19 14:00:00+00:00,2024-01-18 22:30:00+00:00,14102
2024-01-19 15:00:00+00:00,2024-01-17 02:30:00+00:00,13750
2024-01-19 15:00:00+00:00,2024-01-17 04:30:00+00:00,13738
2024-01-19 15:00:00+00:00,2024-01-17 07:30:00+00:00,13983
2024-01-19 15:00:00+00:00,2024-01-17 09:30:00+00:00,13982
2024-01-19 15:00:00+00:00,2024-01-17 11:30:00+00:00,13986
2024-01-19 15:00:00+00:00,2024-01-17 15:30:00+00:00,14077
2024-01-19 15:00:00+00:00,2024-01-17 18:30:00+00:00,14113
2024-01-19 15:00:00+00:00,2024-01-17 22:30:00+00:00,14112
2024-01-19 15:00:00+00:00,2024-01-18 02:30:00+00:00,13954
2024-01-19 15:00:00+00:00,2024-01-18 04:30:00+00:00,13961
2024-01-19 15:00:00+00:00,2024-01-18 07:30:00+00:00,13850
2024-01-19 15:00:00+00:00,2024-01-18 09:30:00+00:00,13851
2024-01-19 15:00:00+00:00,2024-01-18 11:30:00+00:00,13846
2024-01-19 15:00:00+00:00,2024-01-18 15:30:00+00:00,13933
2024-01-19 15:00:00+00:00,2024-01-18 18:30:00+00:00,13846
2024-01-19 15:00:00+00:00,2024-01-18 22:30:00+00:00,13848
2024-01-19 16:00:00+00:00,2024-01-17 02:30:00+00:00,13553
2024-01-19 16:00:00+00:00,2024-01-17 04:30:00+00:00,13541
2024-01-19 16:00:00+00:00,2024-01-17 07:30:00+00:00,13856
2024-01-19 16:00:00+00:00,2024-01-17 09:30:00+00:00,13855
2024-01-19 16:00:00+00:00,2024-01-17 11:30:00+00:00,13860
2024-01-19 16:00:00+00:00,2024-01-17 15:30:00+00:00,13909
2024-01-19 16:00:00+00:00,2024-01-17 18:30:00+00:00,13886
2024-01-19 16:00:00+00:00,2024-01-17 22:30:00+00:00,13884
2024-01-19 16:00:00+00:00,2024-01-18 02:30:00+00:00,14184
2024-01-19 16:00:00+00:00,2024-01-18 04:30:00+00:00,14188
2024-01-19 16:00:00+00:00,2024-01-18 07:30:00+00:00,13753
2024-01-19 16:00:00+00:00,2024-01-18 09:30:00+00:00,13754
2024-01-19 16:00:00+00:00,2024-01-18 11:30:00+00:00,13754
2024-01-19 16:00:00+00:00,2024-01-18 15:30:00+00:00,13622
2024-01-19 16:00:00+00:00,2024-01-18 18:30:00+00:00,13435
2024-01-19 16:00:00+00:00,2024-01-18 22:30:00+00:00,13437
2024-01-19 17:00:00+00:00,2024-01-17 02:30:00+00:00,13334
2024-01-19 17:00:00+00:00,2024-01-17 04:30:00+00:00,13324
2024-01-19 17:00:00+00:00,2024-01-17 07:30:00+00:00,13708
2024-01-19 17:00:00+00:00,2024-01-17 09:30:00+00:00,13706
2024-01-19 17:00:00+00:00,2024-01-17 11:30:00+00:00,13712
2024-01-19 17:00:00+00:00,2024-01-17 15:30:00+00:00,13721
2024-01-19 17:00:00+00:00,2024-01-17 18:30:00+00:00,13640
2024-01-19 17:00:00+00:00,2024-01-17 22:30:00+00:00,13637
2024-01-19 17:00:00+00:00,2024-01-18 02:30:00+00:00,13934
2024-01-19 17:00:00+00:00,2024-01-18 04:30:00+00:00,13933
2024-01-19 17:00:00+00:00,2024-01-18 07:30:00+00:00,13558
2024-01-19 17:00:00+00:00,2024-01-18 09:30:00+00:00,13559
2024-01-19 17:00:00+00:00,2024-01-18 11:30:00+00:00,13559
2024-01-19 17:00:00+00:00,2024-01-18 15:30:00+00:00,13421
2024-01-19 17:00:00+00:00,2024-01-18 18:30:00+00:00,13281
2024-01-19 17:00:00+00:00,2024-01-18 22:30:00+00:00,13283
2024-01-19 18:00:00+00:00,2024-01-17 02:30:00+00:00,13105
2024-01-19 18:00:00+00:00,2024-01-17 04:30:00+00:00,13096
2024-01-19 18:00:00+00:00,2024-01-17 07:30:00+00:00,13544
2024-01-19 18:00:00+00:00,2024-01-17 09:30:00+00:00,13542
2024-01-19 18:00:00+00:00,2024-01-17 11:30:00+00:00,13548
2024-01-19 18:00:00+00:00,2024-01-17 15:30:00+00:00,13517
2024-01-19 18:00:00+00:00,2024-01-17 18:30:00+00:00,13385
2024-01-19 18:00:00+00:00,2024-01-17 22:30:00+00:00,13381
2024-01-19 18:00:00+00:00,2024-01-18 02:30:00+00:00,13691
2024-01-19 18:00:00+00:00,2024-01-18 04:30:00+00:00,13683
2024-01-19 18:00:00+00:00,2024-01-18 07:30:00+00:00,13460
2024-01-19 18:00:00+00:00,2024-01-18 09:30:00+00:00,13460
2024-01-19 18:00:00+00:00,2024-01-18 11:30:00+00:00,13454
2024-01-19 18:00:00+00:00,2024-01-18 15:30:00+00:00,13426
2024-01-19 18:00:00+00:00,2024-01-18 18:30:00+00:00,13334
2024-01-19 18:00:00+00:00,2024-01-18 22:30:00+00:00,13337
2024-01-19 19:00:00+00:00,2024-01-17 02:30:00+00:00,13308
2024-01-19 19:00:00+00:00,2024-01-17 04:30:00+00:00,13297
2024-01-19 19:00:00+00:00,2024-01-17 07:30:00+00:00,13772
2024-01-19 19:00:00+00:00,2024-01-17 09:30:00+00:00,13769
2024-01-19 19:00:00+00:00,2024-01-17 11:30:00+00:00,13775
2024-01-19 19:00:00+00:00,2024-01-17 15:30:00+00:00,13699
2024-01-19 19:00:00+00:00,2024-01-17 18:30:00+00:00,13593
2024-01-19 19:00:00+00:00,2024-01-17 22:30:00+00:00,13588
2024-01-19 19:00:00+00:00,2024-01-18 02:30:00+00:00,13906
2024-01-19 19:00:00+00:00,2024-01-18 04:30:00+00:00,13895
2024-01-19 19:00:00+00:00,2024-01-18 07:30:00+00:00,13553
2024-01-19 19:00:00+00:00,2024-01-18 09:30:00+00:00,13554
2024-01-19 19:00:00+00:00,2024-01-18 11:30:00+00:00,13554
2024-01-19 19:00:00+00:00,2024-01-18 15:30:00+00:00,13506
2024-01-19 19:00:00+00:00,2024-01-18 18:30:00+00:00,13464
2024-01-19 19:00:00+00:00,2024-01-18 22:30:00+00:00,13468
2024-01-19 20:00:00+00:00,2024-01-17 02:30:00+00:00,13507
2024-01-19 20:00:00+00:00,2024-01-17 04:30:00+00:00,13494
2024-01-19 20:00:00+00:00,2024-01-17 07:30:00+00:00,13993
2024-01-19 20:00:00+00:00,2024-01-17 09:30:00+00:00,13989
2024-01-19 20:00:00+00:00,2024-01-17 11:30:00+00:00,13994
2024-01-19 20:00:00+00:00,2024-01-17 15:30:00+00:00,13874
2024-01-19 20:00:00+00:00,2024-01-17 18:30:00+00:00,13794
2024-01-19 20:00:00+00:00,2024-01-17 22:30:00+00:00,13789
2024-01-19 20:00:00+00:00,2024-01-18 02:30:00+00:00,14116
2024-01-19 20:00:00+00:00,2024-01-18 04:30:00+00:00,14103
2024-01-19 20:00:00+00:00,2024-01-18 07:30:00+00:00,13804
2024-01-19 20:00:00+00:00,2024-01-18 09:30:00+00:00,13804
2024-01-19 20:00:00+00:00,2024-01-18 11:30:00+00:00,13810
2024-01-19 20:00:00+00:00,2024-01-18 15:30:00+00:00,13683
2024-01-19 20:00:00+00:00,2024-01-18 18:30:00+00:00,13676
2024-01-19 20:00:00+00:00,2024-01-18 22:30:00+00:00,13678
2024-01-19 21:00:00+00:00,2024-01-17 02:30:00+00:00,13701
2024-01-19 21:00:00+00:00,2024-01-17 04:30:00+00:00,13686
2024-01-19 21:00:00+00:00,2024-01-17 07:30:00+00:00,14205
2024-01-19 21:00:00+00:00,2024-01-17 09:30:00+00:00,14200
2024-01-19 21:00:00+00:00,2024-01-17 11:30:00+00:00,14204
2024-01-19 21:00:00+00:00,2024-01-17 15:30:00+00:00,14042
2024-01-19 21:00:00+00:00,2024-01-17 18:30:00+00:00,13989
2024-01-19 21:00:00+00:00,2024-01-17 22:30:00+00:00,13982
2024-01-19 21:00:00+00:00,2024-01-18 02:30:00+00:00,14319
2024-01-19 21:00:00+00:00,2024-01-18 04:30:00+00:00,14303
2024-01-19 21:00:00+00:00,2024-01-18 07:30:00+00:00,14037
2024-01-19 21:00:00+00:00,2024-01-18 09:30:00+00:00,14036
2024-01-19 21:00:00+00:00,2024-01-18 11:30:00+00:00,14035
2024-01-19 21:00:00+00:00,2024-01-18 15:30:00+00:00,13944
2024-01-19 21:00:00+00:00,2024-01-18 18:30:00+00:00,13905
2024-01-19 21:00:00+00:00,2024-01-18 22:30:00+00:00,13906
2024-01-19 21:00:00+00:00,2024-01-19 02:30:00+00:00,14192
2024-01-19 21:00:00+00:00,2024-01-19 04:30:00+00:00,14198
2024-01-19 21:00:00+00:00,2024-01-19 07:30:00+00:00,14495
2024-01-19 21:00:00+00:00,2024-01-19 09:30:00+00:00,14495
2024-01-19 21:00:00+00:00,2024-01-19 11:30:00+00:00,14501
2024-01-19 21:00:00+00:00,2024-01-19 15:30:00+00:00,14993
2024-01-19 21:00:00+00:00,2024-01-19 18:30:00+00:00,15568
2024-01-19 21:00:00+00:00,2024-01-19 22:30:00+00:00,15569
2024-01-19 22:00:00+00:00,2024-01-18 02:30:00+00:00,14817
2024-01-19 22:00:00+00:00,2024-01-18 04:30:00+00:00,14800
2024-01-19 22:00:00+00:00,2024-01-18 07:30:00+00:00,14524
2024-01-19 22:00:00+00:00,2024-01-18 09:30:00+00:00,14522
2024-01-19 22:00:00+00:00,2024-01-18 11:30:00+00:00,14502
2024-01-19 22:00:00+00:00,2024-01-18 15:30:00+00:00,14350
2024-01-19 22:00:00+00:00,2024-01-18 18:30:00+00:00,14313
2024-01-19 22:00:00+00:00,2024-01-18 22:30:00+00:00,14312
2024-01-19 22:00:00+00:00,2024-01-19 02:30:00+00:00,14694
2024-01-19 22:00:00+00:00,2024-01-19 04:30:00+00:00,14699
2024-01-19 22:00:00+00:00,2024-01-19 07:30:00+00:00,14923
2024-01-19 22:00:00+00:00,2024-01-19 09:30:00+00:00,14924
2024-01-19 22:00:00+00:00,2024-01-19 11:30:00+00:00,14928
2024-01-19 22:00:00+00:00,2024-01-19 15:30:00+00:00,15460
2024-01-19 22:00:00+00:00,2024-01-19 18:30:00+00:00,15968
2024-01-19 22:00:00+00:00,2024-01-19 22:30:00+00:00,15965
2024-01-19 23:00:00+00:00,2024-01-18 02:30:00+00:00,15305
2024-01-19 23:00:00+00:00,2024-01-18 04:30:00+00:00,15287
2024-01-19 23:00:00+00:00,2024-01-18 07:30:00+00:00,14995
2024-01-19 23:00:00+00:00,2024-01-18 09:30:00+00:00,14992
2024-01-19 23:00:00+00:00,2024-01-18 11:30:00+00:00,14958
2024-01-19 23:00:00+00:00,2024-01-18 15:30:00+00:00,14849
2024-01-19 23:00:00+00:00,2024-01-18 18:30:00+00:00,14865
2024-01-19 23:00:00+00:00,2024-01-18 22:30:00+00:00,14862
2024-01-19 23:00:00+00:00,2024-01-19 02:30:00+00:00,15233
2024-01-19 23:00:00+00:00,2024-01-19 04:30:00+00:00,15240
2024-01-19 23:00:00+00:00,2024-01-19 07:30:00+00:00,15462
2024-01-19 23:00:00+00:00,2024-01-19 09:30:00+00:00,15462
2024-01-19 23:00:00+00:00,2024-01-19 11:30:00+00:00,15469
2024-01-19 23:00:00+00:00,2024-01-19 15:30:00+00:00,16013
2024-01-19 23:00:00+00:00,2024-01-19 18:30:00+00:00,16409
2024-01-19 23:00:00+00:00,2024-01-19 22:30:00+00:00,16405
2024-01-20 00:00:00+00:00,2024-01-18 02:30:00+00:00,15755
2024-01-20 00:00:00+00:00,2024-01-18 04:30:00+00:00,15736
2024-01-20 00:00:00+00:00,2024-01-18 07:30:00+00:00,15444
2024-01-20 00:00:00+00:00,2024-01-18 09:30:00+00:00,15439
2024-01-20 00:00:00+00:00,2024-01-18 11:30:00+00:00,15398
2024-01-20 00:00:00+00:00,2024-01-18 15:30:00+00:00,15324
2024-01-20 00:00:00+00:00,2024-01-18 18:30:00+00:00,15431
2024-01-20 00:00:00+00:00,2024-01-18 22:30:00+00:00,15429
2024-01-20 00:00:00+00:00,2024-01-19 02:30:00+00:00,15764
2024-01-20 00:00:00+00:00,2024-01-19 04:30:00+00:00,15773
2024-01-20 00:00:00+00:00,2024-01-19 07:30:00+00:00,15916
2024-01-20 00:00:00+00:00,2024-01-19 09:30:00+00:00,15915
2024-01-20 00:00:00+00:00,2024-01-19 11:30:00+00:00,15926
2024-01-20 00:00:00+00:00,2024-01-19 15:30:00+00:00,16358
2024-01-20 00:00:00+00:00,2024-01-19 18:30:00+00:00,16746
2024-01-20 00:00:00+00:00,2024-01-19 22:30:00+00:00,16755
2024-01-20 01:00:00+00:00,2024-01-18 02:30:00+00:00,16215
2024-01-20 01:00:00+00:00,2024-01-18 04:30:00+00:00,16194
2024-01-20 01:00:00+00:00,2024-01-18 07:30:00+00:00,15964
2024-01-20 01:00:00+00:00,2024-01-18 09:30:00+00:00,15959
2024-01-20 01:00:00+00:00,2024-01-18 11:30:00+00:00,15859
2024-01-20 01:00:00+00:00,2024-01-18 15:30:00+00:00,15890
2024-01-20 01:00:00+00:00,2024-01-18 18:30:00+00:00,15946
2024-01-20 01:00:00+00:00,2024-01-18 22:30:00+00:00,15948
2024-01-20 01:00:00+00:00,2024-01-19 02:30:00+00:00,16196
2024-01-20 01:00:00+00:00,2024-01-19 04:30:00+00:00,16196
2024-01-20 01:00:00+00:00,2024-01-19 07:30:00+00:00,16262
2024-01-20 01:00:00+00:00,2024-01-19 09:30:00+00:00,16262
2024-01-20 01:00:00+00:00,2024-01-19 11:30:00+00:00,16280
2024-01-20 01:00:00+00:00,2024-01-19 15:30:00+00:00,16670
2024-01-20 01:00:00+00:00,2024-01-19 18:30:00+00:00,17061
2024-01-20 01:00:00+00:00,2024-01-19 22:30:00+00:00,17074
2024-01-20 02:00:00+00:00,2024-01-18 02:30:00+00:00,16660
2024-01-20 02:00:00+00:00,2024-01-18 04:30:00+00:00,16637
2024-01-20 02:00:00+00:00,2024-01-18 07:30:00+00:00,16406
2024-01-20 02:00:00+00:00,2024-01-18 09:30:00+00:00,16399
2024-01-20 02:00:00+00:00,2024-01-18 11:30:00+00:00,16279
2024-01-20 02:00:00+00:00,2024-01-18 15:30:00+00:00,16359
2024-01-20 02:00:00+00:00,2024-01-18 18:30:00+00:00,16407
2024-01-20 02:00:00+00:00,2024-01-18 22:30:00+00:00,16408
2024-01-20 02:00:00+00:00,2024-01-19 02:30:00+00:00,16590
2024-01-20 02:00:00+00:00,2024-01-19 04:30:00+00:00,16592
2024-01-20 02:00:00+00:00,2024-01-19 07:30:00+00:00,16614
2024-01-20 02:00:00+00:00,2024-01-19 09:30:00+00:00,16616
2024-01-20 02:00:00+00:00,2024-01-19 11:30:00+00:00,16640
2024-01-20 02:00:00+00:00,2024-01-19 15:30:00+00:00,17054
2024-01-20 02:00:00+00:00,2024-01-19 18:30:00+00:00,17363
2024-01-20 02:00:00+00:00,2024-01-19 22:30:00+00:00,17378
2024-01-20 03:00:00+00:00,2024-01-18 02:30:00+00:00,16989
2024-01-20 03:00:00+00:00,2024-01-18 04:30:00+00:00,16965
2024-01-20 03:00:00+00:00,2024-01-18 07:30:00+00:00,16801
2024-01-20 03:00:00+00:00,2024-01-18 09:30:00+00:00,16793
2024-01-20 03:00:00+00:00,2024-01-18 11:30:00+00:00,16699
2024-01-20 03:00:00+00:00,2024-01-18 15:30:00+00:00,16901
2024-01-20 03:00:00+00:00,2024-01-18 18:30:00+00:00,16842
2024-01-20 03:00:00+00:00,2024-01-18 22:30:00+00:00,16848
2024-01-20 03:00:00+00:00,2024-01-19 02:30:00+00:00,16989
2024-01-20 03:00:00+00:00,2024-01-19 04:30:00+00:00,16996
2024-01-20 03:00:00+00:00,2024-01-19 07:30:00+00:00,17033
2024-01-20 03:00:00+00:00,2024-01-19 09:30:00+00:00,17037
2024-01-20 03:00:00+00:00,2024-01-19 11:30:00+00:00,17058
2024-01-20 03:00:00+00:00,2024-01-19 15:30:00+00:00,17428
2024-01-20 03:00:00+00:00,2024-01-19 18:30:00+00:00,17690
2024-01-20 03:00:00+00:00,2024-01-19 22:30:00+00:00,17693
2024-01-20 04:00:00+00:00,2024-01-18 02:30:00+00:00,17268
2024-01-20 04:00:00+00:00,2024-01-18 04:30:00+00:00,17246
2024-01-20 04:00:00+00:00,2024-01-18 07:30:00+00:00,17180
2024-01-20 04:00:00+00:00,2024-01-18 09:30:00+00:00,17173
2024-01-20 04:00:00+00:00,2024-01-18 11:30:00+00:00,17114
2024-01-20 04:00:00+00:00,2024-01-18 15:30:00+00:00,17057
2024-01-20 04:00:00+00:00,2024-01-18 18:30:00+00:00,17272
2024-01-20 04:00:00+00:00,2024-01-18 22:30:00+00:00,17280
2024-01-20 04:00:00+00:00,2024-01-19 02:30:00+00:00,17295
2024-01-20 04:00:00+00:00,2024-01-19 04:30:00+00:00,17298
2024-01-20 04:00:00+00:00,2024-01-19 07:30:00+00:00,17322
2024-01-20 04:00:00+00:00,2024-01-19 09:30:00+00:00,17326
2024-01-20 04:00:00+00:00,2024-01-19 11:30:00+00:00,17340
2024-01-20 04:00:00+00:00,2024-01-19 15:30:00+00:00,17712
2024-01-20 04:00:00+00:00,2024-01-19 18:30:00+00:00,18048
2024-01-20 04:00:00+00:00,2024-01-19 22:30:00+00:00,18043
2024-01-20 05:00:00+00:00,2024-01-18 02:30:00+00:00,17563
2024-01-20 05:00:00+00:00,2024-01-18 04:30:00+00:00,17543
2024-01-20 05:00:00+00:00,2024-01-18 07:30:00+00:00,17488
2024-01-20 05:00:00+00:00,2024-01-18 09:30:00+00:00,17482
2024-01-20 05:00:00+00:00,2024-01-18 11:30:00+00:00,17456
2024-01-20 05:00:00+00:00,2024-01-18 15:30:00+00:00,17449
2024-01-20 05:00:00+00:00,2024-01-18 18:30:00+00:00,17541
2024-01-20 05:00:00+00:00,2024-01-18 22:30:00+00:00,17543
2024-01-20 05:00:00+00:00,2024-01-19 02:30:00+00:00,17566
2024-01-20 05:00:00+00:00,2024-01-19 04:30:00+00:00,17569
2024-01-20 05:00:00+00:00,2024-01-19 07:30:00+00:00,17601
2024-01-20 05:00:00+00:00,2024-01-19 09:30:00+00:00,17603
2024-01-20 05:00:00+00:00,2024-01-19 11:30:00+00:00,17611
2024-01-20 05:00:00+00:00,2024-01-19 15:30:00+00:00,17964
2024-01-20 05:00:00+00:00,2024-01-19 18:30:00+00:00,18254
2024-01-20 05:00:00+00:00,2024-01-19 22:30:00+00:00,18251
2024-01-20 06:00:00+00:00,2024-01-18 02:30:00+00:00,17653
2024-01-20 06:00:00+00:00,2024-01-18 04:30:00+00:00,17636
2024-01-20 06:00:00+00:00,2024-01-18 07:30:00+00:00,17760
2024-01-20 06:00:00+00:00,2024-01-18 09:30:00+00:00,17755
2024-01-20 06:00:00+00:00,2024-01-18 11:30:00+00:00,17752
2024-01-20 06:00:00+00:00,2024-01-18 15:30:00+00:00,17625
2024-01-20 06:00:00+00:00,2024-01-18 18:30:00+00:00,17869
2024-01-20 06:00:00+00:00,2024-01-18 22:30:00+00:00,17864
2024-01-20 06:00:00+00:00,2024-01-19 02:30:00+00:00,17869
2024-01-20 06:00:00+00:00,2024-01-19 04:30:00+00:00,17870
2024-01-20 06:00:00+00:00,2024-01-19 07:30:00+00:00,17832
2024-01-20 06:00:00+00:00,2024-01-19 09:30:00+00:00,17834
2024-01-20 06:00:00+00:00,2024-01-19 11:30:00+00:00,17827
2024-01-20 06:00:00+00:00,2024-01-19 15:30:00+00:00,18097
2024-01-20 06:00:00+00:00,2024-01-19 18:30:00+00:00,18296
2024-01-20 06:00:00+00:00,2024-01-19 22:30:00+00:00,18296
2024-01-20 07:00:00+00:00,2024-01-18 02:30:00+00:00,17875
2024-01-20 07:00:00+00:00,2024-01-18 04:30:00+00:00,17863
2024-01-20 07:00:00+00:00,2024-01-18 07:30:00+00:00,17840
2024-01-20 07:00:00+00:00,2024-01-18 09:30:00+00:00,17837
2024-01-20 07:00:00+00:00,2024-01-18 11:30:00+00:00,17837
2024-01-20 07:00:00+00:00,2024-01-18 15:30:00+00:00,17860
2024-01-20 07:00:00+00:00,2024-01-18 18:30:00+00:00,18101
2024-01-20 07:00:00+00:00,2024-01-18 22:30:00+00:00,18098
2024-01-20 07:00:00+00:00,2024-01-19 02:30:00+00:00,18058
2024-01-20 07:00:00+00:00,2024-01-19 04:30:00+00:00,18057
2024-01-20 07:00:00+00:00,2024-01-19 07:30:00+00:00,17990
2024-01-20 07:00:00+00:00,2024-01-19 09:30:00+00:00,17993
2024-01-20 07:00:00+00:00,2024-01-19 11:30:00+00:00,18003
2024-01-20 07:00:00+00:00,2024-01-19 15:30:00+00:00,18167
2024-01-20 07:00:00+00:00,2024-01-19 18:30:00+00:00,18271
2024-01-20 07:00:00+00:00,2024-01-19 22:30:00+00:00,18271
2024-01-20 08:00:00+00:00,2024-01-18 02:30:00+00:00,18027
2024-01-20 08:00:00+00:00,2024-01-18 04:30:00+00:00,18018
2024-01-20 08:00:00+00:00,2024-01-18 07:30:00+00:00,18017
2024-01-20 08:00:00+00:00,2024-01-18 09:30:00+00:00,18015
2024-01-20 08:00:00+00:00,2024-01-18 11:30:00+00:00,18016
2024-01-20 08:00:00+00:00,2024-01-18 15:30:00+00:00,18082
2024-01-20 08:00:00+00:00,2024-01-18 18:30:00+00:00,18336
2024-01-20 08:00:00+00:00,2024-01-18 22:30:00+00:00,18335
2024-01-20 08:00:00+00:00,2024-01-19 02:30:00+00:00,18261
2024-01-20 08:00:00+00:00,2024-01-19 04:30:00+00:00,18259
2024-01-20 08:00:00+00:00,2024-01-19 07:30:00+00:00,18103
2024-01-20 08:00:00+00:00,2024-01-19 09:30:00+00:00,18107
2024-01-20 08:00:00+00:00,2024-01-19 11:30:00+00:00,18121
2024-01-20 08:00:00+00:00,2024-01-19 15:30:00+00:00,18178
2024-01-20 08:00:00+00:00,2024-01-19 18:30:00+00:00,18240
2024-01-20 08:00:00+00:00,2024-01-19 22:30:00+00:00,18240
2024-01-20 09:00:00+00:00,2024-01-18 02:30:00+00:00,18144
2024-01-20 09:00:00+00:00,2024-01-18 04:30:00+00:00,18137
2024-01-20 09:00:00+00:00,2024-01-18 07:30:00+00:00,18157
2024-01-20 09:00:00+00:00,2024-01-18 09:30:00+00:00,18155
2024-01-20 09:00:00+00:00,2024-01-18 11:30:00+00:00,18157
2024-01-20 09:00:00+00:00,2024-01-18 15:30:00+00:00,18231
2024-01-20 09:00:00+00:00,2024-01-18 18:30:00+00:00,18572
2024-01-20 09:00:00+00:00,2024-01-18 22:30:00+00:00,18568
2024-01-20 09:00:00+00:00,2024-01-19 02:30:00+00:00,18459
2024-01-20 09:00:00+00:00,2024-01-19 04:30:00+00:00,18460
2024-01-20 09:00:00+00:00,2024-01-19 07:30:00+00:00,18223
2024-01-20 09:00:00+00:00,2024-01-19 09:30:00+00:00,18225
2024-01-20 09:00:00+00:00,2024-01-19 11:30:00+00:00,18219
2024-01-20 09:00:00+00:00,2024-01-19 15:30:00+00:00,18197
2024-01-20 09:00:00+00:00,2024-01-19 18:30:00+00:00,18240
2024-01-20 09:00:00+00:00,2024-01-19 22:30:00+00:00,18238
2024-01-20 10:00:00+00:00,2024-01-18 02:30:00+00:00,18265
2024-01-20 10:00:00+00:00,2024-01-18 04:30:00+00:00,18261
2024-01-20 10:00:00+00:00,2024-01-18 07:30:00+00:00,18303
2024-01-20 10:00:00+00:00,2024-01-18 09:30:00+00:00,18302
2024-01-20 10:00:00+00:00,2024-01-18 11:30:00+00:00,18303
2024-01-20 10:00:00+00:00,2024-01-18 15:30:00+00:00,18367
2024-01-20 10:00:00+00:00,2024-01-18 18:30:00+00:00,18312
2024-01-20 10:00:00+00:00,2024-01-18 22:30:00+00:00,18309
2024-01-20 10:00:00+00:00,2024-01-19 02:30:00+00:00,18584
2024-01-20 10:00:00+00:00,2024-01-19 04:30:00+00:00,18583
2024-01-20 10:00:00+00:00,2024-01-19 07:30:00+00:00,18344
2024-01-20 10:00:00+00:00,2024-01-19 09:30:00+00:00,18344
2024-01-20 10:00:00+00:00,2024-01-19 11:30:00+00:00,18350
2024-01-20 10:00:00+00:00,2024-01-19 15:30:00+00:00,18269
2024-01-20 10:00:00+00:00,2024-01-19 18:30:00+00:00,18284
2024-01-20 10:00:00+00:00,2024-01-19 22:30:00+00:00,18283
2024-01-20 11:00:00+00:00,2024-01-18 02:30:00+00:00,18359
2024-01-20 11:00:00+00:00,2024-01-18 04:30:00+00:00,18355
2024-01-20 11:00:00+00:00,2024-01-18 07:30:00+00:00,18424
2024-01-20 11:00:00+00:00,2024-01-18 09:30:00+00:00,18423
2024-01-20 11:00:00+00:00,2024-01-18 11:30:00+00:00,18424
2024-01-20 11:00:00+00:00,2024-01-18 15:30:00+00:00,18475
2024-01-20 11:00:00+00:00,2024-01-18 18:30:00+00:00,18408
2024-01-20 11:00:00+00:00,2024-01-18 22:30:00+00:00,18406
2024-01-20 11:00:00+00:00,2024-01-19 02:30:00+00:00,18678
2024-01-20 11:00:00+00:00,2024-01-19 04:30:00+00:00,18677
2024-01-20 11:00:00+00:00,2024-01-19 07:30:00+00:00,18434
2024-01-20 11:00:00+00:00,2024-01-19 09:30:00+00:00,18433
2024-01-20 11:00:00+00:00,2024-01-19 11:30:00+00:00,18437
2024-01-20 11:00:00+00:00,2024-01-19 15:30:00+00:00,18276
2024-01-20 11:00:00+00:00,2024-01-19 18:30:00+00:00,18265
2024-01-20 11:00:00+00:00,2024-01-19 22:30:00+00:00,18264
2024-01-20 12:00:00+00:00,2024-01-18 02:30:00+00:00,18428
2024-01-20 12:00:00+00:00,2024-01-18 04:30:00+00:00,18425
2024-01-20 12:00:00+00:00,2024-01-18 07:30:00+00:00,18522
2024-01-20 12:00:00+00:00,2024-01-18 09:30:00+00:00,18521
2024-01-20 12:00:00+00:00,2024-01-18 11:30:00+00:00,18522
2024-01-20 12:00:00+00:00,2024-01-18 15:30:00+00:00,18560
2024-01-20 12:00:00+00:00,2024-01-18 18:30:00+00:00,18472
2024-01-20 12:00:00+00:00,2024-01-18 22:30:00+00:00,18471
2024-01-20 12:00:00+00:00,2024-01-19 02:30:00+00:00,18776
2024-01-20 12:00:00+00:00,2024-01-19 04:30:00+00:00,18772
2024-01-20 12:00:00+00:00,2024-01-19 07:30:00+00:00,18532
2024-01-20 12:00:00+00:00,2024-01-19 09:30:00+00:00,18532
2024-01-20 12:00:00+00:00,2024-01-19 11:30:00+00:00,18532
2024-01-20 12:00:00+00:00,2024-01-19 15:30:00+00:00,18334
2024-01-20 12:00:00+00:00,2024-01-19 18:30:00+00:00,18283
2024-01-20 12:00:00+00:00,2024-01-19 22:30:00+00:00,18281
2024-01-20 13:00:00+00:00,2024-01-18 02:30:00+00:00,18408
2024-01-20 13:00:00+00:00,2024-01-18 04:30:00+00:00,18404
2024-01-20 13:00:00+00:00,2024-01-18 07:30:00+00:00,18476
2024-01-20 13:00:00+00:00,2024-01-18 09:30:00+00:00,18475
2024-01-20 13:00:00+00:00,2024-01-18 11:30:00+00:00,18476
2024-01-20 13:00:00+00:00,2024-01-18 15:30:00+00:00,18526
2024-01-20 13:00:00+00:00,2024-01-18 18:30:00+00:00,18486
2024-01-20 13:00:00+00:00,2024-01-18 22:30:00+00:00,18485
2024-01-20 13:00:00+00:00,2024-01-19 02:30:00+00:00,18835
2024-01-20 13:00:00+00:00,2024-01-19 04:30:00+00:00,18835
2024-01-20 13:00:00+00:00,2024-01-19 07:30:00+00:00,18615
2024-01-20 13:00:00+00:00,2024-01-19 09:30:00+00:00,18614
2024-01-20 13:00:00+00:00,2024-01-19 11:30:00+00:00,18613
2024-01-20 13:00:00+00:00,2024-01-19 15:30:00+00:00,18426
2024-01-20 13:00:00+00:00,2024-01-19 18:30:00+00:00,18344
2024-01-20 13:00:00+00:00,2024-01-19 22:30:00+00:00,18342
2024-01-20 14:00:00+00:00,2024-01-18 02:30:00+00:00,18382
2024-01-20 14:00:00+00:00,2024-01-18 04:30:00+00:00,18379
2024-01-20 14:00:00+00:00,2024-01-18 07:30:00+00:00,18425
2024-01-20 14:00:00+00:00,2024-01-18 09:30:00+00:00,18424
2024-01-20 14:00:00+00:00,2024-01-18 11:30:00+00:00,18424
2024-01-20 14:00:00+00:00,2024-01-18 15:30:00+00:00,18489
2024-01-20 14:00:00+00:00,2024-01-18 18:30:00+00:00,18498
2024-01-20 14:00:00+00:00,2024-01-18 22:30:00+00:00,18496
2024-01-20 14:00:00+00:00,2024-01-19 02:30:00+00:00,18849
2024-01-20 14:00:00+00:00,2024-01-19 04:30:00+00:00,18849
2024-01-20 14:00:00+00:00,2024-01-19 07:30:00+00:00,18666
2024-01-20 14:00:00+00:00,2024-01-19 09:30:00+00:00,18665
2024-01-20 14:00:00+00:00,2024-01-19 11:30:00+00:00,18667
2024-01-20 14:00:00+00:00,2024-01-19 15:30:00+00:00,18517
2024-01-20 14:00:00+00:00,2024-01-19 18:30:00+00:00,18457
2024-01-20 14:00:00+00:00,2024-01-19 22:30:00+00:00,18454
2024-01-20 15:00:00+00:00,2024-01-18 02:30:00+00:00,18489
2024-01-20 15:00:00+00:00,2024-01-18 04:30:00+00:00,18485
2024-01-20 15:00:00+00:00,2024-01-18 07:30:00+00:00,18368
2024-01-20 15:00:00+00:00,2024-01-18 09:30:00+00:00,18368
2024-01-20 15:00:00+00:00,2024-01-18 11:30:00+00:00,18368
2024-01-20 15:00:00+00:00,2024-01-18 15:30:00+00:00,18449
2024-01-20 15:00:00+00:00,2024-01-18 18:30:00+00:00,18505
2024-01-20 15:00:00+00:00,2024-01-18 22:30:00+00:00,18503
2024-01-20 15:00:00+00:00,2024-01-19 02:30:00+00:00,18878
2024-01-20 15:00:00+00:00,2024-01-19 04:30:00+00:00,18872
2024-01-20 15:00:00+00:00,2024-01-19 07:30:00+00:00,18778
2024-01-20 15:00:00+00:00,2024-01-19 09:30:00+00:00,18777
2024-01-20 15:00:00+00:00,2024-01-19 11:30:00+00:00,18772
2024-01-20 15:00:00+00:00,2024-01-19 15:30:00+00:00,18791
2024-01-20 15:00:00+00:00,2024-01-19 18:30:00+00:00,18688
2024-01-20 15:00:00+00:00,2024-01-19 22:30:00+00:00,18685
2024-01-20 16:00:00+00:00,2024-01-18 02:30:00+00:00,18438
2024-01-20 16:00:00+00:00,2024-01-18 04:30:00+00:00,18435
2024-01-20 16:00:00+00:00,2024-01-18 07:30:00+00:00,18435
2024-01-20 16:00:00+00:00,2024-01-18 09:30:00+00:00,18435
2024-01-20 16:00:00+00:00,2024-01-18 11:30:00+00:00,18436
2024-01-20 16:00:00+00:00,2024-01-18 15:30:00+00:00,18466
2024-01-20 16:00:00+00:00,2024-01-18 18:30:00+00:00,18629
2024-01-20 16:00:00+00:00,2024-01-18 22:30:00+00:00,18627
2024-01-20 16:00:00+00:00,2024-01-19 02:30:00+00:00,18578
2024-01-20 16:00:00+00:00,2024-01-19 04:30:00+00:00,18571
2024-01-20 16:00:00+00:00,2024-01-19 07:30:00+00:00,19009
2024-01-20 16:00:00+00:00,2024-01-19 09:30:00+00:00,19008
2024-01-20 16:00:00+00:00,2024-01-19 11:30:00+00:00,19004
2024-01-20 16:00:00+00:00,2024-01-19 15:30:00+00:00,19037
2024-01-20 16:00:00+00:00,2024-01-19 18:30:00+00:00,18952
2024-01-20 16:00:00+00:00,2024-01-19 22:30:00+00:00,18950
2024-01-20 17:00:00+00:00,2024-01-18 02:30:00+00:00,18378
2024-01-20 17:00:00+00:00,2024-01-18 04:30:00+00:00,18375
2024-01-20 17:00:00+00:00,2024-01-18 07:30:00+00:00,18354
2024-01-20 17:00:00+00:00,2024-01-18 09:30:00+00:00,18354
2024-01-20 17:00:00+00:00,2024-01-18 11:30:00+00:00,18355
2024-01-20 17:00:00+00:00,2024-01-18 15:30:00+00:00,18475
2024-01-20 17:00:00+00:00,2024-01-18 18:30:00+00:00,18706
2024-01-20 17:00:00+00:00,2024-01-18 22:30:00+00:00,18705
2024-01-20 17:00:00+00:00,2024-01-19 02:30:00+00:00,18572
2024-01-20 17:00:00+00:00,2024-01-19 04:30:00+00:00,18566
2024-01-20 17:00:00+00:00,2024-01-19 07:30:00+00:00,19157
2024-01-20 17:00:00+00:00,2024-01-19 09:30:00+00:00,19157
2024-01-20 17:00:00+00:00,2024-01-19 11:30:00+00:00,19151
2024-01-20 17:00:00+00:00,2024-01-19 15:30:00+00:00,19203
2024-01-20 17:00:00+00:00,2024-01-19 18:30:00+00:00,19174
2024-01-20 17:00:00+00:00,2024-01-19 22:30:00+00:00,19171
2024-01-20 18:00:00+00:00,2024-01-18 02:30:00+00:00,18308
2024-01-20 18:00:00+00:00,2024-01-18 04:30:00+00:00,18306
2024-01-20 18:00:00+00:00,2024-01-18 07:30:00+00:00,18260
2024-01-20 18:00:00+00:00,2024-01-18 09:30:00+00:00,18260
2024-01-20 18:00:00+00:00,2024-01-18 11:30:00+00:00,18262
2024-01-20 18:00:00+00:00,2024-01-18 15:30:00+00:00,18477
2024-01-20 18:00:00+00:00,2024-01-18 18:30:00+00:00,18767
2024-01-20 18:00:00+00:00,2024-01-18 22:30:00+00:00,18766
2024-01-20 18:00:00+00:00,2024-01-19 02:30:00+00:00,18700
2024-01-20 18:00:00+00:00,2024-01-19 04:30:00+00:00,18696
2024-01-20 18:00:00+00:00,2024-01-19 07:30:00+00:00,19345
2024-01-20 18:00:00+00:00,2024-01-19 09:30:00+00:00,19343
2024-01-20 18:00:00+00:00,2024-01-19 11:30:00+00:00,19331
2024-01-20 18:00:00+00:00,2024-01-19 15:30:00+00:00,19348
2024-01-20 18:00:00+00:00,2024-01-19 18:30:00+00:00,19343
2024-01-20 18:00:00+00:00,2024-01-19 22:30:00+00:00,19341
2024-01-20 19:00:00+00:00,2024-01-18 02:30:00+00:00,18418
2024-01-20 19:00:00+00:00,2024-01-18 04:30:00+00:00,18417
2024-01-20 19:00:00+00:00,2024-01-18 07:30:00+00:00,18339
2024-01-20 19:00:00+00:00,2024-01-18 09:30:00+00:00,18339
2024-01-20 19:00:00+00:00,2024-01-18 11:30:00+00:00,18342
2024-01-20 19:00:00+00:00,2024-01-18 15:30:00+00:00,18531
2024-01-20 19:00:00+00:00,2024-01-18 18:30:00+00:00,18852
2024-01-20 19:00:00+00:00,2024-01-18 22:30:00+00:00,18851
2024-01-20 19:00:00+00:00,2024-01-19 02:30:00+00:00,18598
2024-01-20 19:00:00+00:00,2024-01-19 04:30:00+00:00,18595
2024-01-20 19:00:00+00:00,2024-01-19 07:30:00+00:00,19397
2024-01-20 19:00:00+00:00,2024-01-19 09:30:00+00:00,19396
2024-01-20 19:00:00+00:00,2024-01-19 11:30:00+00:00,19396
2024-01-20 19:00:00+00:00,2024-01-19 15:30:00+00:00,19498
2024-01-20 19:00:00+00:00,2024-01-19 18:30:00+00:00,19509
2024-01-20 19:00:00+00:00,2024-01-19 22:30:00+00:00,19508
2024-01-20 20:00:00+00:00,2024-01-18 02:30:00+00:00,18520
2024-01-20 20:00:00+00:00,2024-01-18 04:30:00+00:00,18519
2024-01-20 20:00:00+00:00,2024-01-18 07:30:00+00:00,18411
2024-01-20 20:00:00+00:00,2024-01-18 09:30:00+00:00,18411
2024-01-20 20:00:00+00:00,2024-01-18 11:30:00+00:00,18415
2024-01-20 20:00:00+00:00,2024-01-18 15:30:00+00:00,18578
2024-01-20 20:00:00+00:00,2024-01-18 18:30:00+00:00,18927
2024-01-20 20:00:00+00:00,2024-01-18 22:30:00+00:00,18926
2024-01-20 20:00:00+00:00,2024-01-19 02:30:00+00:00,18673
2024-01-20 20:00:00+00:00,2024-01-19 04:30:00+00:00,18671
2024-01-20 20:00:00+00:00,2024-01-19 07:30:00+00:00,19321
2024-01-20 20:00:00+00:00,2024-01-19 09:30:00+00:00,19320
2024-01-20 20:00:00+00:00,2024-01-19 11:30:00+00:00,19323
2024-01-20 20:00:00+00:00,2024-01-19 15:30:00+00:00,19567
2024-01-20 20:00:00+00:00,2024-01-19 18:30:00+00:00,19603
2024-01-20 20:00:00+00:00,2024-01-19 22:30:00+00:00,19602
2024-01-20 21:00:00+00:00,2024-01-18 02:30:00+00:00,18614
2024-01-20 21:00:00+00:00,2024-01-18 04:30:00+00:00,18614
2024-01-20 21:00:00+00:00,2024-01-18 07:30:00+00:00,18476
2024-01-20 21:00:00+00:00,2024-01-18 09:30:00+00:00,18476
2024-01-20 21:00:00+00:00,2024-01-18 11:30:00+00:00,18481
2024-01-20 21:00:00+00:00,2024-01-18 15:30:00+00:00,18620
2024-01-20 21:00:00+00:00,2024-01-18 18:30:00+00:00,18964
2024-01-20 21:00:00+00:00,2024-01-18 22:30:00+00:00,18964
2024-01-20 21:00:00+00:00,2024-01-19 02:30:00+00:00,18760
2024-01-20 21:00:00+00:00,2024-01-19 04:30:00+00:00,18759
2024-01-20 21:00:00+00:00,2024-01-19 07:30:00+00:00,19395
2024-01-20 21:00:00+00:00,2024-01-19 09:30:00+00:00,19395
2024-01-20 21:00:00+00:00,2024-01-19 11:30:00+00:00,19394
2024-01-20 21:00:00+00:00,2024-01-19 15:30:00+00:00,19549
2024-01-20 21:00:00+00:00,2024-01-19 18:30:00+00:00,19600
2024-01-20 21:00:00+00:00,2024-01-19 22:30:00+00:00,19599
2024-01-20 21:00:00+00:00,2024-01-20 02:30:00+00:00,19542
2024-01-20 21:00:00+00:00,2024-01-20 04:30:00+00:00,19540
2024-01-20 21:00:00+00:00,2024-01-20 07:30:00+00:00,19492
2024-01-20 21:00:00+00:00,2024-01-20 09:30:00+00:00,19492
2024-01-20 21:00:00+00:00,2024-01-20 11:30:00+00:00,19490
2024-01-20 21:00:00+00:00,2024-01-20 15:30:00+00:00,19508
2024-01-20 21:00:00+00:00,2024-01-20 18:30:00+00:00,19497
2024-01-20 21:00:00+00:00,2024-01-20 22:30:00+00:00,19498
2024-01-20 22:00:00+00:00,2024-01-19 02:30:00+00:00,18918
2024-01-20 22:00:00+00:00,2024-01-19 04:30:00+00:00,18917
2024-01-20 22:00:00+00:00,2024-01-19 07:30:00+00:00,18987
2024-01-20 22:00:00+00:00,2024-01-19 09:30:00+00:00,18986
2024-01-20 22:00:00+00:00,2024-01-19 11:30:00+00:00,18982
2024-01-20 22:00:00+00:00,2024-01-19 15:30:00+00:00,19386
2024-01-20 22:00:00+00:00,2024-01-19 18:30:00+00:00,19526
2024-01-20 22:00:00+00:00,2024-01-19 22:30:00+00:00,19525
2024-01-20 22:00:00+00:00,2024-01-20 02:30:00+00:00,19512
2024-01-20 22:00:00+00:00,2024-01-20 04:30:00+00:00,19511
2024-01-20 22:00:00+00:00,2024-01-20 07:30:00+00:00,19479
2024-01-20 22:00:00+00:00,2024-01-20 09:30:00+00:00,19479
2024-01-20 22:00:00+00:00,2024-01-20 11:30:00+00:00,19479
2024-01-20 22:00:00+00:00,2024-01-20 15:30:00+00:00,19488
2024-01-20 22:00:00+00:00,2024-01-20 18:30:00+00:00,19503
2024-01-20 22:00:00+00:00,2024-01-20 22:30:00+00:00,19503
2024-01-20 23:00:00+00:00,2024-01-19 02:30:00+00:00,18892
2024-01-20 23:00:00+00:00,2024-01-19 04:30:00+00:00,18890
2024-01-20 23:00:00+00:00,2024-01-19 07:30:00+00:00,19050
2024-01-20 23:00:00+00:00,2024-01-19 09:30:00+00:00,19050
2024-01-20 23:00:00+00:00,2024-01-19 11:30:00+00:00,19047
2024-01-20 23:00:00+00:00,2024-01-19 15:30:00+00:00,19322
2024-01-20 23:00:00+00:00,2024-01-19 18:30:00+00:00,19309
2024-01-20 23:00:00+00:00,2024-01-19 22:30:00+00:00,19308
2024-01-20 23:00:00+00:00,2024-01-20 02:30:00+00:00,19350
2024-01-20 23:00:00+00:00,2024-01-20 04:30:00+00:00,19349
2024-01-20 23:00:00+00:00,2024-01-20 07:30:00+00:00,19319
2024-01-20 23:00:00+00:00,2024-01-20 09:30:00+00:00,19319
2024-01-20 23:00:00+00:00,2024-01-20 11:30:00+00:00,19320
2024-01-20 23:00:00+00:00,2024-01-20 15:30:00+00:00,19320
2024-01-20 23:00:00+00:00,2024-01-20 18:30:00+00:00,19351
2024-01-20 23:00:00+00:00,2024-01-20 22:30:00+00:00,19352
2024-01-21 00:00:00+00:00,2024-01-19 02:30:00+00:00,18933
2024-01-21 00:00:00+00:00,2024-01-19 04:30:00+00:00,18932
2024-01-21 00:00:00+00:00,2024-01-19 07:30:00+00:00,18783
2024-01-21 00:00:00+00:00,2024-01-19 09:30:00+00:00,18783
2024-01-21 00:00:00+00:00,2024-01-19 11:30:00+00:00,18782
2024-01-21 00:00:00+00:00,2024-01-19 15:30:00+00:00,19008
2024-01-21 00:00:00+00:00,2024-01-19 18:30:00+00:00,18930
2024-01-21 00:00:00+00:00,2024-01-19 22:30:00+00:00,18930
2024-01-21 00:00:00+00:00,2024-01-20 02:30:00+00:00,19046
2024-01-21 00:00:00+00:00,2024-01-20 04:30:00+00:00,19045
2024-01-21 00:00:00+00:00,2024-01-20 07:30:00+00:00,19024
2024-01-21 00:00:00+00:00,2024-01-20 09:30:00+00:00,19024
2024-01-21 00:00:00+00:00,2024-01-20 11:30:00+00:00,19024
2024-01-21 00:00:00+00:00,2024-01-20 15:30:00+00:00,18988
2024-01-21 00:00:00+00:00,2024-01-20 18:30:00+00:00,18997
2024-01-21 00:00:00+00:00,2024-01-20 22:30:00+00:00,18998
2024-01-21 01:00:00+00:00,2024-01-19 02:30:00+00:00,18791
2024-01-21 01:00:00+00:00,2024-01-19 04:30:00+00:00,18790
2024-01-21 01:00:00+00:00,2024-01-19 07:30:00+00:00,18619
2024-01-21 01:00:00+00:00,2024-01-19 09:30:00+00:00,18619
2024-01-21 01:00:00+00:00,2024-01-19 11:30:00+00:00,18618
2024-01-21 01:00:00+00:00,2024-01-19 15:30:00+00:00,18588
2024-01-21 01:00:00+00:00,2024-01-19 18:30:00+00:00,18357
2024-01-21 01:00:00+00:00,2024-01-19 22:30:00+00:00,18357
2024-01-21 01:00:00+00:00,2024-01-20 02:30:00+00:00,18520
2024-01-21 01:00:00+00:00,2024-01-20 04:30:00+00:00,18520
2024-01-21 01:00:00+00:00,2024-01-20 07:30:00+00:00,18538
2024-01-21 01:00:00+00:00,2024-01-20 09:30:00+00:00,18537
2024-01-21 01:00:00+00:00,2024-01-20 11:30:00+00:00,18536
2024-01-21 01:00:00+00:00,2024-01-20 15:30:00+00:00,18397
2024-01-21 01:00:00+00:00,2024-01-20 18:30:00+00:00,18306
2024-01-21 01:00:00+00:00,2024-01-20 22:30:00+00:00,18307
2024-01-21 02:00:00+00:00,2024-01-19 02:30:00+00:00,18407
2024-01-21 02:00:00+00:00,2024-01-19 04:30:00+00:00,18406
2024-01-21 02:00:00+00:00,2024-01-19 07:30:00+00:00,18249
2024-01-21 02:00:00+00:00,2024-01-19 09:30:00+00:00,18249
2024-01-21 02:00:00+00:00,2024-01-19 11:30:00+00:00,18246
2024-01-21 02:00:00+00:00,2024-01-19 15:30:00+00:00,18169
2024-01-21 02:00:00+00:00,2024-01-19 18:30:00+00:00,17803
2024-01-21 02:00:00+00:00,2024-01-19 22:30:00+00:00,17803
2024-01-21 02:00:00+00:00,2024-01-20 02:30:00+00:00,17885
2024-01-21 02:00:00+00:00,2024-01-20 04:30:00+00:00,17885
2024-01-21 02:00:00+00:00,2024-01-20 07:30:00+00:00,17885
2024-01-21 02:00:00+00:00,2024-01-20 09:30:00+00:00,17884
2024-01-21 02:00:00+00:00,2024-01-20 11:30:00+00:00,17883
2024-01-21 02:00:00+00:00,2024-01-20 15:30:00+00:00,17701
2024-01-21 02:00:00+00:00,2024-01-20 18:30:00+00:00,17599
2024-01-21 02:00:00+00:00,2024-01-20 22:30:00+00:00,17602
2024-01-21 03:00:00+00:00,2024-01-19 02:30:00+00:00,17921
2024-01-21 03:00:00+00:00,2024-01-19 04:30:00+00:00,17920
2024-01-21 03:00:00+00:00,2024-01-19 07:30:00+00:00,17685
2024-01-21 03:00:00+00:00,2024-01-19 09:30:00+00:00,17685
2024-01-21 03:00:00+00:00,2024-01-19 11:30:00+00:00,17680
2024-01-21 03:00:00+00:00,2024-01-19 15:30:00+00:00,17692
2024-01-21 03:00:00+00:00,2024-01-19 18:30:00+00:00,17229
2024-01-21 03:00:00+00:00,2024-01-19 22:30:00+00:00,17229
2024-01-21 03:00:00+00:00,2024-01-20 02:30:00+00:00,17264
2024-01-21 03:00:00+00:00,2024-01-20 04:30:00+00:00,17263
2024-01-21 03:00:00+00:00,2024-01-20 07:30:00+00:00,17267
2024-01-21 03:00:00+00:00,2024-01-20 09:30:00+00:00,17266
2024-01-21 03:00:00+00:00,2024-01-20 11:30:00+00:00,17261
2024-01-21 03:00:00+00:00,2024-01-20 15:30:00+00:00,17104
2024-01-21 03:00:00+00:00,2024-01-20 18:30:00+00:00,16974
2024-01-21 03:00:00+00:00,2024-01-20 22:30:00+00:00,16976
2024-01-21 04:00:00+00:00,2024-01-19 02:30:00+00:00,17813
2024-01-21 04:00:00+00:00,2024-01-19 04:30:00+00:00,17812
2024-01-21 04:00:00+00:00,2024-01-19 07:30:00+00:00,17609
2024-01-21 04:00:00+00:00,2024-01-19 09:30:00+00:00,17609
2024-01-21 04:00:00+00:00,2024-01-19 11:30:00+00:00,17606
2024-01-21 04:00:00+00:00,2024-01-19 15:30:00+00:00,17224
2024-01-21 04:00:00+00:00,2024-01-19 18:30:00+00:00,17086
2024-01-21 04:00:00+00:00,2024-01-19 22:30:00+00:00,17087
2024-01-21 04:00:00+00:00,2024-01-20 02:30:00+00:00,17050
2024-01-21 04:00:00+00:00,2024-01-20 04:30:00+00:00,17050
2024-01-21 04:00:00+00:00,2024-01-20 07:30:00+00:00,16978
2024-01-21 04:00:00+00:00,2024-01-20 09:30:00+00:00,16978
2024-01-21 04:00:00+00:00,2024-01-20 11:30:00+00:00,16973
2024-01-21 04:00:00+00:00,2024-01-20 15:30:00+00:00,16908
2024-01-21 04:00:00+00:00,2024-01-20 18:30:00+00:00,16732
2024-01-21 04:00:00+00:00,2024-01-20 22:30:00+00:00,16733
2024-01-21 05:00:00+00:00,2024-01-19 02:30:00+00:00,17689
2024-01-21 05:00:00+00:00,2024-01-19 04:30:00+00:00,17688
2024-01-21 05:00:00+00:00,2024-01-19 07:30:00+00:00,17517
2024-01-21 05:00:00+00:00,2024-01-19 09:30:00+00:00,17517
2024-01-21 05:00:00+00:00,2024-01-19 11:30:00+00:00,17515
2024-01-21 05:00:00+00:00,2024-01-19 15:30:00+00:00,17174
2024-01-21 05:00:00+00:00,2024-01-19 18:30:00+00:00,17060
2024-01-21 05:00:00+00:00,2024-01-19 22:30:00+00:00,17060
2024-01-21 05:00:00+00:00,2024-01-20 02:30:00+00:00,17069
2024-01-21 05:00:00+00:00,2024-01-20 04:30:00+00:00,17069
2024-01-21 05:00:00+00:00,2024-01-20 07:30:00+00:00,16960
2024-01-21 05:00:00+00:00,2024-01-20 09:30:00+00:00,16960
2024-01-21 05:00:00+00:00,2024-01-20 11:30:00+00:00,16958
2024-01-21 05:00:00+00:00,2024-01-20 15:30:00+00:00,16913
2024-01-21 05:00:00+00:00,2024-01-20 18:30:00+00:00,16738
2024-01-21 05:00:00+00:00,2024-01-20 22:30:00+00:00,16739
2024-01-21 06:00:00+00:00,2024-01-19 02:30:00+00:00,17543
2024-01-21 06:00:00+00:00,2024-01-19 04:30:00+00:00,17543
2024-01-21 06:00:00+00:00,2024-01-19 07:30:00+00:00,17403
2024-01-21 06:00:00+00:00,2024-01-19 09:30:00+00:00,17403
2024-01-21 06:00:00+00:00,2024-01-19 11:30:00+00:00,17403
2024-01-21 06:00:00+00:00,2024-01-19 15:30:00+00:00,17104
2024-01-21 06:00:00+00:00,2024-01-19 18:30:00+00:00,17067
2024-01-21 06:00:00+00:00,2024-01-19 22:30:00+00:00,17067
2024-01-21 06:00:00+00:00,2024-01-20 02:30:00+00:00,17160
2024-01-21 06:00:00+00:00,2024-01-20 04:30:00+00:00,17162
2024-01-21 06:00:00+00:00,2024-01-20 07:30:00+00:00,17074
2024-01-21 06:00:00+00:00,2024-01-20 09:30:00+00:00,17075
2024-01-21 06:00:00+00:00,2024-01-20 11:30:00+00:00,17071
2024-01-21 06:00:00+00:00,2024-01-20 15:30:00+00:00,17044
2024-01-21 06:00:00+00:00,2024-01-20 18:30:00+00:00,16863
2024-01-21 06:00:00+00:00,2024-01-20 22:30:00+00:00,16864
2024-01-21 07:00:00+00:00,2024-01-19 02:30:00+00:00,17690
2024-01-21 07:00:00+00:00,2024-01-19 04:30:00+00:00,17690
2024-01-21 07:00:00+00:00,2024-01-19 07:30:00+00:00,17540
2024-01-21 07:00:00+00:00,2024-01-19 09:30:00+00:00,17540
2024-01-21 07:00:00+00:00,2024-01-19 11:30:00+00:00,17539
2024-01-21 07:00:00+00:00,2024-01-19 15:30:00+00:00,17254
2024-01-21 07:00:00+00:00,2024-01-19 18:30:00+00:00,17124
2024-01-21 07:00:00+00:00,2024-01-19 22:30:00+00:00,17125
2024-01-21 07:00:00+00:00,2024-01-20 02:30:00+00:00,17222
2024-01-21 07:00:00+00:00,2024-01-20 04:30:00+00:00,17222
2024-01-21 07:00:00+00:00,2024-01-20 07:30:00+00:00,17200
2024-01-21 07:00:00+00:00,2024-01-20 09:30:00+00:00,17201
2024-01-21 07:00:00+00:00,2024-01-20 11:30:00+00:00,17202
2024-01-21 07:00:00+00:00,2024-01-20 15:30:00+00:00,17199
2024-01-21 07:00:00+00:00,2024-01-20 18:30:00+00:00,16964
2024-01-21 07:00:00+00:00,2024-01-20 22:30:00+00:00,16964
2024-01-21 08:00:00+00:00,2024-01-19 02:30:00+00:00,17815
2024-01-21 08:00:00+00:00,2024-01-19 04:30:00+00:00,17815
2024-01-21 08:00:00+00:00,2024-01-19 07:30:00+00:00,17650
2024-01-21 08:00:00+00:00,2024-01-19 09:30:00+00:00,17650
2024-01-21 08:00:00+00:00,2024-01-19 11:30:00+00:00,17649
2024-01-21 08:00:00+00:00,2024-01-19 15:30:00+00:00,17381
2024-01-21 08:00:00+00:00,2024-01-19 18:30:00+00:00,17185
2024-01-21 08:00:00+00:00,2024-01-19 22:30:00+00:00,17185
2024-01-21 08:00:00+00:00,2024-01-20 02:30:00+00:00,17174
2024-01-21 08:00:00+00:00,2024-01-20 04:30:00+00:00,17173
2024-01-21 08:00:00+00:00,2024-01-20 07:30:00+00:00,17231
2024-01-21 08:00:00+00:00,2024-01-20 09:30:00+00:00,17232
2024-01-21 08:00:00+00:00,2024-01-20 11:30:00+00:00,17236
2024-01-21 08:00:00+00:00,2024-01-20 15:30:00+00:00,17273
2024-01-21 08:00:00+00:00,2024-01-20 18:30:00+00:00,17093
2024-01-21 08:00:00+00:00,2024-01-20 22:30:00+00:00,17093
2024-01-21 09:00:00+00:00,2024-01-19 02:30:00+00:00,17915
2024-01-21 09:00:00+00:00,2024-01-19 04:30:00+00:00,17915
2024-01-21 09:00:00+00:00,2024-01-19 07:30:00+00:00,17732
2024-01-21 09:00:00+00:00,2024-01-19 09:30:00+00:00,17731
2024-01-21 09:00:00+00:00,2024-01-19 11:30:00+00:00,17731
2024-01-21 09:00:00+00:00,2024-01-19 15:30:00+00:00,17483
2024-01-21 09:00:00+00:00,2024-01-19 18:30:00+00:00,17280
2024-01-21 09:00:00+00:00,2024-01-19 22:30:00+00:00,17278
2024-01-21 09:00:00+00:00,2024-01-20 02:30:00+00:00,17165
2024-01-21 09:00:00+00:00,2024-01-20 04:30:00+00:00,17170
2024-01-21 09:00:00+00:00,2024-01-20 07:30:00+00:00,17237
2024-01-21 09:00:00+00:00,2024-01-20 09:30:00+00:00,17237
2024-01-21 09:00:00+00:00,2024-01-20 11:30:00+00:00,17241
2024-01-21 09:00:00+00:00,2024-01-20 15:30:00+00:00,17403
2024-01-21 09:00:00+00:00,2024-01-20 18:30:00+00:00,17327
2024-01-21 09:00:00+00:00,2024-01-20 22:30:00+00:00,17326
2024-01-21 10:00:00+00:00,2024-01-19 02:30:00+00:00,18306
2024-01-21 10:00:00+00:00,2024-01-19 04:30:00+00:00,18306
2024-01-21 10:00:00+00:00,2024-01-19 07:30:00+00:00,18259
2024-01-21 10:00:00+00:00,2024-01-19 09:30:00+00:00,18258
2024-01-21 10:00:00+00:00,2024-01-19 11:30:00+00:00,18257
2024-01-21 10:00:00+00:00,2024-01-19 15:30:00+00:00,17965
2024-01-21 10:00:00+00:00,2024-01-19 18:30:00+00:00,17493
2024-01-21 10:00:00+00:00,2024-01-19 22:30:00+00:00,17492
2024-01-21 10:00:00+00:00,2024-01-20 02:30:00+00:00,17290
2024-01-21 10:00:00+00:00,2024-01-20 04:30:00+00:00,17290
2024-01-21 10:00:00+00:00,2024-01-20 07:30:00+00:00,17316
2024-01-21 10:00:00+00:00,2024-01-20 09:30:00+00:00,17316
2024-01-21 10:00:00+00:00,2024-01-20 11:30:00+00:00,17323
2024-01-21 10:00:00+00:00,2024-01-20 15:30:00+00:00,17588
2024-01-21 10:00:00+00:00,2024-01-20 18:30:00+00:00,17583
2024-01-21 10:00:00+00:00,2024-01-20 22:30:00+00:00,17582
2024-01-21 11:00:00+00:00,2024-01-19 02:30:00+00:00,18560
2024-01-21 11:00:00+00:00,2024-01-19 04:30:00+00:00,18559
2024-01-21 11:00:00+00:00,2024-01-19 07:30:00+00:00,18589
2024-01-21 11:00:00+00:00,2024-01-19 09:30:00+00:00,18588
2024-01-21 11:00:00+00:00,2024-01-19 11:30:00+00:00,18587
2024-01-21 11:00:00+00:00,2024-01-19 15:30:00+00:00,18320
2024-01-21 11:00:00+00:00,2024-01-19 18:30:00+00:00,17718
2024-01-21 11:00:00+00:00,2024-01-19 22:30:00+00:00,17717
2024-01-21 11:00:00+00:00,2024-01-20 02:30:00+00:00,17508
2024-01-21 11:00:00+00:00,2024-01-20 04:30:00+00:00,17509
2024-01-21 11:00:00+00:00,2024-01-20 07:30:00+00:00,17532
2024-01-21 11:00:00+00:00,2024-01-20 09:30:00+00:00,17532
2024-01-21 11:00:00+00:00,2024-01-20 11:30:00+00:00,17540
2024-01-21 11:00:00+00:00,2024-01-20 15:30:00+00:00,17788
2024-01-21 11:00:00+00:00,2024-01-20 18:30:00+00:00,17872
2024-01-21 11:00:00+00:00,2024-01-20 22:30:00+00:00,17872
2024-01-21 12:00:00+00:00,2024-01-19 02:30:00+00:00,18582
2024-01-21 12:00:00+00:00,2024-01-19 04:30:00+00:00,18582
2024-01-21 12:00:00+00:00,2024-01-19 07:30:00+00:00,18679
2024-01-21 12:00:00+00:00,2024-01-19 09:30:00+00:00,18678
2024-01-21 12:00:00+00:00,2024-01-19 11:30:00+00:00,18676
2024-01-21 12:00:00+00:00,2024-01-19 15:30:00+00:00,18471
2024-01-21 12:00:00+00:00,2024-01-19 18:30:00+00:00,17888
2024-01-21 12:00:00+00:00,2024-01-19 22:30:00+00:00,17888
2024-01-21 12:00:00+00:00,2024-01-20 02:30:00+00:00,17741
2024-01-21 12:00:00+00:00,2024-01-20 04:30:00+00:00,17743
2024-01-21 12:00:00+00:00,2024-01-20 07:30:00+00:00,17775
2024-01-21 12:00:00+00:00,2024-01-20 09:30:00+00:00,17776
2024-01-21 12:00:00+00:00,2024-01-20 11:30:00+00:00,17779
2024-01-21 12:00:00+00:00,2024-01-20 15:30:00+00:00,18060
2024-01-21 12:00:00+00:00,2024-01-20 18:30:00+00:00,18193
2024-01-21 12:00:00+00:00,2024-01-20 22:30:00+00:00,18193
2024-01-21 13:00:00+00:00,2024-01-19 02:30:00+00:00,18567
2024-01-21 13:00:00+00:00,2024-01-19 04:30:00+00:00,18566
2024-01-21 13:00:00+00:00,2024-01-19 07:30:00+00:00,18626
2024-01-21 13:00:00+00:00,2024-01-19 09:30:00+00:00,18625
2024-01-21 13:00:00+00:00,2024-01-19 11:30:00+00:00,18622
2024-01-21 13:00:00+00:00,2024-01-19 15:30:00+00:00,18678
2024-01-21 13:00:00+00:00,2024-01-19 18:30:00+00:00,18341
2024-01-21 13:00:00+00:00,2024-01-19 22:30:00+00:00,18342
2024-01-21 13:00:00+00:00,2024-01-20 02:30:00+00:00,18242
2024-01-21 13:00:00+00:00,2024-01-20 04:30:00+00:00,18243
2024-01-21 13:00:00+00:00,2024-01-20 07:30:00+00:00,18246
2024-01-21 13:00:00+00:00,2024-01-20 09:30:00+00:00,18247
2024-01-21 13:00:00+00:00,2024-01-20 11:30:00+00:00,18253
2024-01-21 13:00:00+00:00,2024-01-20 15:30:00+00:00,18464
2024-01-21 13:00:00+00:00,2024-01-20 18:30:00+00:00,18590
2024-01-21 13:00:00+00:00,2024-01-20 22:30:00+00:00,18590
2024-01-21 14:00:00+00:00,2024-01-19 02:30:00+00:00,18704
2024-01-21 14:00:00+00:00,2024-01-19 04:30:00+00:00,18704
2024-01-21 14:00:00+00:00,2024-01-19 07:30:00+00:00,18717
2024-01-21 14:00:00+00:00,2024-01-19 09:30:00+00:00,18716
2024-01-21 14:00:00+00:00,2024-01-19 11:30:00+00:00,18713
2024-01-21 14:00:00+00:00,2024-01-19 15:30:00+00:00,18658
2024-01-21 14:00:00+00:00,2024-01-19 18:30:00+00:00,18563
2024-01-21 14:00:00+00:00,2024-01-19 22:30:00+00:00,18563
2024-01-21 14:00:00+00:00,2024-01-20 02:30:00+00:00,18662
2024-01-21 14:00:00+00:00,2024-01-20 04:30:00+00:00,18664
2024-01-21 14:00:00+00:00,2024-01-20 07:30:00+00:00,18676
2024-01-21 14:00:00+00:00,2024-01-20 09:30:00+00:00,18677
2024-01-21 14:00:00+00:00,2024-01-20 11:30:00+00:00,18683
2024-01-21 14:00:00+00:00,2024-01-20 15:30:00+00:00,18231
2024-01-21 14:00:00+00:00,2024-01-20 18:30:00+00:00,18382
2024-01-21 14:00:00+00:00,2024-01-20 22:30:00+00:00,18381
2024-01-21 15:00:00+00:00,2024-01-19 02:30:00+00:00,18717
2024-01-21 15:00:00+00:00,2024-01-19 04:30:00+00:00,18717
2024-01-21 15:00:00+00:00,2024-01-19 07:30:00+00:00,18039
2024-01-21 15:00:00+00:00,2024-01-19 09:30:00+00:00,18038
2024-01-21 15:00:00+00:00,2024-01-19 11:30:00+00:00,18035
2024-01-21 15:00:00+00:00,2024-01-19 15:30:00+00:00,18762
2024-01-21 15:00:00+00:00,2024-01-19 18:30:00+00:00,18591
2024-01-21 15:00:00+00:00,2024-01-19 22:30:00+00:00,18592
2024-01-21 15:00:00+00:00,2024-01-20 02:30:00+00:00,19058
2024-01-21 15:00:00+00:00,2024-01-20 04:30:00+00:00,19062
2024-01-21 15:00:00+00:00,2024-01-20 07:30:00+00:00,19050
2024-01-21 15:00:00+00:00,2024-01-20 09:30:00+00:00,19051
2024-01-21 15:00:00+00:00,2024-01-20 11:30:00+00:00,19056
2024-01-21 15:00:00+00:00,2024-01-20 15:30:00+00:00,18315
2024-01-21 15:00:00+00:00,2024-01-20 18:30:00+00:00,17429
2024-01-21 15:00:00+00:00,2024-01-20 22:30:00+00:00,17429
2024-01-21 16:00:00+00:00,2024-01-19 02:30:00+00:00,18551
2024-01-21 16:00:00+00:00,2024-01-19 04:30:00+00:00,18550
2024-01-21 16:00:00+00:00,2024-01-19 07:30:00+00:00,17381
2024-01-21 16:00:00+00:00,2024-01-19 09:30:00+00:00,17380
2024-01-21 16:00:00+00:00,2024-01-19 11:30:00+00:00,17377
2024-01-21 16:00:00+00:00,2024-01-19 15:30:00+00:00,18660
2024-01-21 16:00:00+00:00,2024-01-19 18:30:00+00:00,18836
2024-01-21 16:00:00+00:00,2024-01-19 22:30:00+00:00,18837
2024-01-21 16:00:00+00:00,2024-01-20 02:30:00+00:00,18686
2024-01-21 16:00:00+00:00,2024-01-20 04:30:00+00:00,18688
2024-01-21 16:00:00+00:00,2024-01-20 07:30:00+00:00,18741
2024-01-21 16:00:00+00:00,2024-01-20 09:30:00+00:00,18742
2024-01-21 16:00:00+00:00,2024-01-20 11:30:00+00:00,18746
2024-01-21 16:00:00+00:00,2024-01-20 15:30:00+00:00,18062
2024-01-21 16:00:00+00:00,2024-01-20 18:30:00+00:00,17220
2024-01-21 16:00:00+00:00,2024-01-20 22:30:00+00:00,17220
2024-01-21 17:00:00+00:00,2024-01-19 02:30:00+00:00,17775
2024-01-21 17:00:00+00:00,2024-01-19 04:30:00+00:00,17774
2024-01-21 17:00:00+00:00,2024-01-19 07:30:00+00:00,17436
2024-01-21 17:00:00+00:00,2024-01-19 09:30:00+00:00,17436
2024-01-21 17:00:00+00:00,2024-01-19 11:30:00+00:00,17433
2024-01-21 17:00:00+00:00,2024-01-19 15:30:00+00:00,17556
2024-01-21 17:00:00+00:00,2024-01-19 18:30:00+00:00,18736
2024-01-21 17:00:00+00:00,2024-01-19 22:30:00+00:00,18737
2024-01-21 17:00:00+00:00,2024-01-20 02:30:00+00:00,17816
2024-01-21 17:00:00+00:00,2024-01-20 04:30:00+00:00,17818
2024-01-21 17:00:00+00:00,2024-01-20 07:30:00+00:00,18167
2024-01-21 17:00:00+00:00,2024-01-20 09:30:00+00:00,18167
2024-01-21 17:00:00+00:00,2024-01-20 11:30:00+00:00,18169
2024-01-21 17:00:00+00:00,2024-01-20 15:30:00+00:00,17681
2024-01-21 17:00:00+00:00,2024-01-20 18:30:00+00:00,17241
2024-01-21 17:00:00+00:00,2024-01-20 22:30:00+00:00,17241
2024-01-21 18:00:00+00:00,2024-01-19 02:30:00+00:00,17424
2024-01-21 18:00:00+00:00,2024-01-19 04:30:00+00:00,17422
2024-01-21 18:00:00+00:00,2024-01-19 07:30:00+00:00,17305
2024-01-21 18:00:00+00:00,2024-01-19 09:30:00+00:00,17304
2024-01-21 18:00:00+00:00,2024-01-19 11:30:00+00:00,17302
2024-01-21 18:00:00+00:00,2024-01-19 15:30:00+00:00,17305
2024-01-21 18:00:00+00:00,2024-01-19 18:30:00+00:00,17995
2024-01-21 18:00:00+00:00,2024-01-19 22:30:00+00:00,17996
2024-01-21 18:00:00+00:00,2024-01-20 02:30:00+00:00,17560
2024-01-21 18:00:00+00:00,2024-01-20 04:30:00+00:00,17561
2024-01-21 18:00:00+00:00,2024-01-20 07:30:00+00:00,17495
2024-01-21 18:00:00+00:00,2024-01-20 09:30:00+00:00,17495
2024-01-21 18:00:00+00:00,2024-01-20 11:30:00+00:00,17497
2024-01-21 18:00:00+00:00,2024-01-20 15:30:00+00:00,17487
2024-01-21 18:00:00+00:00,2024-01-20 18:30:00+00:00,17270
2024-01-21 18:00:00+00:00,2024-01-20 22:30:00+00:00,17270
2024-01-21 19:00:00+00:00,2024-01-19 02:30:00+00:00,17543
2024-01-21 19:00:00+00:00,2024-01-19 04:30:00+00:00,17542
2024-01-21 19:00:00+00:00,2024-01-19 07:30:00+00:00,17353
2024-01-21 19:00:00+00:00,2024-01-19 09:30:00+00:00,17353
2024-01-21 19:00:00+00:00,2024-01-19 11:30:00+00:00,17352
2024-01-21 19:00:00+00:00,2024-01-19 15:30:00+00:00,17133
2024-01-21 19:00:00+00:00,2024-01-19 18:30:00+00:00,17604
2024-01-21 19:00:00+00:00,2024-01-19 22:30:00+00:00,17604
2024-01-21 19:00:00+00:00,2024-01-20 02:30:00+00:00,17030
2024-01-21 19:00:00+00:00,2024-01-20 04:30:00+00:00,17031
2024-01-21 19:00:00+00:00,2024-01-20 07:30:00+00:00,17447
2024-01-21 19:00:00+00:00,2024-01-20 09:30:00+00:00,17447
2024-01-21 19:00:00+00:00,2024-01-20 11:30:00+00:00,17448
2024-01-21 19:00:00+00:00,2024-01-20 15:30:00+00:00,17488
2024-01-21 19:00:00+00:00,2024-01-20 18:30:00+00:00,16941
2024-01-21 19:00:00+00:00,2024-01-20 22:30:00+00:00,16941
2024-01-21 20:00:00+00:00,2024-01-19 02:30:00+00:00,17594
2024-01-21 20:00:00+00:00,2024-01-19 04:30:00+00:00,17593
2024-01-21 20:00:00+00:00,2024-01-19 07:30:00+00:00,17340
2024-01-21 20:00:00+00:00,2024-01-19 09:30:00+00:00,17340
2024-01-21 20:00:00+00:00,2024-01-19 11:30:00+00:00,17340
2024-01-21 20:00:00+00:00,2024-01-19 15:30:00+00:00,17051
2024-01-21 20:00:00+00:00,2024-01-19 18:30:00+00:00,17112
2024-01-21 20:00:00+00:00,2024-01-19 22:30:00+00:00,17113
2024-01-21 20:00:00+00:00,2024-01-20 02:30:00+00:00,16334
2024-01-21 20:00:00+00:00,2024-01-20 04:30:00+00:00,16335
2024-01-21 20:00:00+00:00,2024-01-20 07:30:00+00:00,17345
2024-01-21 20:00:00+00:00,2024-01-20 09:30:00+00:00,17345
2024-01-21 20:00:00+00:00,2024-01-20 11:30:00+00:00,17346
2024-01-21 20:00:00+00:00,2024-01-20 15:30:00+00:00,17300
2024-01-21 20:00:00+00:00,2024-01-20 18:30:00+00:00,15905
2024-01-21 20:00:00+00:00,2024-01-20 22:30:00+00:00,15905
2024-01-21 21:00:00+00:00,2024-01-19 02:30:00+00:00,17184
2024-01-21 21:00:00+00:00,2024-01-19 04:30:00+00:00,17183
2024-01-21 21:00:00+00:00,2024-01-19 07:30:00+00:00,16334
2024-01-21 21:00:00+00:00,2024-01-19 09:30:00+00:00,16333
2024-01-21 21:00:00+00:00,2024-01-19 11:30:00+00:00,16334
2024-01-21 21:00:00+00:00,2024-01-19 15:30:00+00:00,16048
2024-01-21 21:00:00+00:00,2024-01-19 18:30:00+00:00,15763
2024-01-21 21:00:00+00:00,2024-01-19 22:30:00+00:00,15763
2024-01-21 21:00:00+00:00,2024-01-20 02:30:00+00:00,15195
2024-01-21 21:00:00+00:00,2024-01-20 04:30:00+00:00,15196
2024-01-21 21:00:00+00:00,2024-01-20 07:30:00+00:00,16207
2024-01-21 21:00:00+00:00,2024-01-20 09:30:00+00:00,16207
2024-01-21 21:00:00+00:00,2024-01-20 11:30:00+00:00,16207
2024-01-21 21:00:00+00:00,2024-01-20 15:30:00+00:00,16143
2024-01-21 21:00:00+00:00,2024-01-20 18:30:00+00:00,14642
2024-01-21 21:00:00+00:00,2024-01-20 22:30:00+00:00,14642
2024-01-21 21:00:00+00:00,2024-01-21 02:30:00+00:00,15038
2024-01-21 21:00:00+00:00,2024-01-21 04:30:00+00:00,15038
2024-01-21 21:00:00+00:00,2024-01-21 07:30:00+00:00,15878
2024-01-21 21:00:00+00:00,2024-01-21 09:30:00+00:00,15878
2024-01-21 21:00:00+00:00,2024-01-21 11:30:00+00:00,15878
2024-01-21 21:00:00+00:00,2024-01-21 15:30:00+00:00,14329
2024-01-21 21:00:00+00:00,2024-01-21 18:30:00+00:00,13414
2024-01-21 21:00:00+00:00,2024-01-21 22:30:00+00:00,13414
2024-01-21 22:00:00+00:00,2024-01-20 02:30:00+00:00,15002
2024-01-21 22:00:00+00:00,2024-01-20 04:30:00+00:00,15002
2024-01-21 22:00:00+00:00,2024-01-20 07:30:00+00:00,14805
2024-01-21 22:00:00+00:00,2024-01-20 09:30:00+00:00,14805
2024-01-21 22:00:00+00:00,2024-01-20 11:30:00+00:00,14806
2024-01-21 22:00:00+00:00,2024-01-20 15:30:00+00:00,14951
2024-01-21 22:00:00+00:00,2024-01-20 18:30:00+00:00,14796
2024-01-21 22:00:00+00:00,2024-01-20 22:30:00+00:00,14796
2024-01-21 22:00:00+00:00,2024-01-21 02:30:00+00:00,14732
2024-01-21 22:00:00+00:00,2024-01-21 04:30:00+00:00,14732
2024-01-21 22:00:00+00:00,2024-01-21 07:30:00+00:00,14343
2024-01-21 22:00:00+00:00,2024-01-21 09:30:00+00:00,14343
2024-01-21 22:00:00+00:00,2024-01-21 11:30:00+00:00,14343
2024-01-21 22:00:00+00:00,2024-01-21 15:30:00+00:00,13950
2024-01-21 22:00:00+00:00,2024-01-21 18:30:00+00:00,14417
2024-01-21 22:00:00+00:00,2024-01-21 22:30:00+00:00,14417
2024-01-21 23:00:00+00:00,2024-01-20 02:30:00+00:00,15226
2024-01-21 23:00:00+00:00,2024-01-20 04:30:00+00:00,15227
2024-01-21 23:00:00+00:00,2024-01-20 07:30:00+00:00,14591
2024-01-21 23:00:00+00:00,2024-01-20 09:30:00+00:00,14591
2024-01-21 23:00:00+00:00,2024-01-20 11:30:00+00:00,14593
2024-01-21 23:00:00+00:00,2024-01-20 15:30:00+00:00,15915
2024-01-21 23:00:00+00:00,2024-01-20 18:30:00+00:00,15245
2024-01-21 23:00:00+00:00,2024-01-20 22:30:00+00:00,15245
2024-01-21 23:00:00+00:00,2024-01-21 02:30:00+00:00,14931
2024-01-21 23:00:00+00:00,2024-01-21 04:30:00+00:00,14932
2024-01-21 23:00:00+00:00,2024-01-21 07:30:00+00:00,14766
2024-01-21 23:00:00+00:00,2024-01-21 09:30:00+00:00,14766
2024-01-21 23:00:00+00:00,2024-01-21 11:30:00+00:00,14767
2024-01-21 23:00:00+00:00,2024-01-21 15:30:00+00:00,12535
2024-01-21 23:00:00+00:00,2024-01-21 18:30:00+00:00,12374
2024-01-21 23:00:00+00:00,2024-01-21 22:30:00+00:00,12374
2024-01-22 00:00:00+00:00,2024-01-20 02:30:00+00:00,15574
2024-01-22 00:00:00+00:00,2024-01-20 04:30:00+00:00,15574
2024-01-22 00:00:00+00:00,2024-01-20 07:30:00+00:00,14999
2024-01-22 00:00:00+00:00,2024-01-20 09:30:00+00:00,14999
2024-01-22 00:00:00+00:00,2024-01-20 11:30:00+00:00,14999
2024-01-22 00:00:00+00:00,2024-01-20 15:30:00+00:00,13916
2024-01-22 00:00:00+00:00,2024-01-20 18:30:00+00:00,13285
2024-01-22 00:00:00+00:00,2024-01-20 22:30:00+00:00,13284
2024-01-22 00:00:00+00:00,2024-01-21 02:30:00+00:00,12673
2024-01-22 00:00:00+00:00,2024-01-21 04:30:00+00:00,12673
2024-01-22 00:00:00+00:00,2024-01-21 07:30:00+00:00,14539
2024-01-22 00:00:00+00:00,2024-01-21 09:30:00+00:00,14539
2024-01-22 00:00:00+00:00,2024-01-21 11:30:00+00:00,14538
2024-01-22 00:00:00+00:00,2024-01-21 15:30:00+00:00,12433
2024-01-22 00:00:00+00:00,2024-01-21 18:30:00+00:00,12256
2024-01-22 00:00:00+00:00,2024-01-21 22:30:00+00:00,12256
2024-01-22 01:00:00+00:00,2024-01-20 02:30:00+00:00,15868
2024-01-22 01:00:00+00:00,2024-01-20 04:30:00+00:00,15868
2024-01-22 01:00:00+00:00,2024-01-20 07:30:00+00:00,16381
2024-01-22 01:00:00+00:00,2024-01-20 09:30:00+00:00,16381
2024-01-22 01:00:00+00:00,2024-01-20 11:30:00+00:00,16382
2024-01-22 01:00:00+00:00,2024-01-20 15:30:00+00:00,17126
2024-01-22 01:00:00+00:00,2024-01-20 18:30:00+00:00,16563
2024-01-22 01:00:00+00:00,2024-01-20 22:30:00+00:00,16563
2024-01-22 01:00:00+00:00,2024-01-21 02:30:00+00:00,16000
2024-01-22 01:00:00+00:00,2024-01-21 04:30:00+00:00,16000
2024-01-22 01:00:00+00:00,2024-01-21 07:30:00+00:00,15352
2024-01-22 01:00:00+00:00,2024-01-21 09:30:00+00:00,15352
2024-01-22 01:00:00+00:00,2024-01-21 11:30:00+00:00,15351
2024-01-22 01:00:00+00:00,2024-01-21 15:30:00+00:00,12505
2024-01-22 01:00:00+00:00,2024-01-21 18:30:00+00:00,12891
2024-01-22 01:00:00+00:00,2024-01-21 22:30:00+00:00,12891
2024-01-22 02:00:00+00:00,2024-01-20 02:30:00+00:00,17094
2024-01-22 02:00:00+00:00,2024-01-20 04:30:00+00:00,17094
2024-01-22 02:00:00+00:00,2024-01-20 07:30:00+00:00,16910
2024-01-22 02:00:00+00:00,2024-01-20 09:30:00+00:00,16910
2024-01-22 02:00:00+00:00,2024-01-20 11:30:00+00:00,16911
2024-01-22 02:00:00+00:00,2024-01-20 15:30:00+00:00,18761
2024-01-22 02:00:00+00:00,2024-01-20 18:30:00+00:00,18584
2024-01-22 02:00:00+00:00,2024-01-20 22:30:00+00:00,18584
2024-01-22 02:00:00+00:00,2024-01-21 02:30:00+00:00,17746
2024-01-22 02:00:00+00:00,2024-01-21 04:30:00+00:00,17746
2024-01-22 02:00:00+00:00,2024-01-21 07:30:00+00:00,16655
2024-01-22 02:00:00+00:00,2024-01-21 09:30:00+00:00,16655
2024-01-22 02:00:00+00:00,2024-01-21 11:30:00+00:00,16655
2024-01-22 02:00:00+00:00,2024-01-21 15:30:00+00:00,16952
2024-01-22 02:00:00+00:00,2024-01-21 18:30:00+00:00,17325
2024-01-22 02:00:00+00:00,2024-01-21 22:30:00+00:00,17324
2024-01-22 03:00:00+00:00,2024-01-20 02:30:00+00:00,18072
2024-01-22 03:00:00+00:00,2024-01-20 04:30:00+00:00,18071
2024-01-22 03:00:00+00:00,2024-01-20 07:30:00+00:00,18140
2024-01-22 03:00:00+00:00,2024-01-20 09:30:00+00:00,18140
2024-01-22 03:00:00+00:00,2024-01-20 11:30:00+00:00,18141
2024-01-22 03:00:00+00:00,2024-01-20 15:30:00+00:00,18690
2024-01-22 03:00:00+00:00,2024-01-20 18:30:00+00:00,18944
2024-01-22 03:00:00+00:00,2024-01-20 22:30:00+00:00,18945
2024-01-22 03:00:00+00:00,2024-01-21 02:30:00+00:00,18507
2024-01-22 03:00:00+00:00,2024-01-21 04:30:00+00:00,18506
2024-01-22 03:00:00+00:00,2024-01-21 07:30:00+00:00,18107
2024-01-22 03:00:00+00:00,2024-01-21 09:30:00+00:00,18107
2024-01-22 03:00:00+00:00,2024-01-21 11:30:00+00:00,18107
2024-01-22 03:00:00+00:00,2024-01-21 15:30:00+00:00,17992
2024-01-22 03:00:00+00:00,2024-01-21 18:30:00+00:00,18511
2024-01-22 03:00:00+00:00,2024-01-21 22:30:00+00:00,18510
2024-01-22 04:00:00+00:00,2024-01-20 02:30:00+00:00,18569
2024-01-22 04:00:00+00:00,2024-01-20 04:30:00+00:00,18569
2024-01-22 04:00:00+00:00,2024-01-20 07:30:00+00:00,18587
2024-01-22 04:00:00+00:00,2024-01-20 09:30:00+00:00,18587
2024-01-22 04:00:00+00:00,2024-01-20 11:30:00+00:00,18588
2024-01-22 04:00:00+00:00,2024-01-20 15:30:00+00:00,18576
2024-01-22 04:00:00+00:00,2024-01-20 18:30:00+00:00,19095
2024-01-22 04:00:00+00:00,2024-01-20 22:30:00+00:00,19094
2024-01-22 04:00:00+00:00,2024-01-21 02:30:00+00:00,18654
2024-01-22 04:00:00+00:00,2024-01-21 04:30:00+00:00,18653
2024-01-22 04:00:00+00:00,2024-01-21 07:30:00+00:00,18578
2024-01-22 04:00:00+00:00,2024-01-21 09:30:00+00:00,18577
2024-01-22 04:00:00+00:00,2024-01-21 11:30:00+00:00,18576
2024-01-22 04:00:00+00:00,2024-01-21 15:30:00+00:00,18494
2024-01-22 04:00:00+00:00,2024-01-21 18:30:00+00:00,19003
2024-01-22 04:00:00+00:00,2024-01-21 22:30:00+00:00,19002
2024-01-22 05:00:00+00:00,2024-01-20 02:30:00+00:00,18672
2024-01-22 05:00:00+00:00,2024-01-20 04:30:00+00:00,18671
2024-01-22 05:00:00+00:00,2024-01-20 07:30:00+00:00,18720
2024-01-22 05:00:00+00:00,2024-01-20 09:30:00+00:00,18719
2024-01-22 05:00:00+00:00,2024-01-20 11:30:00+00:00,18720
2024-01-22 05:00:00+00:00,2024-01-20 15:30:00+00:00,18594
2024-01-22 05:00:00+00:00,2024-01-20 18:30:00+00:00,19304
2024-01-22 05:00:00+00:00,2024-01-20 22:30:00+00:00,19303
2024-01-22 05:00:00+00:00,2024-01-21 02:30:00+00:00,19423
2024-01-22 05:00:00+00:00,2024-01-21 04:30:00+00:00,19423
2024-01-22 05:00:00+00:00,2024-01-21 07:30:00+00:00,19330
2024-01-22 05:00:00+00:00,2024-01-21 09:30:00+00:00,19329
2024-01-22 05:00:00+00:00,2024-01-21 11:30:00+00:00,19327
2024-01-22 05:00:00+00:00,2024-01-21 15:30:00+00:00,19041
2024-01-22 05:00:00+00:00,2024-01-21 18:30:00+00:00,19646
2024-01-22 05:00:00+00:00,2024-01-21 22:30:00+00:00,19646
2024-01-22 06:00:00+00:00,2024-01-20 02:30:00+00:00,18706
2024-01-22 06:00:00+00:00,2024-01-20 04:30:00+00:00,18706
2024-01-22 06:00:00+00:00,2024-01-20 07:30:00+00:00,18703
2024-01-22 06:00:00+00:00,2024-01-20 09:30:00+00:00,18702
2024-01-22 06:00:00+00:00,2024-01-20 11:30:00+00:00,18702
2024-01-22 06:00:00+00:00,2024-01-20 15:30:00+00:00,18478
2024-01-22 06:00:00+00:00,2024-01-20 18:30:00+00:00,19606
2024-01-22 06:00:00+00:00,2024-01-20 22:30:00+00:00,19605
2024-01-22 06:00:00+00:00,2024-01-21 02:30:00+00:00,19662
2024-01-22 06:00:00+00:00,2024-01-21 04:30:00+00:00,19660
2024-01-22 06:00:00+00:00,2024-01-21 07:30:00+00:00,19633
2024-01-22 06:00:00+00:00,2024-01-21 09:30:00+00:00,19633
2024-01-22 06:00:00+00:00,2024-01-21 11:30:00+00:00,19633
2024-01-22 06:00:00+00:00,2024-01-21 15:30:00+00:00,19628
2024-01-22 06:00:00+00:00,2024-01-21 18:30:00+00:00,19719
2024-01-22 06:00:00+00:00,2024-01-21 22:30:00+00:00,19717
2024-01-22 07:00:00+00:00,2024-01-20 02:30:00+00:00,18661
2024-01-22 07:00:00+00:00,2024-01-20 04:30:00+00:00,18661
2024-01-22 07:00:00+00:00,2024-01-20 07:30:00+00:00,18820
2024-01-22 07:00:00+00:00,2024-01-20 09:30:00+00:00,18819
2024-01-22 07:00:00+00:00,2024-01-20 11:30:00+00:00,18819
2024-01-22 07:00:00+00:00,2024-01-20 15:30:00+00:00,18850
2024-01-22 07:00:00+00:00,2024-01-20 18:30:00+00:00,19660
2024-01-22 07:00:00+00:00,2024-01-20 22:30:00+00:00,19659
2024-01-22 07:00:00+00:00,2024-01-21 02:30:00+00:00,19709
2024-01-22 07:00:00+00:00,2024-01-21 04:30:00+00:00,19707
2024-01-22 07:00:00+00:00,2024-01-21 07:30:00+00:00,19717
2024-01-22 07:00:00+00:00,2024-01-21 09:30:00+00:00,19718
2024-01-22 07:00:00+00:00,2024-01-21 11:30:00+00:00,19719
2024-01-22 07:00:00+00:00,2024-01-21 15:30:00+00:00,19818
2024-01-22 07:00:00+00:00,2024-01-21 18:30:00+00:00,19779
2024-01-22 07:00:00+00:00,2024-01-21 22:30:00+00:00,19779
2024-01-22 08:00:00+00:00,2024-01-20 02:30:00+00:00,18967
2024-01-22 08:00:00+00:00,2024-01-20 04:30:00+00:00,18966
2024-01-22 08:00:00+00:00,2024-01-20 07:30:00+00:00,19072
2024-01-22 08:00:00+00:00,2024-01-20 09:30:00+00:00,19072
2024-01-22 08:00:00+00:00,2024-01-20 11:30:00+00:00,19071
2024-01-22 08:00:00+00:00,2024-01-20 15:30:00+00:00,18789
2024-01-22 08:00:00+00:00,2024-01-20 18:30:00+00:00,19749
2024-01-22 08:00:00+00:00,2024-01-20 22:30:00+00:00,19748
2024-01-22 08:00:00+00:00,2024-01-21 02:30:00+00:00,19813
2024-01-22 08:00:00+00:00,2024-01-21 04:30:00+00:00,19812
2024-01-22 08:00:00+00:00,2024-01-21 07:30:00+00:00,19789
2024-01-22 08:00:00+00:00,2024-01-21 09:30:00+00:00,19789
2024-01-22 08:00:00+00:00,2024-01-21 11:30:00+00:00,19788
2024-01-22 08:00:00+00:00,2024-01-21 15:30:00+00:00,19790
2024-01-22 08:00:00+00:00,2024-01-21 18:30:00+00:00,19716
2024-01-22 08:00:00+00:00,2024-01-21 22:30:00+00:00,19716
2024-01-22 09:00:00+00:00,2024-01-20 02:30:00+00:00,19166
2024-01-22 09:00:00+00:00,2024-01-20 04:30:00+00:00,19165
2024-01-22 09:00:00+00:00,2024-01-20 07:30:00+00:00,19143
2024-01-22 09:00:00+00:00,2024-01-20 09:30:00+00:00,19143
2024-01-22 09:00:00+00:00,2024-01-20 11:30:00+00:00,19142
2024-01-22 09:00:00+00:00,2024-01-20 15:30:00+00:00,19015
2024-01-22 09:00:00+00:00,2024-01-20 18:30:00+00:00,19775
2024-01-22 09:00:00+00:00,2024-01-20 22:30:00+00:00,19773
2024-01-22 09:00:00+00:00,2024-01-21 02:30:00+00:00,19762
2024-01-22 09:00:00+00:00,2024-01-21 04:30:00+00:00,19760
2024-01-22 09:00:00+00:00,2024-01-21 07:30:00+00:00,19741
2024-01-22 09:00:00+00:00,2024-01-21 09:30:00+00:00,19740
2024-01-22 09:00:00+00:00,2024-01-21 11:30:00+00:00,19744
2024-01-22 09:00:00+00:00,2024-01-21 15:30:00+00:00,19706
2024-01-22 09:00:00+00:00,2024-01-21 18:30:00+00:00,19665
2024-01-22 09:00:00+00:00,2024-01-21 22:30:00+00:00,19665
2024-01-22 10:00:00+00:00,2024-01-20 02:30:00+00:00,19147
2024-01-22 10:00:00+00:00,2024-01-20 04:30:00+00:00,19146
2024-01-22 10:00:00+00:00,2024-01-20 07:30:00+00:00,19299
2024-01-22 10:00:00+00:00,2024-01-20 09:30:00+00:00,19299
2024-01-22 10:00:00+00:00,2024-01-20 11:30:00+00:00,19298
2024-01-22 10:00:00+00:00,2024-01-20 15:30:00+00:00,19004
2024-01-22 10:00:00+00:00,2024-01-20 18:30:00+00:00,19018
2024-01-22 10:00:00+00:00,2024-01-20 22:30:00+00:00,19017
2024-01-22 10:00:00+00:00,2024-01-21 02:30:00+00:00,19675
2024-01-22 10:00:00+00:00,2024-01-21 04:30:00+00:00,19676
2024-01-22 10:00:00+00:00,2024-01-21 07:30:00+00:00,19737
2024-01-22 10:00:00+00:00,2024-01-21 09:30:00+00:00,19736
2024-01-22 10:00:00+00:00,2024-01-21 11:30:00+00:00,19739
2024-01-22 10:00:00+00:00,2024-01-21 15:30:00+00:00,19725
2024-01-22 10:00:00+00:00,2024-01-21 18:30:00+00:00,19669
2024-01-22 10:00:00+00:00,2024-01-21 22:30:00+00:00,19669
2024-01-22 11:00:00+00:00,2024-01-20 02:30:00+00:00,19297
2024-01-22 11:00:00+00:00,2024-01-20 04:30:00+00:00,19296
2024-01-22 11:00:00+00:00,2024-01-20 07:30:00+00:00,19279
2024-01-22 11:00:00+00:00,2024-01-20 09:30:00+00:00,19278
2024-01-22 11:00:00+00:00,2024-01-20 11:30:00+00:00,19278
2024-01-22 11:00:00+00:00,2024-01-20 15:30:00+00:00,19096
2024-01-22 11:00:00+00:00,2024-01-20 18:30:00+00:00,19009
2024-01-22 11:00:00+00:00,2024-01-20 22:30:00+00:00,19008
2024-01-22 11:00:00+00:00,2024-01-21 02:30:00+00:00,19734
2024-01-22 11:00:00+00:00,2024-01-21 04:30:00+00:00,19734
2024-01-22 11:00:00+00:00,2024-01-21 07:30:00+00:00,19743
2024-01-22 11:00:00+00:00,2024-01-21 09:30:00+00:00,19742
2024-01-22 11:00:00+00:00,2024-01-21 11:30:00+00:00,19744
2024-01-22 11:00:00+00:00,2024-01-21 15:30:00+00:00,19753
2024-01-22 11:00:00+00:00,2024-01-21 18:30:00+00:00,19689
2024-01-22 11:00:00+00:00,2024-01-21 22:30:00+00:00,19689
2024-01-22 12:00:00+00:00,2024-01-20 02:30:00+00:00,19271
2024-01-22 12:00:00+00:00,2024-01-20 04:30:00+00:00,19270
2024-01-22 12:00:00+00:00,2024-01-20 07:30:00+00:00,19254
2024-01-22 12:00:00+00:00,2024-01-20 09:30:00+00:00,19254
2024-01-22 12:00:00+00:00,2024-01-20 11:30:00+00:00,19254
2024-01-22 12:00:00+00:00,2024-01-20 15:30:00+00:00,19076
2024-01-22 12:00:00+00:00,2024-01-20 18:30:00+00:00,19102
2024-01-22 12:00:00+00:00,2024-01-20 22:30:00+00:00,19102
2024-01-22 12:00:00+00:00,2024-01-21 02:30:00+00:00,19740
2024-01-22 12:00:00+00:00,2024-01-21 04:30:00+00:00,19739
2024-01-22 12:00:00+00:00,2024-01-21 07:30:00+00:00,19754
2024-01-22 12:00:00+00:00,2024-01-21 09:30:00+00:00,19753
2024-01-22 12:00:00+00:00,2024-01-21 11:30:00+00:00,19754
2024-01-22 12:00:00+00:00,2024-01-21 15:30:00+00:00,19734
2024-01-22 12:00:00+00:00,2024-01-21 18:30:00+00:00,19701
2024-01-22 12:00:00+00:00,2024-01-21 22:30:00+00:00,19701
2024-01-22 13:00:00+00:00,2024-01-20 02:30:00+00:00,19204
2024-01-22 13:00:00+00:00,2024-01-20 04:30:00+00:00,19204
2024-01-22 13:00:00+00:00,2024-01-20 07:30:00+00:00,19192
2024-01-22 13:00:00+00:00,2024-01-20 09:30:00+00:00,19191
2024-01-22 13:00:00+00:00,2024-01-20 11:30:00+00:00,19191
2024-01-22 13:00:00+00:00,2024-01-20 15:30:00+00:00,19215
2024-01-22 13:00:00+00:00,2024-01-20 18:30:00+00:00,19248
2024-01-22 13:00:00+00:00,2024-01-20 22:30:00+00:00,19248
2024-01-22 13:00:00+00:00,2024-01-21 02:30:00+00:00,19650
2024-01-22 13:00:00+00:00,2024-01-21 04:30:00+00:00,19650
2024-01-22 13:00:00+00:00,2024-01-21 07:30:00+00:00,19707
2024-01-22 13:00:00+00:00,2024-01-21 09:30:00+00:00,19707
2024-01-22 13:00:00+00:00,2024-01-21 11:30:00+00:00,19709
2024-01-22 13:00:00+00:00,2024-01-21 15:30:00+00:00,19678
2024-01-22 13:00:00+00:00,2024-01-21 18:30:00+00:00,19673
2024-01-22 13:00:00+00:00,2024-01-21 22:30:00+00:00,19674
2024-01-22 14:00:00+00:00,2024-01-20 02:30:00+00:00,19153
2024-01-22 14:00:00+00:00,2024-01-20 04:30:00+00:00,19153
2024-01-22 14:00:00+00:00,2024-01-20 07:30:00+00:00,19147
2024-01-22 14:00:00+00:00,2024-01-20 09:30:00+00:00,19146
2024-01-22 14:00:00+00:00,2024-01-20 11:30:00+00:00,19146
2024-01-22 14:00:00+00:00,2024-01-20 15:30:00+00:00,19176
2024-01-22 14:00:00+00:00,2024-01-20 18:30:00+00:00,19218
2024-01-22 14:00:00+00:00,2024-01-20 22:30:00+00:00,19218
2024-01-22 14:00:00+00:00,2024-01-21 02:30:00+00:00,19620
2024-01-22 14:00:00+00:00,2024-01-21 04:30:00+00:00,19620
2024-01-22 14:00:00+00:00,2024-01-21 07:30:00+00:00,19708
2024-01-22 14:00:00+00:00,2024-01-21 09:30:00+00:00,19708
2024-01-22 14:00:00+00:00,2024-01-21 11:30:00+00:00,19711
2024-01-22 14:00:00+00:00,2024-01-21 15:30:00+00:00,19720
2024-01-22 14:00:00+00:00,2024-01-21 18:30:00+00:00,19631
2024-01-22 14:00:00+00:00,2024-01-21 22:30:00+00:00,19631
2024-01-22 15:00:00+00:00,2024-01-20 02:30:00+00:00,19090
2024-01-22 15:00:00+00:00,2024-01-20 04:30:00+00:00,19092
2024-01-22 15:00:00+00:00,2024-01-20 07:30:00+00:00,19094
2024-01-22 15:00:00+00:00,2024-01-20 09:30:00+00:00,19093
2024-01-22 15:00:00+00:00,2024-01-20 11:30:00+00:00,19093
2024-01-22 15:00:00+00:00,2024-01-20 15:30:00+00:00,19130
2024-01-22 15:00:00+00:00,2024-01-20 18:30:00+00:00,19183
2024-01-22 15:00:00+00:00,2024-01-20 22:30:00+00:00,19182
2024-01-22 15:00:00+00:00,2024-01-21 02:30:00+00:00,19675
2024-01-22 15:00:00+00:00,2024-01-21 04:30:00+00:00,19677
2024-01-22 15:00:00+00:00,2024-01-21 07:30:00+00:00,19680
2024-01-22 15:00:00+00:00,2024-01-21 09:30:00+00:00,19680
2024-01-22 15:00:00+00:00,2024-01-21 11:30:00+00:00,19680
2024-01-22 15:00:00+00:00,2024-01-21 15:30:00+00:00,19683
2024-01-22 15:00:00+00:00,2024-01-21 18:30:00+00:00,19606
2024-01-22 15:00:00+00:00,2024-01-21 22:30:00+00:00,19606
2024-01-22 16:00:00+00:00,2024-01-20 02:30:00+00:00,19072
2024-01-22 16:00:00+00:00,2024-01-20 04:30:00+00:00,19073
2024-01-22 16:00:00+00:00,2024-01-20 07:30:00+00:00,19082
2024-01-22 16:00:00+00:00,2024-01-20 09:30:00+00:00,19081
2024-01-22 16:00:00+00:00,2024-01-20 11:30:00+00:00,19081
2024-01-22 16:00:00+00:00,2024-01-20 15:30:00+00:00,19121
2024-01-22 16:00:00+00:00,2024-01-20 18:30:00+00:00,19177
2024-01-22 16:00:00+00:00,2024-01-20 22:30:00+00:00,19176
2024-01-22 16:00:00+00:00,2024-01-21 02:30:00+00:00,19092
2024-01-22 16:00:00+00:00,2024-01-21 04:30:00+00:00,19093
2024-01-22 16:00:00+00:00,2024-01-21 07:30:00+00:00,19613
2024-01-22 16:00:00+00:00,2024-01-21 09:30:00+00:00,19614
2024-01-22 16:00:00+00:00,2024-01-21 11:30:00+00:00,19615
2024-01-22 16:00:00+00:00,2024-01-21 15:30:00+00:00,19636
2024-01-22 16:00:00+00:00,2024-01-21 18:30:00+00:00,19571
2024-01-22 16:00:00+00:00,2024-01-21 22:30:00+00:00,19571
2024-01-22 17:00:00+00:00,2024-01-20 02:30:00+00:00,19082
2024-01-22 17:00:00+00:00,2024-01-20 04:30:00+00:00,19082
2024-01-22 17:00:00+00:00,2024-01-20 07:30:00+00:00,19097
2024-01-22 17:00:00+00:00,2024-01-20 09:30:00+00:00,19097
2024-01-22 17:00:00+00:00,2024-01-20 11:30:00+00:00,19097
2024-01-22 17:00:00+00:00,2024-01-20 15:30:00+00:00,19108
2024-01-22 17:00:00+00:00,2024-01-20 18:30:00+00:00,19060
2024-01-22 17:00:00+00:00,2024-01-20 22:30:00+00:00,19060
2024-01-22 17:00:00+00:00,2024-01-21 02:30:00+00:00,19087
2024-01-22 17:00:00+00:00,2024-01-21 04:30:00+00:00,19086
2024-01-22 17:00:00+00:00,2024-01-21 07:30:00+00:00,19642
2024-01-22 17:00:00+00:00,2024-01-21 09:30:00+00:00,19643
2024-01-22 17:00:00+00:00,2024-01-21 11:30:00+00:00,19650
2024-01-22 17:00:00+00:00,2024-01-21 15:30:00+00:00,19641
2024-01-22 17:00:00+00:00,2024-01-21 18:30:00+00:00,19564
2024-01-22 17:00:00+00:00,2024-01-21 22:30:00+00:00,19564
2024-01-22 18:00:00+00:00,2024-01-20 02:30:00+00:00,19056
2024-01-22 18:00:00+00:00,2024-01-20 04:30:00+00:00,19057
2024-01-22 18:00:00+00:00,2024-01-20 07:30:00+00:00,19078
2024-01-22 18:00:00+00:00,2024-01-20 09:30:00+00:00,19077
2024-01-22 18:00:00+00:00,2024-01-20 11:30:00+00:00,19078
2024-01-22 18:00:00+00:00,2024-01-20 15:30:00+00:00,19016
2024-01-22 18:00:00+00:00,2024-01-20 18:30:00+00:00,19046
2024-01-22 18:00:00+00:00,2024-01-20 22:30:00+00:00,19046
2024-01-22 18:00:00+00:00,2024-01-21 02:30:00+00:00,19075
2024-01-22 18:00:00+00:00,2024-01-21 04:30:00+00:00,19074
2024-01-22 18:00:00+00:00,2024-01-21 07:30:00+00:00,19647
2024-01-22 18:00:00+00:00,2024-01-21 09:30:00+00:00,19647
2024-01-22 18:00:00+00:00,2024-01-21 11:30:00+00:00,19647
2024-01-22 18:00:00+00:00,2024-01-21 15:30:00+00:00,19623
2024-01-22 18:00:00+00:00,2024-01-21 18:30:00+00:00,19536
2024-01-22 18:00:00+00:00,2024-01-21 22:30:00+00:00,19536
2024-01-22 19:00:00+00:00,2024-01-20 02:30:00+00:00,19009
2024-01-22 19:00:00+00:00,2024-01-20 04:30:00+00:00,19010
2024-01-22 19:00:00+00:00,2024-01-20 07:30:00+00:00,19120
2024-01-22 19:00:00+00:00,2024-01-20 09:30:00+00:00,19119
2024-01-22 19:00:00+00:00,2024-01-20 11:30:00+00:00,19120
2024-01-22 19:00:00+00:00,2024-01-20 15:30:00+00:00,19074
2024-01-22 19:00:00+00:00,2024-01-20 18:30:00+00:00,19135
2024-01-22 19:00:00+00:00,2024-01-20 22:30:00+00:00,19134
2024-01-22 19:00:00+00:00,2024-01-21 02:30:00+00:00,19069
2024-01-22 19:00:00+00:00,2024-01-21 04:30:00+00:00,19067
2024-01-22 19:00:00+00:00,2024-01-21 07:30:00+00:00,19637
2024-01-22 19:00:00+00:00,2024-01-21 09:30:00+00:00,19637
2024-01-22 19:00:00+00:00,2024-01-21 11:30:00+00:00,19638
2024-01-22 19:00:00+00:00,2024-01-21 15:30:00+00:00,19605
2024-01-22 19:00:00+00:00,2024-01-21 18:30:00+00:00,19514
2024-01-22 19:00:00+00:00,2024-01-21 22:30:00+00:00,19515
2024-01-22 20:00:00+00:00,2024-01-20 02:30:00+00:00,19041
2024-01-22 20:00:00+00:00,2024-01-20 04:30:00+00:00,19041
2024-01-22 20:00:00+00:00,2024-01-20 07:30:00+00:00,19104
2024-01-22 20:00:00+00:00,2024-01-20 09:30:00+00:00,19103
2024-01-22 20:00:00+00:00,2024-01-20 11:30:00+00:00,19104
2024-01-22 20:00:00+00:00,2024-01-20 15:30:00+00:00,19152
2024-01-22 20:00:00+00:00,2024-01-20 18:30:00+00:00,19159
2024-01-22 20:00:00+00:00,2024-01-20 22:30:00+00:00,19158
2024-01-22 20:00:00+00:00,2024-01-21 02:30:00+00:00,19127
2024-01-22 20:00:00+00:00,2024-01-21 04:30:00+00:00,19126
2024-01-22 20:00:00+00:00,2024-01-21 07:30:00+00:00,19612
2024-01-22 20:00:00+00:00,2024-01-21 09:30:00+00:00,19613
2024-01-22 20:00:00+00:00,2024-01-21 11:30:00+00:00,19614
2024-01-22 20:00:00+00:00,2024-01-21 15:30:00+00:00,19615
2024-01-22 20:00:00+00:00,2024-01-21 18:30:00+00:00,19531
2024-01-22 20:00:00+00:00,2024-01-21 22:30:00+00:00,19533
2024-01-22 21:00:00+00:00,2024-01-20 02:30:00+00:00,19088
2024-01-22 21:00:00+00:00,2024-01-20 04:30:00+00:00,19089
2024-01-22 21:00:00+00:00,2024-01-20 07:30:00+00:00,19114
2024-01-22 21:00:00+00:00,2024-01-20 09:30:00+00:00,19113
2024-01-22 21:00:00+00:00,2024-01-20 11:30:00+00:00,19115
2024-01-22 21:00:00+00:00,2024-01-20 15:30:00+00:00,19105
2024-01-22 21:00:00+00:00,2024-01-20 18:30:00+00:00,19194
2024-01-22 21:00:00+00:00,2024-01-20 22:30:00+00:00,19193
2024-01-22 21:00:00+00:00,2024-01-21 02:30:00+00:00,19228
2024-01-22 21:00:00+00:00,2024-01-21 04:30:00+00:00,19226
2024-01-22 21:00:00+00:00,2024-01-21 07:30:00+00:00,19581
2024-01-22 21:00:00+00:00,2024-01-21 09:30:00+00:00,19581
2024-01-22 21:00:00+00:00,2024-01-21 11:30:00+00:00,19580
2024-01-22 21:00:00+00:00,2024-01-21 15:30:00+00:00,19580
2024-01-22 21:00:00+00:00,2024-01-21 18:30:00+00:00,19455
2024-01-22 21:00:00+00:00,2024-01-21 22:30:00+00:00,19456
2024-01-22 21:00:00+00:00,2024-01-22 02:30:00+00:00,19446
2024-01-22 21:00:00+00:00,2024-01-22 04:30:00+00:00,19457
2024-01-22 21:00:00+00:00,2024-01-22 07:30:00+00:00,19480
2024-01-22 21:00:00+00:00,2024-01-22 09:30:00+00:00,19480
2024-01-22 21:00:00+00:00,2024-01-22 11:30:00+00:00,19484
2024-01-22 21:00:00+00:00,2024-01-22 15:30:00+00:00,19563
2024-01-22 21:00:00+00:00,2024-01-22 18:30:00+00:00,19634
2024-01-22 21:00:00+00:00,2024-01-22 22:30:00+00:00,19635
2024-01-22 22:00:00+00:00,2024-01-21 02:30:00+00:00,19210
2024-01-22 22:00:00+00:00,2024-01-21 04:30:00+00:00,19208
2024-01-22 22:00:00+00:00,2024-01-21 07:30:00+00:00,19241
2024-01-22 22:00:00+00:00,2024-01-21 09:30:00+00:00,19241
2024-01-22 22:00:00+00:00,2024-01-21 11:30:00+00:00,19217
2024-01-22 22:00:00+00:00,2024-01-21 15:30:00+00:00,19362
2024-01-22 22:00:00+00:00,2024-01-21 18:30:00+00:00,19219
2024-01-22 22:00:00+00:00,2024-01-21 22:30:00+00:00,19223
2024-01-22 22:00:00+00:00,2024-01-22 02:30:00+00:00,19274
2024-01-22 22:00:00+00:00,2024-01-22 04:30:00+00:00,19297
2024-01-22 22:00:00+00:00,2024-01-22 07:30:00+00:00,19348
2024-01-22 22:00:00+00:00,2024-01-22 09:30:00+00:00,19350
2024-01-22 22:00:00+00:00,2024-01-22 11:30:00+00:00,19351
2024-01-22 22:00:00+00:00,2024-01-22 15:30:00+00:00,19436
2024-01-22 22:00:00+00:00,2024-01-22 18:30:00+00:00,19470
2024-01-22 22:00:00+00:00,2024-01-22 22:30:00+00:00,19472
2024-01-22 23:00:00+00:00,2024-01-21 02:30:00+00:00,19082
2024-01-22 23:00:00+00:00,2024-01-21 04:30:00+00:00,19078
2024-01-22 23:00:00+00:00,2024-01-21 07:30:00+00:00,19023
2024-01-22 23:00:00+00:00,2024-01-21 09:30:00+00:00,19022
2024-01-22 23:00:00+00:00,2024-01-21 11:30:00+00:00,18966
2024-01-22 23:00:00+00:00,2024-01-21 15:30:00+00:00,19152
2024-01-22 23:00:00+00:00,2024-01-21 18:30:00+00:00,18988
2024-01-22 23:00:00+00:00,2024-01-21 22:30:00+00:00,18994
2024-01-22 23:00:00+00:00,2024-01-22 02:30:00+00:00,19028
2024-01-22 23:00:00+00:00,2024-01-22 04:30:00+00:00,19060
2024-01-22 23:00:00+00:00,2024-01-22 07:30:00+00:00,19127
2024-01-22 23:00:00+00:00,2024-01-22 09:30:00+00:00,19130
2024-01-22 23:00:00+00:00,2024-01-22 11:30:00+00:00,19129
2024-01-22 23:00:00+00:00,2024-01-22 15:30:00+00:00,19210
2024-01-22 23:00:00+00:00,2024-01-22 18:30:00+00:00,19199
2024-01-22 23:00:00+00:00,2024-01-22 22:30:00+00:00,19208
2024-01-23 00:00:00+00:00,2024-01-21 02:30:00+00:00,18818
2024-01-23 00:00:00+00:00,2024-01-21 04:30:00+00:00,18812
2024-01-23 00:00:00+00:00,2024-01-21 07:30:00+00:00,18747
2024-01-23 00:00:00+00:00,2024-01-21 09:30:00+00:00,18746
2024-01-23 00:00:00+00:00,2024-01-21 11:30:00+00:00,18683
2024-01-23 00:00:00+00:00,2024-01-21 15:30:00+00:00,18869
2024-01-23 00:00:00+00:00,2024-01-21 18:30:00+00:00,18692
2024-01-23 00:00:00+00:00,2024-01-21 22:30:00+00:00,18683
2024-01-23 00:00:00+00:00,2024-01-22 02:30:00+00:00,18707
2024-01-23 00:00:00+00:00,2024-01-22 04:30:00+00:00,18745
2024-01-23 00:00:00+00:00,2024-01-22 07:30:00+00:00,18749
2024-01-23 00:00:00+00:00,2024-01-22 09:30:00+00:00,18756
2024-01-23 00:00:00+00:00,2024-01-22 11:30:00+00:00,18741
2024-01-23 00:00:00+00:00,2024-01-22 15:30:00+00:00,18815
2024-01-23 00:00:00+00:00,2024-01-22 18:30:00+00:00,18791
2024-01-23 00:00:00+00:00,2024-01-22 22:30:00+00:00,18788
2024-01-23 01:00:00+00:00,2024-01-21 02:30:00+00:00,18423
2024-01-23 01:00:00+00:00,2024-01-21 04:30:00+00:00,18413
2024-01-23 01:00:00+00:00,2024-01-21 07:30:00+00:00,18327
2024-01-23 01:00:00+00:00,2024-01-21 09:30:00+00:00,18325
2024-01-23 01:00:00+00:00,2024-01-21 11:30:00+00:00,18181
2024-01-23 01:00:00+00:00,2024-01-21 15:30:00+00:00,18359
2024-01-23 01:00:00+00:00,2024-01-21 18:30:00+00:00,18175
2024-01-23 01:00:00+00:00,2024-01-21 22:30:00+00:00,18178
2024-01-23 01:00:00+00:00,2024-01-22 02:30:00+00:00,18234
2024-01-23 01:00:00+00:00,2024-01-22 04:30:00+00:00,18226
2024-01-23 01:00:00+00:00,2024-01-22 07:30:00+00:00,18350
2024-01-23 01:00:00+00:00,2024-01-22 09:30:00+00:00,18356
2024-01-23 01:00:00+00:00,2024-01-22 11:30:00+00:00,18332
2024-01-23 01:00:00+00:00,2024-01-22 15:30:00+00:00,18403
2024-01-23 01:00:00+00:00,2024-01-22 18:30:00+00:00,18319
2024-01-23 01:00:00+00:00,2024-01-22 22:30:00+00:00,18301
2024-01-23 02:00:00+00:00,2024-01-21 02:30:00+00:00,17845
2024-01-23 02:00:00+00:00,2024-01-21 04:30:00+00:00,17830
2024-01-23 02:00:00+00:00,2024-01-21 07:30:00+00:00,17721
2024-01-23 02:00:00+00:00,2024-01-21 09:30:00+00:00,17719
2024-01-23 02:00:00+00:00,2024-01-21 11:30:00+00:00,17584
2024-01-23 02:00:00+00:00,2024-01-21 15:30:00+00:00,17783
2024-01-23 02:00:00+00:00,2024-01-21 18:30:00+00:00,17663
2024-01-23 02:00:00+00:00,2024-01-21 22:30:00+00:00,17667
2024-01-23 02:00:00+00:00,2024-01-22 02:30:00+00:00,17749
2024-01-23 02:00:00+00:00,2024-01-22 04:30:00+00:00,17747
2024-01-23 02:00:00+00:00,2024-01-22 07:30:00+00:00,17821
2024-01-23 02:00:00+00:00,2024-01-22 09:30:00+00:00,17823
2024-01-23 02:00:00+00:00,2024-01-22 11:30:00+00:00,17805
2024-01-23 02:00:00+00:00,2024-01-22 15:30:00+00:00,17831
2024-01-23 02:00:00+00:00,2024-01-22 18:30:00+00:00,17743
2024-01-23 02:00:00+00:00,2024-01-22 22:30:00+00:00,17740
2024-01-23 03:00:00+00:00,2024-01-21 02:30:00+00:00,17083
2024-01-23 03:00:00+00:00,2024-01-21 04:30:00+00:00,17064
2024-01-23 03:00:00+00:00,2024-01-21 07:30:00+00:00,16932
2024-01-23 03:00:00+00:00,2024-01-21 09:30:00+00:00,16929
2024-01-23 03:00:00+00:00,2024-01-21 11:30:00+00:00,16867
2024-01-23 03:00:00+00:00,2024-01-21 15:30:00+00:00,17159
2024-01-23 03:00:00+00:00,2024-01-21 18:30:00+00:00,17000
2024-01-23 03:00:00+00:00,2024-01-21 22:30:00+00:00,17001
2024-01-23 03:00:00+00:00,2024-01-22 02:30:00+00:00,17123
2024-01-23 03:00:00+00:00,2024-01-22 04:30:00+00:00,17126
2024-01-23 03:00:00+00:00,2024-01-22 07:30:00+00:00,17150
2024-01-23 03:00:00+00:00,2024-01-22 09:30:00+00:00,17149
2024-01-23 03:00:00+00:00,2024-01-22 11:30:00+00:00,17143
2024-01-23 03:00:00+00:00,2024-01-22 15:30:00+00:00,17034
2024-01-23 03:00:00+00:00,2024-01-22 18:30:00+00:00,16902
2024-01-23 03:00:00+00:00,2024-01-22 22:30:00+00:00,16901
2024-01-23 04:00:00+00:00,2024-01-21 02:30:00+00:00,16428
2024-01-23 04:00:00+00:00,2024-01-21 04:30:00+00:00,16409
2024-01-23 04:00:00+00:00,2024-01-21 07:30:00+00:00,16171
2024-01-23 04:00:00+00:00,2024-01-21 09:30:00+00:00,16168
2024-01-23 04:00:00+00:00,2024-01-21 11:30:00+00:00,16126
2024-01-23 04:00:00+00:00,2024-01-21 15:30:00+00:00,16067
2024-01-23 04:00:00+00:00,2024-01-21 18:30:00+00:00,16049
2024-01-23 04:00:00+00:00,2024-01-21 22:30:00+00:00,16050
2024-01-23 04:00:00+00:00,2024-01-22 02:30:00+00:00,16035
2024-01-23 04:00:00+00:00,2024-01-22 04:30:00+00:00,16035
2024-01-23 04:00:00+00:00,2024-01-22 07:30:00+00:00,16024
2024-01-23 04:00:00+00:00,2024-01-22 09:30:00+00:00,16022
2024-01-23 04:00:00+00:00,2024-01-22 11:30:00+00:00,16019
2024-01-23 04:00:00+00:00,2024-01-22 15:30:00+00:00,15952
2024-01-23 04:00:00+00:00,2024-01-22 18:30:00+00:00,15782
2024-01-23 04:00:00+00:00,2024-01-22 22:30:00+00:00,15775
2024-01-23 05:00:00+00:00,2024-01-21 02:30:00+00:00,15595
2024-01-23 05:00:00+00:00,2024-01-21 04:30:00+00:00,15575
2024-01-23 05:00:00+00:00,2024-01-21 07:30:00+00:00,15202
2024-01-23 05:00:00+00:00,2024-01-21 09:30:00+00:00,15198
2024-01-23 05:00:00+00:00,2024-01-21 11:30:00+00:00,15177
2024-01-23 05:00:00+00:00,2024-01-21 15:30:00+00:00,15074
2024-01-23 05:00:00+00:00,2024-01-21 18:30:00+00:00,14589
2024-01-23 05:00:00+00:00,2024-01-21 22:30:00+00:00,14589
2024-01-23 05:00:00+00:00,2024-01-22 02:30:00+00:00,14522
2024-01-23 05:00:00+00:00,2024-01-22 04:30:00+00:00,14522
2024-01-23 05:00:00+00:00,2024-01-22 07:30:00+00:00,14436
2024-01-23 05:00:00+00:00,2024-01-22 09:30:00+00:00,14436
2024-01-23 05:00:00+00:00,2024-01-22 11:30:00+00:00,14436
2024-01-23 05:00:00+00:00,2024-01-22 15:30:00+00:00,14372
2024-01-23 05:00:00+00:00,2024-01-22 18:30:00+00:00,14393
2024-01-23 05:00:00+00:00,2024-01-22 22:30:00+00:00,14388
2024-01-23 06:00:00+00:00,2024-01-21 02:30:00+00:00,14568
2024-01-23 06:00:00+00:00,2024-01-21 04:30:00+00:00,14547
2024-01-23 06:00:00+00:00,2024-01-21 07:30:00+00:00,14011
2024-01-23 06:00:00+00:00,2024-01-21 09:30:00+00:00,14007
2024-01-23 06:00:00+00:00,2024-01-21 11:30:00+00:00,14007
2024-01-23 06:00:00+00:00,2024-01-21 15:30:00+00:00,13856
2024-01-23 06:00:00+00:00,2024-01-21 18:30:00+00:00,13704
2024-01-23 06:00:00+00:00,2024-01-21 22:30:00+00:00,13697
2024-01-23 06:00:00+00:00,2024-01-22 02:30:00+00:00,13741
2024-01-23 06:00:00+00:00,2024-01-22 04:30:00+00:00,13745
2024-01-23 06:00:00+00:00,2024-01-22 07:30:00+00:00,13423
2024-01-23 06:00:00+00:00,2024-01-22 09:30:00+00:00,13422
2024-01-23 06:00:00+00:00,2024-01-22 11:30:00+00:00,13404
2024-01-23 06:00:00+00:00,2024-01-22 15:30:00+00:00,13342
2024-01-23 06:00:00+00:00,2024-01-22 18:30:00+00:00,13438
2024-01-23 06:00:00+00:00,2024-01-22 22:30:00+00:00,13438
2024-01-23 07:00:00+00:00,2024-01-21 02:30:00+00:00,15338
2024-01-23 07:00:00+00:00,2024-01-21 04:30:00+00:00,15325
2024-01-23 07:00:00+00:00,2024-01-21 07:30:00+00:00,14745
2024-01-23 07:00:00+00:00,2024-01-21 09:30:00+00:00,14742
2024-01-23 07:00:00+00:00,2024-01-21 11:30:00+00:00,14743
2024-01-23 07:00:00+00:00,2024-01-21 15:30:00+00:00,14583
2024-01-23 07:00:00+00:00,2024-01-21 18:30:00+00:00,13714
2024-01-23 07:00:00+00:00,2024-01-21 22:30:00+00:00,13715
2024-01-23 07:00:00+00:00,2024-01-22 02:30:00+00:00,13408
2024-01-23 07:00:00+00:00,2024-01-22 04:30:00+00:00,13411
2024-01-23 07:00:00+00:00,2024-01-22 07:30:00+00:00,13051
2024-01-23 07:00:00+00:00,2024-01-22 09:30:00+00:00,13057
2024-01-23 07:00:00+00:00,2024-01-22 11:30:00+00:00,13056
2024-01-23 07:00:00+00:00,2024-01-22 15:30:00+00:00,13049
2024-01-23 07:00:00+00:00,2024-01-22 18:30:00+00:00,13188
2024-01-23 07:00:00+00:00,2024-01-22 22:30:00+00:00,13188
2024-01-23 08:00:00+00:00,2024-01-21 02:30:00+00:00,15888
2024-01-23 08:00:00+00:00,2024-01-21 04:30:00+00:00,15882
2024-01-23 08:00:00+00:00,2024-01-21 07:30:00+00:00,15264
2024-01-23 08:00:00+00:00,2024-01-21 09:30:00+00:00,15263
2024-01-23 08:00:00+00:00,2024-01-21 11:30:00+00:00,15264
2024-01-23 08:00:00+00:00,2024-01-21 15:30:00+00:00,15104
2024-01-23 08:00:00+00:00,2024-01-21 18:30:00+00:00,14372
2024-01-23 08:00:00+00:00,2024-01-21 22:30:00+00:00,14367
2024-01-23 08:00:00+00:00,2024-01-22 02:30:00+00:00,14025
2024-01-23 08:00:00+00:00,2024-01-22 04:30:00+00:00,14027
2024-01-23 08:00:00+00:00,2024-01-22 07:30:00+00:00,13617
2024-01-23 08:00:00+00:00,2024-01-22 09:30:00+00:00,13625
2024-01-23 08:00:00+00:00,2024-01-22 11:30:00+00:00,13607
2024-01-23 08:00:00+00:00,2024-01-22 15:30:00+00:00,13632
2024-01-23 08:00:00+00:00,2024-01-22 18:30:00+00:00,13891
2024-01-23 08:00:00+00:00,2024-01-22 22:30:00+00:00,13889
2024-01-23 09:00:00+00:00,2024-01-21 02:30:00+00:00,16148
2024-01-23 09:00:00+00:00,2024-01-21 04:30:00+00:00,16145
2024-01-23 09:00:00+00:00,2024-01-21 07:30:00+00:00,15560
2024-01-23 09:00:00+00:00,2024-01-21 09:30:00+00:00,15560
2024-01-23 09:00:00+00:00,2024-01-21 11:30:00+00:00,15560
2024-01-23 09:00:00+00:00,2024-01-21 15:30:00+00:00,15402
2024-01-23 09:00:00+00:00,2024-01-21 18:30:00+00:00,15499
2024-01-23 09:00:00+00:00,2024-01-21 22:30:00+00:00,15499
2024-01-23 09:00:00+00:00,2024-01-22 02:30:00+00:00,15092
2024-01-23 09:00:00+00:00,2024-01-22 04:30:00+00:00,15087
2024-01-23 09:00:00+00:00,2024-01-22 07:30:00+00:00,14657
2024-01-23 09:00:00+00:00,2024-01-22 09:30:00+00:00,14660
2024-01-23 09:00:00+00:00,2024-01-22 11:30:00+00:00,14625
2024-01-23 09:00:00+00:00,2024-01-22 15:30:00+00:00,14647
2024-01-23 09:00:00+00:00,2024-01-22 18:30:00+00:00,14854
2024-01-23 09:00:00+00:00,2024-01-22 22:30:00+00:00,14855
2024-01-23 10:00:00+00:00,2024-01-21 02:30:00+00:00,17457
2024-01-23 10:00:00+00:00,2024-01-21 04:30:00+00:00,17455
2024-01-23 10:00:00+00:00,2024-01-21 07:30:00+00:00,17057
2024-01-23 10:00:00+00:00,2024-01-21 09:30:00+00:00,17057
2024-01-23 10:00:00+00:00,2024-01-21 11:30:00+00:00,17056
2024-01-23 10:00:00+00:00,2024-01-21 15:30:00+00:00,16960
2024-01-23 10:00:00+00:00,2024-01-21 18:30:00+00:00,16801
2024-01-23 10:00:00+00:00,2024-01-21 22:30:00+00:00,16800
2024-01-23 10:00:00+00:00,2024-01-22 02:30:00+00:00,16748
2024-01-23 10:00:00+00:00,2024-01-22 04:30:00+00:00,16748
2024-01-23 10:00:00+00:00,2024-01-22 07:30:00+00:00,16401
2024-01-23 10:00:00+00:00,2024-01-22 09:30:00+00:00,16403
2024-01-23 10:00:00+00:00,2024-01-22 11:30:00+00:00,16398
2024-01-23 10:00:00+00:00,2024-01-22 15:30:00+00:00,16353
2024-01-23 10:00:00+00:00,2024-01-22 18:30:00+00:00,16611
2024-01-23 10:00:00+00:00,2024-01-22 22:30:00+00:00,16612
2024-01-23 11:00:00+00:00,2024-01-21 02:30:00+00:00,18284
2024-01-23 11:00:00+00:00,2024-01-21 04:30:00+00:00,18283
2024-01-23 11:00:00+00:00,2024-01-21 07:30:00+00:00,18077
2024-01-23 11:00:00+00:00,2024-01-21 09:30:00+00:00,18077
2024-01-23 11:00:00+00:00,2024-01-21 11:30:00+00:00,18076
2024-01-23 11:00:00+00:00,2024-01-21 15:30:00+00:00,18022
2024-01-23 11:00:00+00:00,2024-01-21 18:30:00+00:00,17848
2024-01-23 11:00:00+00:00,2024-01-21 22:30:00+00:00,17848
2024-01-23 11:00:00+00:00,2024-01-22 02:30:00+00:00,18061
2024-01-23 11:00:00+00:00,2024-01-22 04:30:00+00:00,18061
2024-01-23 11:00:00+00:00,2024-01-22 07:30:00+00:00,17825
2024-01-23 11:00:00+00:00,2024-01-22 09:30:00+00:00,17826
2024-01-23 11:00:00+00:00,2024-01-22 11:30:00+00:00,17826
2024-01-23 11:00:00+00:00,2024-01-22 15:30:00+00:00,17736
2024-01-23 11:00:00+00:00,2024-01-22 18:30:00+00:00,17983
2024-01-23 11:00:00+00:00,2024-01-22 22:30:00+00:00,17983
2024-01-23 12:00:00+00:00,2024-01-21 02:30:00+00:00,18745
2024-01-23 12:00:00+00:00,2024-01-21 04:30:00+00:00,18744
2024-01-23 12:00:00+00:00,2024-01-21 07:30:00+00:00,18658
2024-01-23 12:00:00+00:00,2024-01-21 09:30:00+00:00,18657
2024-01-23 12:00:00+00:00,2024-01-21 11:30:00+00:00,18657
2024-01-23 12:00:00+00:00,2024-01-21 15:30:00+00:00,18624
2024-01-23 12:00:00+00:00,2024-01-21 18:30:00+00:00,18445
2024-01-23 12:00:00+00:00,2024-01-21 22:30:00+00:00,18444
2024-01-23 12:00:00+00:00,2024-01-22 02:30:00+00:00,18762
2024-01-23 12:00:00+00:00,2024-01-22 04:30:00+00:00,18763
2024-01-23 12:00:00+00:00,2024-01-22 07:30:00+00:00,18576
2024-01-23 12:00:00+00:00,2024-01-22 09:30:00+00:00,18576
2024-01-23 12:00:00+00:00,2024-01-22 11:30:00+00:00,18575
2024-01-23 12:00:00+00:00,2024-01-22 15:30:00+00:00,18582
2024-01-23 12:00:00+00:00,2024-01-22 18:30:00+00:00,18686
2024-01-23 12:00:00+00:00,2024-01-22 22:30:00+00:00,18686
2024-01-23 13:00:00+00:00,2024-01-21 02:30:00+00:00,18928
2024-01-23 13:00:00+00:00,2024-01-21 04:30:00+00:00,18928
2024-01-23 13:00:00+00:00,2024-01-21 07:30:00+00:00,18898
2024-01-23 13:00:00+00:00,2024-01-21 09:30:00+00:00,18898
2024-01-23 13:00:00+00:00,2024-01-21 11:30:00+00:00,18898
2024-01-23 13:00:00+00:00,2024-01-21 15:30:00+00:00,18802
2024-01-23 13:00:00+00:00,2024-01-21 18:30:00+00:00,18728
2024-01-23 13:00:00+00:00,2024-01-21 22:30:00+00:00,18727
2024-01-23 13:00:00+00:00,2024-01-22 02:30:00+00:00,19115
2024-01-23 13:00:00+00:00,2024-01-22 04:30:00+00:00,19115
2024-01-23 13:00:00+00:00,2024-01-22 07:30:00+00:00,19025
2024-01-23 13:00:00+00:00,2024-01-22 09:30:00+00:00,19026
2024-01-23 13:00:00+00:00,2024-01-22 11:30:00+00:00,19026
2024-01-23 13:00:00+00:00,2024-01-22 15:30:00+00:00,19052
2024-01-23 13:00:00+00:00,2024-01-22 18:30:00+00:00,19109
2024-01-23 13:00:00+00:00,2024-01-22 22:30:00+00:00,19110
2024-01-23 14:00:00+00:00,2024-01-21 02:30:00+00:00,18961
2024-01-23 14:00:00+00:00,2024-01-21 04:30:00+00:00,18960
2024-01-23 14:00:00+00:00,2024-01-21 07:30:00+00:00,18961
2024-01-23 14:00:00+00:00,2024-01-21 09:30:00+00:00,18960
2024-01-23 14:00:00+00:00,2024-01-21 11:30:00+00:00,18960
2024-01-23 14:00:00+00:00,2024-01-21 15:30:00+00:00,18962
2024-01-23 14:00:00+00:00,2024-01-21 18:30:00+00:00,18898
2024-01-23 14:00:00+00:00,2024-01-21 22:30:00+00:00,18898
2024-01-23 14:00:00+00:00,2024-01-22 02:30:00+00:00,19248
2024-01-23 14:00:00+00:00,2024-01-22 04:30:00+00:00,19248
2024-01-23 14:00:00+00:00,2024-01-22 07:30:00+00:00,19258
2024-01-23 14:00:00+00:00,2024-01-22 09:30:00+00:00,19259
2024-01-23 14:00:00+00:00,2024-01-22 11:30:00+00:00,19259
2024-01-23 14:00:00+00:00,2024-01-22 15:30:00+00:00,19235
2024-01-23 14:00:00+00:00,2024-01-22 18:30:00+00:00,19233
2024-01-23 14:00:00+00:00,2024-01-22 22:30:00+00:00,19234
2024-01-23 15:00:00+00:00,2024-01-21 02:30:00+00:00,19037
2024-01-23 15:00:00+00:00,2024-01-21 04:30:00+00:00,19037
2024-01-23 15:00:00+00:00,2024-01-21 07:30:00+00:00,18947
2024-01-23 15:00:00+00:00,2024-01-21 09:30:00+00:00,18947
2024-01-23 15:00:00+00:00,2024-01-21 11:30:00+00:00,18947
2024-01-23 15:00:00+00:00,2024-01-21 15:30:00+00:00,18952
2024-01-23 15:00:00+00:00,2024-01-21 18:30:00+00:00,19005
2024-01-23 15:00:00+00:00,2024-01-21 22:30:00+00:00,19004
2024-01-23 15:00:00+00:00,2024-01-22 02:30:00+00:00,19362
2024-01-23 15:00:00+00:00,2024-01-22 04:30:00+00:00,19363
2024-01-23 15:00:00+00:00,2024-01-22 07:30:00+00:00,19353
2024-01-23 15:00:00+00:00,2024-01-22 09:30:00+00:00,19353
2024-01-23 15:00:00+00:00,2024-01-22 11:30:00+00:00,19353
2024-01-23 15:00:00+00:00,2024-01-22 15:30:00+00:00,19433
2024-01-23 15:00:00+00:00,2024-01-22 18:30:00+00:00,19459
2024-01-23 15:00:00+00:00,2024-01-22 22:30:00+00:00,19460
2024-01-23 16:00:00+00:00,2024-01-21 02:30:00+00:00,18986
2024-01-23 16:00:00+00:00,2024-01-21 04:30:00+00:00,18987
2024-01-23 16:00:00+00:00,2024-01-21 07:30:00+00:00,18975
2024-01-23 16:00:00+00:00,2024-01-21 09:30:00+00:00,18975
2024-01-23 16:00:00+00:00,2024-01-21 11:30:00+00:00,18975
2024-01-23 16:00:00+00:00,2024-01-21 15:30:00+00:00,18994
2024-01-23 16:00:00+00:00,2024-01-21 18:30:00+00:00,18974
2024-01-23 16:00:00+00:00,2024-01-21 22:30:00+00:00,18975
2024-01-23 16:00:00+00:00,2024-01-22 02:30:00+00:00,18930
2024-01-23 16:00:00+00:00,2024-01-22 04:30:00+00:00,18931
2024-01-23 16:00:00+00:00,2024-01-22 07:30:00+00:00,19390
2024-01-23 16:00:00+00:00,2024-01-22 09:30:00+00:00,19390
2024-01-23 16:00:00+00:00,2024-01-22 11:30:00+00:00,19390
2024-01-23 16:00:00+00:00,2024-01-22 15:30:00+00:00,19440
2024-01-23 16:00:00+00:00,2024-01-22 18:30:00+00:00,19426
2024-01-23 16:00:00+00:00,2024-01-22 22:30:00+00:00,19426
2024-01-23 17:00:00+00:00,2024-01-21 02:30:00+00:00,18942
2024-01-23 17:00:00+00:00,2024-01-21 04:30:00+00:00,18943
2024-01-23 17:00:00+00:00,2024-01-21 07:30:00+00:00,18988
2024-01-23 17:00:00+00:00,2024-01-21 09:30:00+00:00,18988
2024-01-23 17:00:00+00:00,2024-01-21 11:30:00+00:00,18988
2024-01-23 17:00:00+00:00,2024-01-21 15:30:00+00:00,19016
2024-01-23 17:00:00+00:00,2024-01-21 18:30:00+00:00,18942
2024-01-23 17:00:00+00:00,2024-01-21 22:30:00+00:00,18942
2024-01-23 17:00:00+00:00,2024-01-22 02:30:00+00:00,18937
2024-01-23 17:00:00+00:00,2024-01-22 04:30:00+00:00,18939
2024-01-23 17:00:00+00:00,2024-01-22 07:30:00+00:00,19493
2024-01-23 17:00:00+00:00,2024-01-22 09:30:00+00:00,19493
2024-01-23 17:00:00+00:00,2024-01-22 11:30:00+00:00,19493
2024-01-23 17:00:00+00:00,2024-01-22 15:30:00+00:00,19558
2024-01-23 17:00:00+00:00,2024-01-22 18:30:00+00:00,19561
2024-01-23 17:00:00+00:00,2024-01-22 22:30:00+00:00,19561
2024-01-23 18:00:00+00:00,2024-01-21 02:30:00+00:00,18826
2024-01-23 18:00:00+00:00,2024-01-21 04:30:00+00:00,18827
2024-01-23 18:00:00+00:00,2024-01-21 07:30:00+00:00,18879
2024-01-23 18:00:00+00:00,2024-01-21 09:30:00+00:00,18879
2024-01-23 18:00:00+00:00,2024-01-21 11:30:00+00:00,18878
2024-01-23 18:00:00+00:00,2024-01-21 15:30:00+00:00,18814
2024-01-23 18:00:00+00:00,2024-01-21 18:30:00+00:00,18877
2024-01-23 18:00:00+00:00,2024-01-21 22:30:00+00:00,18878
2024-01-23 18:00:00+00:00,2024-01-22 02:30:00+00:00,18744
2024-01-23 18:00:00+00:00,2024-01-22 04:30:00+00:00,18746
2024-01-23 18:00:00+00:00,2024-01-22 07:30:00+00:00,19546
2024-01-23 18:00:00+00:00,2024-01-22 09:30:00+00:00,19546
2024-01-23 18:00:00+00:00,2024-01-22 11:30:00+00:00,19547
2024-01-23 18:00:00+00:00,2024-01-22 15:30:00+00:00,19310
2024-01-23 18:00:00+00:00,2024-01-22 18:30:00+00:00,19432
2024-01-23 18:00:00+00:00,2024-01-22 22:30:00+00:00,19432
2024-01-23 19:00:00+00:00,2024-01-21 02:30:00+00:00,18882
2024-01-23 19:00:00+00:00,2024-01-21 04:30:00+00:00,18883
2024-01-23 19:00:00+00:00,2024-01-21 07:30:00+00:00,18939
2024-01-23 19:00:00+00:00,2024-01-21 09:30:00+00:00,18939
2024-01-23 19:00:00+00:00,2024-01-21 11:30:00+00:00,18939
2024-01-23 19:00:00+00:00,2024-01-21 15:30:00+00:00,18708
2024-01-23 19:00:00+00:00,2024-01-21 18:30:00+00:00,18926
2024-01-23 19:00:00+00:00,2024-01-21 22:30:00+00:00,18927
2024-01-23 19:00:00+00:00,2024-01-22 02:30:00+00:00,18691
2024-01-23 19:00:00+00:00,2024-01-22 04:30:00+00:00,18692
2024-01-23 19:00:00+00:00,2024-01-22 07:30:00+00:00,19200
2024-01-23 19:00:00+00:00,2024-01-22 09:30:00+00:00,19200
2024-01-23 19:00:00+00:00,2024-01-22 11:30:00+00:00,19201
2024-01-23 19:00:00+00:00,2024-01-22 15:30:00+00:00,19136
2024-01-23 19:00:00+00:00,2024-01-22 18:30:00+00:00,19369
2024-01-23 19:00:00+00:00,2024-01-22 22:30:00+00:00,19368
2024-01-23 20:00:00+00:00,2024-01-21 02:30:00+00:00,18584
2024-01-23 20:00:00+00:00,2024-01-21 04:30:00+00:00,18585
2024-01-23 20:00:00+00:00,2024-01-21 07:30:00+00:00,18530
2024-01-23 20:00:00+00:00,2024-01-21 09:30:00+00:00,18530
2024-01-23 20:00:00+00:00,2024-01-21 11:30:00+00:00,18530
2024-01-23 20:00:00+00:00,2024-01-21 15:30:00+00:00,18340
2024-01-23 20:00:00+00:00,2024-01-21 18:30:00+00:00,18491
2024-01-23 20:00:00+00:00,2024-01-21 22:30:00+00:00,18491
2024-01-23 20:00:00+00:00,2024-01-22 02:30:00+00:00,18467
2024-01-23 20:00:00+00:00,2024-01-22 04:30:00+00:00,18468
2024-01-23 20:00:00+00:00,2024-01-22 07:30:00+00:00,18926
2024-01-23 20:00:00+00:00,2024-01-22 09:30:00+00:00,18927
2024-01-23 20:00:00+00:00,2024-01-22 11:30:00+00:00,18927
2024-01-23 20:00:00+00:00,2024-01-22 15:30:00+00:00,19073
2024-01-23 20:00:00+00:00,2024-01-22 18:30:00+00:00,19071
2024-01-23 20:00:00+00:00,2024-01-22 22:30:00+00:00,19071
2024-01-23 21:00:00+00:00,2024-01-21 02:30:00+00:00,18407
2024-01-23 21:00:00+00:00,2024-01-21 04:30:00+00:00,18408
2024-01-23 21:00:00+00:00,2024-01-21 07:30:00+00:00,18358
2024-01-23 21:00:00+00:00,2024-01-21 09:30:00+00:00,18358
2024-01-23 21:00:00+00:00,2024-01-21 11:30:00+00:00,18358
2024-01-23 21:00:00+00:00,2024-01-21 15:30:00+00:00,18232
2024-01-23 21:00:00+00:00,2024-01-21 18:30:00+00:00,18371
2024-01-23 21:00:00+00:00,2024-01-21 22:30:00+00:00,18372
2024-01-23 21:00:00+00:00,2024-01-22 02:30:00+00:00,18225
2024-01-23 21:00:00+00:00,2024-01-22 04:30:00+00:00,18227
2024-01-23 21:00:00+00:00,2024-01-22 07:30:00+00:00,18755
2024-01-23 21:00:00+00:00,2024-01-22 09:30:00+00:00,18755
2024-01-23 21:00:00+00:00,2024-01-22 11:30:00+00:00,18754
2024-01-23 21:00:00+00:00,2024-01-22 15:30:00+00:00,18765
2024-01-23 21:00:00+00:00,2024-01-22 18:30:00+00:00,18757
2024-01-23 21:00:00+00:00,2024-01-22 22:30:00+00:00,18758
2024-01-23 21:00:00+00:00,2024-01-23 02:30:00+00:00,18696
2024-01-23 21:00:00+00:00,2024-01-23 04:30:00+00:00,18697
2024-01-23 21:00:00+00:00,2024-01-23 07:30:00+00:00,18824
2024-01-23 21:00:00+00:00,2024-01-23 09:30:00+00:00,18824
2024-01-23 21:00:00+00:00,2024-01-23 14:00:00+00:00,18822
2024-01-23 21:00:00+00:00,2024-01-23 15:30:00+00:00,18843
2024-01-23 21:00:00+00:00,2024-01-23 18:30:00+00:00,18831
2024-01-23 21:00:00+00:00,2024-01-23 22:30:00+00:00,18831
2024-01-23 22:00:00+00:00,2024-01-22 02:30:00+00:00,18096
2024-01-23 22:00:00+00:00,2024-01-22 04:30:00+00:00,18097
2024-01-23 22:00:00+00:00,2024-01-22 07:30:00+00:00,18113
2024-01-23 22:00:00+00:00,2024-01-22 09:30:00+00:00,18113
2024-01-23 22:00:00+00:00,2024-01-22 11:30:00+00:00,18112
2024-01-23 22:00:00+00:00,2024-01-22 15:30:00+00:00,18552
2024-01-23 22:00:00+00:00,2024-01-22 18:30:00+00:00,18697
2024-01-23 22:00:00+00:00,2024-01-22 22:30:00+00:00,18697
2024-01-23 22:00:00+00:00,2024-01-23 02:30:00+00:00,18708
2024-01-23 22:00:00+00:00,2024-01-23 04:30:00+00:00,18708
2024-01-23 22:00:00+00:00,2024-01-23 07:30:00+00:00,18755
2024-01-23 22:00:00+00:00,2024-01-23 09:30:00+00:00,18756
2024-01-23 22:00:00+00:00,2024-01-23 14:00:00+00:00,18755
2024-01-23 22:00:00+00:00,2024-01-23 15:30:00+00:00,18563
2024-01-23 22:00:00+00:00,2024-01-23 18:30:00+00:00,18879
2024-01-23 22:00:00+00:00,2024-01-23 22:30:00+00:00,18879
2024-01-23 23:00:00+00:00,2024-01-22 02:30:00+00:00,18101
2024-01-23 23:00:00+00:00,2024-01-22 04:30:00+00:00,18102
2024-01-23 23:00:00+00:00,2024-01-22 07:30:00+00:00,18218
2024-01-23 23:00:00+00:00,2024-01-22 09:30:00+00:00,18218
2024-01-23 23:00:00+00:00,2024-01-22 11:30:00+00:00,18217
2024-01-23 23:00:00+00:00,2024-01-22 15:30:00+00:00,18562
2024-01-23 23:00:00+00:00,2024-01-22 18:30:00+00:00,18623
2024-01-23 23:00:00+00:00,2024-01-22 22:30:00+00:00,18624
2024-01-23 23:00:00+00:00,2024-01-23 02:30:00+00:00,18165
2024-01-23 23:00:00+00:00,2024-01-23 04:30:00+00:00,18166
2024-01-23 23:00:00+00:00,2024-01-23 07:30:00+00:00,18342
2024-01-23 23:00:00+00:00,2024-01-23 09:30:00+00:00,18342
2024-01-23 23:00:00+00:00,2024-01-23 14:00:00+00:00,18341
2024-01-23 23:00:00+00:00,2024-01-23 15:30:00+00:00,18149
2024-01-23 23:00:00+00:00,2024-01-23 18:30:00+00:00,18406
2024-01-23 23:00:00+00:00,2024-01-23 22:30:00+00:00,18407
2024-01-24 00:00:00+00:00,2024-01-22 02:30:00+00:00,18227
2024-01-24 00:00:00+00:00,2024-01-22 04:30:00+00:00,18227
2024-01-24 00:00:00+00:00,2024-01-22 07:30:00+00:00,18242
2024-01-24 00:00:00+00:00,2024-01-22 09:30:00+00:00,18242
2024-01-24 00:00:00+00:00,2024-01-22 11:30:00+00:00,18242
2024-01-24 00:00:00+00:00,2024-01-22 15:30:00+00:00,18407
2024-01-24 00:00:00+00:00,2024-01-22 18:30:00+00:00,18600
2024-01-24 00:00:00+00:00,2024-01-22 22:30:00+00:00,18601
2024-01-24 00:00:00+00:00,2024-01-23 02:30:00+00:00,18276
2024-01-24 00:00:00+00:00,2024-01-23 04:30:00+00:00,18276
2024-01-24 00:00:00+00:00,2024-01-23 07:30:00+00:00,18133
2024-01-24 00:00:00+00:00,2024-01-23 09:30:00+00:00,18134
2024-01-24 00:00:00+00:00,2024-01-23 14:00:00+00:00,18133
2024-01-24 00:00:00+00:00,2024-01-23 15:30:00+00:00,18132
2024-01-24 00:00:00+00:00,2024-01-23 18:30:00+00:00,18390
2024-01-24 00:00:00+00:00,2024-01-23 22:30:00+00:00,18390
2024-01-24 01:00:00+00:00,2024-01-22 02:30:00+00:00,18239
2024-01-24 01:00:00+00:00,2024-01-22 04:30:00+00:00,18239
2024-01-24 01:00:00+00:00,2024-01-22 07:30:00+00:00,18252
2024-01-24 01:00:00+00:00,2024-01-22 09:30:00+00:00,18252
2024-01-24 01:00:00+00:00,2024-01-22 11:30:00+00:00,18249
2024-01-24 01:00:00+00:00,2024-01-22 15:30:00+00:00,18462
2024-01-24 01:00:00+00:00,2024-01-22 18:30:00+00:00,18146
2024-01-24 01:00:00+00:00,2024-01-22 22:30:00+00:00,18146
2024-01-24 01:00:00+00:00,2024-01-23 02:30:00+00:00,17904
2024-01-24 01:00:00+00:00,2024-01-23 04:30:00+00:00,17904
2024-01-24 01:00:00+00:00,2024-01-23 07:30:00+00:00,18087
2024-01-24 01:00:00+00:00,2024-01-23 09:30:00+00:00,18087
2024-01-24 01:00:00+00:00,2024-01-23 14:00:00+00:00,18086
2024-01-24 01:00:00+00:00,2024-01-23 15:30:00+00:00,17996
2024-01-24 01:00:00+00:00,2024-01-23 18:30:00+00:00,18236
2024-01-24 01:00:00+00:00,2024-01-23 22:30:00+00:00,18237
2024-01-24 02:00:00+00:00,2024-01-22 02:30:00+00:00,18345
2024-01-24 02:00:00+00:00,2024-01-22 04:30:00+00:00,18345
2024-01-24 02:00:00+00:00,2024-01-22 07:30:00+00:00,18259
2024-01-24 02:00:00+00:00,2024-01-22 09:30:00+00:00,18259
2024-01-24 02:00:00+00:00,2024-01-22 11:30:00+00:00,18253
2024-01-24 02:00:00+00:00,2024-01-22 15:30:00+00:00,18409
2024-01-24 02:00:00+00:00,2024-01-22 18:30:00+00:00,18461
2024-01-24 02:00:00+00:00,2024-01-22 22:30:00+00:00,18461
2024-01-24 02:00:00+00:00,2024-01-23 02:30:00+00:00,18413
2024-01-24 02:00:00+00:00,2024-01-23 04:30:00+00:00,18413
2024-01-24 02:00:00+00:00,2024-01-23 07:30:00+00:00,18462
2024-01-24 02:00:00+00:00,2024-01-23 09:30:00+00:00,18463
2024-01-24 02:00:00+00:00,2024-01-23 14:00:00+00:00,18461
2024-01-24 02:00:00+00:00,2024-01-23 15:30:00+00:00,18283
2024-01-24 02:00:00+00:00,2024-01-23 18:30:00+00:00,18369
2024-01-24 02:00:00+00:00,2024-01-23 22:30:00+00:00,18370
2024-01-24 03:00:00+00:00,2024-01-22 02:30:00+00:00,18349
2024-01-24 03:00:00+00:00,2024-01-22 04:30:00+00:00,18349
2024-01-24 03:00:00+00:00,2024-01-22 07:30:00+00:00,18359
2024-01-24 03:00:00+00:00,2024-01-22 09:30:00+00:00,18359
2024-01-24 03:00:00+00:00,2024-01-22 11:30:00+00:00,18355
2024-01-24 03:00:00+00:00,2024-01-22 15:30:00+00:00,18450
2024-01-24 03:00:00+00:00,2024-01-22 18:30:00+00:00,18409
2024-01-24 03:00:00+00:00,2024-01-22 22:30:00+00:00,18410
2024-01-24 03:00:00+00:00,2024-01-23 02:30:00+00:00,18381
2024-01-24 03:00:00+00:00,2024-01-23 04:30:00+00:00,18383
2024-01-24 03:00:00+00:00,2024-01-23 07:30:00+00:00,18523
2024-01-24 03:00:00+00:00,2024-01-23 09:30:00+00:00,18523
2024-01-24 03:00:00+00:00,2024-01-23 14:00:00+00:00,18521
2024-01-24 03:00:00+00:00,2024-01-23 15:30:00+00:00,18353
2024-01-24 03:00:00+00:00,2024-01-23 18:30:00+00:00,18257
2024-01-24 03:00:00+00:00,2024-01-23 22:30:00+00:00,18258
2024-01-24 04:00:00+00:00,2024-01-22 02:30:00+00:00,18356
2024-01-24 04:00:00+00:00,2024-01-22 04:30:00+00:00,18356
2024-01-24 04:00:00+00:00,2024-01-22 07:30:00+00:00,18271
2024-01-24 04:00:00+00:00,2024-01-22 09:30:00+00:00,18271
2024-01-24 04:00:00+00:00,2024-01-22 11:30:00+00:00,18268
2024-01-24 04:00:00+00:00,2024-01-22 15:30:00+00:00,18223
2024-01-24 04:00:00+00:00,2024-01-22 18:30:00+00:00,18418
2024-01-24 04:00:00+00:00,2024-01-22 22:30:00+00:00,18419
2024-01-24 04:00:00+00:00,2024-01-23 02:30:00+00:00,18444
2024-01-24 04:00:00+00:00,2024-01-23 04:30:00+00:00,18444
2024-01-24 04:00:00+00:00,2024-01-23 07:30:00+00:00,18409
2024-01-24 04:00:00+00:00,2024-01-23 09:30:00+00:00,18410
2024-01-24 04:00:00+00:00,2024-01-23 14:00:00+00:00,18408
2024-01-24 04:00:00+00:00,2024-01-23 15:30:00+00:00,18311
2024-01-24 04:00:00+00:00,2024-01-23 18:30:00+00:00,18399
2024-01-24 04:00:00+00:00,2024-01-23 22:30:00+00:00,18399
2024-01-24 05:00:00+00:00,2024-01-22 02:30:00+00:00,18410
2024-01-24 05:00:00+00:00,2024-01-22 04:30:00+00:00,18409
2024-01-24 05:00:00+00:00,2024-01-22 07:30:00+00:00,18234
2024-01-24 05:00:00+00:00,2024-01-22 09:30:00+00:00,18234
2024-01-24 05:00:00+00:00,2024-01-22 11:30:00+00:00,18232
2024-01-24 05:00:00+00:00,2024-01-22 15:30:00+00:00,18131
2024-01-24 05:00:00+00:00,2024-01-22 18:30:00+00:00,18292
2024-01-24 05:00:00+00:00,2024-01-22 22:30:00+00:00,18293
2024-01-24 05:00:00+00:00,2024-01-23 02:30:00+00:00,18551
2024-01-24 05:00:00+00:00,2024-01-23 04:30:00+00:00,18551
2024-01-24 05:00:00+00:00,2024-01-23 07:30:00+00:00,18551
2024-01-24 05:00:00+00:00,2024-01-23 09:30:00+00:00,18552
2024-01-24 05:00:00+00:00,2024-01-23 14:00:00+00:00,18550
2024-01-24 05:00:00+00:00,2024-01-23 15:30:00+00:00,18340
2024-01-24 05:00:00+00:00,2024-01-23 18:30:00+00:00,18463
2024-01-24 05:00:00+00:00,2024-01-23 22:30:00+00:00,18465
2024-01-24 06:00:00+00:00,2024-01-22 02:30:00+00:00,18370
2024-01-24 06:00:00+00:00,2024-01-22 04:30:00+00:00,18369
2024-01-24 06:00:00+00:00,2024-01-22 07:30:00+00:00,18173
2024-01-24 06:00:00+00:00,2024-01-22 09:30:00+00:00,18172
2024-01-24 06:00:00+00:00,2024-01-22 11:30:00+00:00,18172
2024-01-24 06:00:00+00:00,2024-01-22 15:30:00+00:00,18174
2024-01-24 06:00:00+00:00,2024-01-22 18:30:00+00:00,18426
2024-01-24 06:00:00+00:00,2024-01-22 22:30:00+00:00,18426
2024-01-24 06:00:00+00:00,2024-01-23 02:30:00+00:00,18792
2024-01-24 06:00:00+00:00,2024-01-23 04:30:00+00:00,18800
2024-01-24 06:00:00+00:00,2024-01-23 07:30:00+00:00,19003
2024-01-24 06:00:00+00:00,2024-01-23 09:30:00+00:00,19004
2024-01-24 06:00:00+00:00,2024-01-23 14:00:00+00:00,19001
2024-01-24 06:00:00+00:00,2024-01-23 15:30:00+00:00,18654
2024-01-24 06:00:00+00:00,2024-01-23 18:30:00+00:00,18760
2024-01-24 06:00:00+00:00,2024-01-23 22:30:00+00:00,18759
2024-01-24 07:00:00+00:00,2024-01-22 02:30:00+00:00,18449
2024-01-24 07:00:00+00:00,2024-01-22 04:30:00+00:00,18448
2024-01-24 07:00:00+00:00,2024-01-22 07:30:00+00:00,18453
2024-01-24 07:00:00+00:00,2024-01-22 09:30:00+00:00,18452
2024-01-24 07:00:00+00:00,2024-01-22 11:30:00+00:00,18452
2024-01-24 07:00:00+00:00,2024-01-22 15:30:00+00:00,18450
2024-01-24 07:00:00+00:00,2024-01-22 18:30:00+00:00,18813
2024-01-24 07:00:00+00:00,2024-01-22 22:30:00+00:00,18816
2024-01-24 07:00:00+00:00,2024-01-23 02:30:00+00:00,19300
2024-01-24 07:00:00+00:00,2024-01-23 04:30:00+00:00,19300
2024-01-24 07:00:00+00:00,2024-01-23 07:30:00+00:00,19481
2024-01-24 07:00:00+00:00,2024-01-23 09:30:00+00:00,19484
2024-01-24 07:00:00+00:00,2024-01-23 14:00:00+00:00,19484
2024-01-24 07:00:00+00:00,2024-01-23 15:30:00+00:00,19070
2024-01-24 07:00:00+00:00,2024-01-23 18:30:00+00:00,19108
2024-01-24 07:00:00+00:00,2024-01-23 22:30:00+00:00,19109
2024-01-24 08:00:00+00:00,2024-01-22 02:30:00+00:00,18396
2024-01-24 08:00:00+00:00,2024-01-22 04:30:00+00:00,18395
2024-01-24 08:00:00+00:00,2024-01-22 07:30:00+00:00,18390
2024-01-24 08:00:00+00:00,2024-01-22 09:30:00+00:00,18390
2024-01-24 08:00:00+00:00,2024-01-22 11:30:00+00:00,18389
2024-01-24 08:00:00+00:00,2024-01-22 15:30:00+00:00,18380
2024-01-24 08:00:00+00:00,2024-01-22 18:30:00+00:00,19548
2024-01-24 08:00:00+00:00,2024-01-22 22:30:00+00:00,19551
2024-01-24 08:00:00+00:00,2024-01-23 02:30:00+00:00,19535
2024-01-24 08:00:00+00:00,2024-01-23 04:30:00+00:00,19537
2024-01-24 08:00:00+00:00,2024-01-23 07:30:00+00:00,19497
2024-01-24 08:00:00+00:00,2024-01-23 09:30:00+00:00,19499
2024-01-24 08:00:00+00:00,2024-01-23 14:00:00+00:00,19497
2024-01-24 08:00:00+00:00,2024-01-23 15:30:00+00:00,19489
2024-01-24 08:00:00+00:00,2024-01-23 18:30:00+00:00,19472
2024-01-24 08:00:00+00:00,2024-01-23 22:30:00+00:00,19473
2024-01-24 09:00:00+00:00,2024-01-22 02:30:00+00:00,18442
2024-01-24 09:00:00+00:00,2024-01-22 04:30:00+00:00,18441
2024-01-24 09:00:00+00:00,2024-01-22 07:30:00+00:00,18367
2024-01-24 09:00:00+00:00,2024-01-22 09:30:00+00:00,18366
2024-01-24 09:00:00+00:00,2024-01-22 11:30:00+00:00,18365
2024-01-24 09:00:00+00:00,2024-01-22 15:30:00+00:00,18369
2024-01-24 09:00:00+00:00,2024-01-22 18:30:00+00:00,19516
2024-01-24 09:00:00+00:00,2024-01-22 22:30:00+00:00,19517
2024-01-24 09:00:00+00:00,2024-01-23 02:30:00+00:00,19432
2024-01-24 09:00:00+00:00,2024-01-23 04:30:00+00:00,19438
2024-01-24 09:00:00+00:00,2024-01-23 07:30:00+00:00,19420
2024-01-24 09:00:00+00:00,2024-01-23 09:30:00+00:00,19420
2024-01-24 09:00:00+00:00,2024-01-23 14:00:00+00:00,19419
2024-01-24 09:00:00+00:00,2024-01-23 15:30:00+00:00,19358
2024-01-24 09:00:00+00:00,2024-01-23 18:30:00+00:00,19325
2024-01-24 09:00:00+00:00,2024-01-23 22:30:00+00:00,19325
2024-01-24 10:00:00+00:00,2024-01-22 02:30:00+00:00,18645
2024-01-24 10:00:00+00:00,2024-01-22 04:30:00+00:00,18644
2024-01-24 10:00:00+00:00,2024-01-22 07:30:00+00:00,18781
2024-01-24 10:00:00+00:00,2024-01-22 09:30:00+00:00,18781
2024-01-24 10:00:00+00:00,2024-01-22 11:30:00+00:00,18780
2024-01-24 10:00:00+00:00,2024-01-22 15:30:00+00:00,18660
2024-01-24 10:00:00+00:00,2024-01-22 18:30:00+00:00,18976
2024-01-24 10:00:00+00:00,2024-01-22 22:30:00+00:00,18976
2024-01-24 10:00:00+00:00,2024-01-23 02:30:00+00:00,19305
2024-01-24 10:00:00+00:00,2024-01-23 04:30:00+00:00,19306
2024-01-24 10:00:00+00:00,2024-01-23 07:30:00+00:00,19321
2024-01-24 10:00:00+00:00,2024-01-23 09:30:00+00:00,19321
2024-01-24 10:00:00+00:00,2024-01-23 14:00:00+00:00,19324
2024-01-24 10:00:00+00:00,2024-01-23 15:30:00+00:00,19279
2024-01-24 10:00:00+00:00,2024-01-23 18:30:00+00:00,19162
2024-01-24 10:00:00+00:00,2024-01-23 22:30:00+00:00,19163
2024-01-24 11:00:00+00:00,2024-01-22 02:30:00+00:00,19028
2024-01-24 11:00:00+00:00,2024-01-22 04:30:00+00:00,19029
2024-01-24 11:00:00+00:00,2024-01-22 07:30:00+00:00,19104
2024-01-24 11:00:00+00:00,2024-01-22 09:30:00+00:00,19104
2024-01-24 11:00:00+00:00,2024-01-22 11:30:00+00:00,19103
2024-01-24 11:00:00+00:00,2024-01-22 15:30:00+00:00,19062
2024-01-24 11:00:00+00:00,2024-01-22 18:30:00+00:00,19137
2024-01-24 11:00:00+00:00,2024-01-22 22:30:00+00:00,19136
2024-01-24 11:00:00+00:00,2024-01-23 02:30:00+00:00,19257
2024-01-24 11:00:00+00:00,2024-01-23 04:30:00+00:00,19257
2024-01-24 11:00:00+00:00,2024-01-23 07:30:00+00:00,19151
2024-01-24 11:00:00+00:00,2024-01-23 09:30:00+00:00,19152
2024-01-24 11:00:00+00:00,2024-01-23 14:00:00+00:00,19156
2024-01-24 11:00:00+00:00,2024-01-23 15:30:00+00:00,19147
2024-01-24 11:00:00+00:00,2024-01-23 18:30:00+00:00,19075
2024-01-24 11:00:00+00:00,2024-01-23 22:30:00+00:00,19076
2024-01-24 12:00:00+00:00,2024-01-22 02:30:00+00:00,19258
2024-01-24 12:00:00+00:00,2024-01-22 04:30:00+00:00,19260
2024-01-24 12:00:00+00:00,2024-01-22 07:30:00+00:00,19231
2024-01-24 12:00:00+00:00,2024-01-22 09:30:00+00:00,19231
2024-01-24 12:00:00+00:00,2024-01-22 11:30:00+00:00,19229
2024-01-24 12:00:00+00:00,2024-01-22 15:30:00+00:00,19137
2024-01-24 12:00:00+00:00,2024-01-22 18:30:00+00:00,18986
2024-01-24 12:00:00+00:00,2024-01-22 22:30:00+00:00,18984
2024-01-24 12:00:00+00:00,2024-01-23 02:30:00+00:00,18958
2024-01-24 12:00:00+00:00,2024-01-23 04:30:00+00:00,18964
2024-01-24 12:00:00+00:00,2024-01-23 07:30:00+00:00,18834
2024-01-24 12:00:00+00:00,2024-01-23 09:30:00+00:00,18834
2024-01-24 12:00:00+00:00,2024-01-23 14:00:00+00:00,18832
2024-01-24 12:00:00+00:00,2024-01-23 15:30:00+00:00,18841
2024-01-24 12:00:00+00:00,2024-01-23 18:30:00+00:00,18757
2024-01-24 12:00:00+00:00,2024-01-23 22:30:00+00:00,18757
2024-01-24 13:00:00+00:00,2024-01-22 02:30:00+00:00,18892
2024-01-24 13:00:00+00:00,2024-01-22 04:30:00+00:00,18894
2024-01-24 13:00:00+00:00,2024-01-22 07:30:00+00:00,18831
2024-01-24 13:00:00+00:00,2024-01-22 09:30:00+00:00,18830
2024-01-24 13:00:00+00:00,2024-01-22 11:30:00+00:00,18828
2024-01-24 13:00:00+00:00,2024-01-22 15:30:00+00:00,18736
2024-01-24 13:00:00+00:00,2024-01-22 18:30:00+00:00,18497
2024-01-24 13:00:00+00:00,2024-01-22 22:30:00+00:00,18495
2024-01-24 13:00:00+00:00,2024-01-23 02:30:00+00:00,18436
2024-01-24 13:00:00+00:00,2024-01-23 04:30:00+00:00,18436
2024-01-24 13:00:00+00:00,2024-01-23 07:30:00+00:00,18291
2024-01-24 13:00:00+00:00,2024-01-23 09:30:00+00:00,18292
2024-01-24 13:00:00+00:00,2024-01-23 14:00:00+00:00,18294
2024-01-24 13:00:00+00:00,2024-01-23 15:30:00+00:00,18313
2024-01-24 13:00:00+00:00,2024-01-23 18:30:00+00:00,18270
2024-01-24 13:00:00+00:00,2024-01-23 22:30:00+00:00,18270
2024-01-24 14:00:00+00:00,2024-01-22 02:30:00+00:00,18331
2024-01-24 14:00:00+00:00,2024-01-22 04:30:00+00:00,18333
2024-01-24 14:00:00+00:00,2024-01-22 07:30:00+00:00,18282
2024-01-24 14:00:00+00:00,2024-01-22 09:30:00+00:00,18281
2024-01-24 14:00:00+00:00,2024-01-22 11:30:00+00:00,18276
2024-01-24 14:00:00+00:00,2024-01-22 15:30:00+00:00,18145
2024-01-24 14:00:00+00:00,2024-01-22 18:30:00+00:00,17879
2024-01-24 14:00:00+00:00,2024-01-22 22:30:00+00:00,17875
2024-01-24 14:00:00+00:00,2024-01-23 02:30:00+00:00,17695
2024-01-24 14:00:00+00:00,2024-01-23 04:30:00+00:00,17696
2024-01-24 14:00:00+00:00,2024-01-23 07:30:00+00:00,17578
2024-01-24 14:00:00+00:00,2024-01-23 09:30:00+00:00,17580
2024-01-24 14:00:00+00:00,2024-01-23 14:00:00+00:00,17586
2024-01-24 14:00:00+00:00,2024-01-23 15:30:00+00:00,17584
2024-01-24 14:00:00+00:00,2024-01-23 18:30:00+00:00,17477
2024-01-24 14:00:00+00:00,2024-01-23 22:30:00+00:00,17477
2024-01-24 15:00:00+00:00,2024-01-22 02:30:00+00:00,17473
2024-01-24 15:00:00+00:00,2024-01-22 04:30:00+00:00,17476
2024-01-24 15:00:00+00:00,2024-01-22 07:30:00+00:00,17476
2024-01-24 15:00:00+00:00,2024-01-22 09:30:00+00:00,17473
2024-01-24 15:00:00+00:00,2024-01-22 11:30:00+00:00,17465
2024-01-24 15:00:00+00:00,2024-01-22 15:30:00+00:00,17277
2024-01-24 15:00:00+00:00,2024-01-22 18:30:00+00:00,16884
2024-01-24 15:00:00+00:00,2024-01-22 22:30:00+00:00,16879
2024-01-24 15:00:00+00:00,2024-01-23 02:30:00+00:00,16749
2024-01-24 15:00:00+00:00,2024-01-23 04:30:00+00:00,16775
2024-01-24 15:00:00+00:00,2024-01-23 07:30:00+00:00,16679
2024-01-24 15:00:00+00:00,2024-01-23 09:30:00+00:00,16682
2024-01-24 15:00:00+00:00,2024-01-23 14:00:00+00:00,16679
2024-01-24 15:00:00+00:00,2024-01-23 15:30:00+00:00,16790
2024-01-24 15:00:00+00:00,2024-01-23 18:30:00+00:00,16664
2024-01-24 15:00:00+00:00,2024-01-23 22:30:00+00:00,16663
2024-01-24 16:00:00+00:00,2024-01-22 02:30:00+00:00,16509
2024-01-24 16:00:00+00:00,2024-01-22 04:30:00+00:00,16511
2024-01-24 16:00:00+00:00,2024-01-22 07:30:00+00:00,16583
2024-01-24 16:00:00+00:00,2024-01-22 09:30:00+00:00,16580
2024-01-24 16:00:00+00:00,2024-01-22 11:30:00+00:00,16573
2024-01-24 16:00:00+00:00,2024-01-22 15:30:00+00:00,16381
2024-01-24 16:00:00+00:00,2024-01-22 18:30:00+00:00,16000
2024-01-24 16:00:00+00:00,2024-01-22 22:30:00+00:00,15996
2024-01-24 16:00:00+00:00,2024-01-23 02:30:00+00:00,15811
2024-01-24 16:00:00+00:00,2024-01-23 04:30:00+00:00,15825
2024-01-24 16:00:00+00:00,2024-01-23 07:30:00+00:00,15906
2024-01-24 16:00:00+00:00,2024-01-23 09:30:00+00:00,15911
2024-01-24 16:00:00+00:00,2024-01-23 14:00:00+00:00,15917
2024-01-24 16:00:00+00:00,2024-01-23 15:30:00+00:00,16016
2024-01-24 16:00:00+00:00,2024-01-23 18:30:00+00:00,15912
2024-01-24 16:00:00+00:00,2024-01-23 22:30:00+00:00,15911
2024-01-24 17:00:00+00:00,2024-01-22 02:30:00+00:00,15261
2024-01-24 17:00:00+00:00,2024-01-22 04:30:00+00:00,15261
2024-01-24 17:00:00+00:00,2024-01-22 07:30:00+00:00,15440
2024-01-24 17:00:00+00:00,2024-01-22 09:30:00+00:00,15435
2024-01-24 17:00:00+00:00,2024-01-22 11:30:00+00:00,15432
2024-01-24 17:00:00+00:00,2024-01-22 15:30:00+00:00,15254
2024-01-24 17:00:00+00:00,2024-01-22 18:30:00+00:00,14926
2024-01-24 17:00:00+00:00,2024-01-22 22:30:00+00:00,14923
2024-01-24 17:00:00+00:00,2024-01-23 02:30:00+00:00,14829
2024-01-24 17:00:00+00:00,2024-01-23 04:30:00+00:00,14831
2024-01-24 17:00:00+00:00,2024-01-23 07:30:00+00:00,15202
2024-01-24 17:00:00+00:00,2024-01-23 09:30:00+00:00,15202
2024-01-24 17:00:00+00:00,2024-01-23 14:00:00+00:00,15201
2024-01-24 17:00:00+00:00,2024-01-23 15:30:00+00:00,15269
2024-01-24 17:00:00+00:00,2024-01-23 18:30:00+00:00,15119
2024-01-24 17:00:00+00:00,2024-01-23 22:30:00+00:00,15117
2024-01-24 18:00:00+00:00,2024-01-22 02:30:00+00:00,13736
2024-01-24 18:00:00+00:00,2024-01-22 04:30:00+00:00,13732
2024-01-24 18:00:00+00:00,2024-01-22 07:30:00+00:00,14043
2024-01-24 18:00:00+00:00,2024-01-22 09:30:00+00:00,14038
2024-01-24 18:00:00+00:00,2024-01-22 11:30:00+00:00,14041
2024-01-24 18:00:00+00:00,2024-01-22 15:30:00+00:00,13902
2024-01-24 18:00:00+00:00,2024-01-22 18:30:00+00:00,13676
2024-01-24 18:00:00+00:00,2024-01-22 22:30:00+00:00,13676
2024-01-24 18:00:00+00:00,2024-01-23 02:30:00+00:00,13697
2024-01-24 18:00:00+00:00,2024-01-23 04:30:00+00:00,13685
2024-01-24 18:00:00+00:00,2024-01-23 07:30:00+00:00,14310
2024-01-24 18:00:00+00:00,2024-01-23 09:30:00+00:00,14306
2024-01-24 18:00:00+00:00,2024-01-23 14:00:00+00:00,14305
2024-01-24 18:00:00+00:00,2024-01-23 15:30:00+00:00,14518
2024-01-24 18:00:00+00:00,2024-01-23 18:30:00+00:00,14347
2024-01-24 18:00:00+00:00,2024-01-23 22:30:00+00:00,14343
2024-01-24 19:00:00+00:00,2024-01-22 02:30:00+00:00,12699
2024-01-24 19:00:00+00:00,2024-01-22 04:30:00+00:00,12694
2024-01-24 19:00:00+00:00,2024-01-22 07:30:00+00:00,13092
2024-01-24 19:00:00+00:00,2024-01-22 09:30:00+00:00,13087
2024-01-24 19:00:00+00:00,2024-01-22 11:30:00+00:00,13088
2024-01-24 19:00:00+00:00,2024-01-22 15:30:00+00:00,12997
2024-01-24 19:00:00+00:00,2024-01-22 18:30:00+00:00,12780
2024-01-24 19:00:00+00:00,2024-01-22 22:30:00+00:00,12777
2024-01-24 19:00:00+00:00,2024-01-23 02:30:00+00:00,12803
2024-01-24 19:00:00+00:00,2024-01-23 04:30:00+00:00,12792
2024-01-24 19:00:00+00:00,2024-01-23 07:30:00+00:00,13357
2024-01-24 19:00:00+00:00,2024-01-23 09:30:00+00:00,13354
2024-01-24 19:00:00+00:00,2024-01-23 14:00:00+00:00,13363
2024-01-24 19:00:00+00:00,2024-01-23 15:30:00+00:00,13626
2024-01-24 19:00:00+00:00,2024-01-23 18:30:00+00:00,13344
2024-01-24 19:00:00+00:00,2024-01-23 22:30:00+00:00,13343
2024-01-24 20:00:00+00:00,2024-01-22 02:30:00+00:00,11607
2024-01-24 20:00:00+00:00,2024-01-22 04:30:00+00:00,11601
2024-01-24 20:00:00+00:00,2024-01-22 07:30:00+00:00,12082
2024-01-24 20:00:00+00:00,2024-01-22 09:30:00+00:00,12078
2024-01-24 20:00:00+00:00,2024-01-22 11:30:00+00:00,12077
2024-01-24 20:00:00+00:00,2024-01-22 15:30:00+00:00,12048
2024-01-24 20:00:00+00:00,2024-01-22 18:30:00+00:00,11849
2024-01-24 20:00:00+00:00,2024-01-22 22:30:00+00:00,11843
2024-01-24 20:00:00+00:00,2024-01-23 02:30:00+00:00,11870
2024-01-24 20:00:00+00:00,2024-01-23 04:30:00+00:00,11861
2024-01-24 20:00:00+00:00,2024-01-23 07:30:00+00:00,12294
2024-01-24 20:00:00+00:00,2024-01-23 09:30:00+00:00,12293
2024-01-24 20:00:00+00:00,2024-01-23 14:00:00+00:00,12291
2024-01-24 20:00:00+00:00,2024-01-23 15:30:00+00:00,12581
2024-01-24 20:00:00+00:00,2024-01-23 18:30:00+00:00,12363
2024-01-24 20:00:00+00:00,2024-01-23 22:30:00+00:00,12361
2024-01-24 21:00:00+00:00,2024-01-22 02:30:00+00:00,10508
2024-01-24 21:00:00+00:00,2024-01-22 04:30:00+00:00,10502
2024-01-24 21:00:00+00:00,2024-01-22 07:30:00+00:00,11058
2024-01-24 21:00:00+00:00,2024-01-22 09:30:00+00:00,11056
2024-01-24 21:00:00+00:00,2024-01-22 11:30:00+00:00,11053
2024-01-24 21:00:00+00:00,2024-01-22 15:30:00+00:00,11097
2024-01-24 21:00:00+00:00,2024-01-22 18:30:00+00:00,10924
2024-01-24 21:00:00+00:00,2024-01-22 22:30:00+00:00,10918
2024-01-24 21:00:00+00:00,2024-01-23 02:30:00+00:00,10941
2024-01-24 21:00:00+00:00,2024-01-23 04:30:00+00:00,10934
2024-01-24 21:00:00+00:00,2024-01-23 07:30:00+00:00,11288
2024-01-24 21:00:00+00:00,2024-01-23 09:30:00+00:00,11287
2024-01-24 21:00:00+00:00,2024-01-23 14:00:00+00:00,11281
2024-01-24 21:00:00+00:00,2024-01-23 15:30:00+00:00,11543
2024-01-24 21:00:00+00:00,2024-01-23 18:30:00+00:00,11192
2024-01-24 21:00:00+00:00,2024-01-23 22:30:00+00:00,11189
2024-01-24 21:00:00+00:00,2024-01-24 02:30:00+00:00,11090
2024-01-24 21:00:00+00:00,2024-01-24 04:30:00+00:00,11087
2024-01-24 21:00:00+00:00,2024-01-24 07:30:00+00:00,10976
2024-01-24 21:00:00+00:00,2024-01-24 09:30:00+00:00,10976
2024-01-24 21:00:00+00:00,2024-01-24 11:30:00+00:00,10976
2024-01-24 21:00:00+00:00,2024-01-24 15:30:00+00:00,10935
2024-01-24 21:00:00+00:00,2024-01-24 18:30:00+00:00,10753
2024-01-24 21:00:00+00:00,2024-01-24 22:30:00+00:00,10745
2024-01-24 22:00:00+00:00,2024-01-23 02:30:00+00:00,9970
2024-01-24 22:00:00+00:00,2024-01-23 04:30:00+00:00,9963
2024-01-24 22:00:00+00:00,2024-01-23 07:30:00+00:00,9814
2024-01-24 22:00:00+00:00,2024-01-23 09:30:00+00:00,9812
2024-01-24 22:00:00+00:00,2024-01-23 14:00:00+00:00,9790
2024-01-24 22:00:00+00:00,2024-01-23 15:30:00+00:00,10294
2024-01-24 22:00:00+00:00,2024-01-23 18:30:00+00:00,9940
2024-01-24 22:00:00+00:00,2024-01-23 22:30:00+00:00,9939
2024-01-24 22:00:00+00:00,2024-01-24 02:30:00+00:00,9903
2024-01-24 22:00:00+00:00,2024-01-24 04:30:00+00:00,9901
2024-01-24 22:00:00+00:00,2024-01-24 07:30:00+00:00,9868
2024-01-24 22:00:00+00:00,2024-01-24 09:30:00+00:00,9868
2024-01-24 22:00:00+00:00,2024-01-24 11:30:00+00:00,9870
2024-01-24 22:00:00+00:00,2024-01-24 15:30:00+00:00,9769
2024-01-24 22:00:00+00:00,2024-01-24 18:30:00+00:00,9703
2024-01-24 22:00:00+00:00,2024-01-24 22:30:00+00:00,9702
2024-01-24 23:00:00+00:00,2024-01-23 02:30:00+00:00,9014
2024-01-24 23:00:00+00:00,2024-01-23 04:30:00+00:00,9007
2024-01-24 23:00:00+00:00,2024-01-23 07:30:00+00:00,8793
2024-01-24 23:00:00+00:00,2024-01-23 09:30:00+00:00,8790
2024-01-24 23:00:00+00:00,2024-01-23 14:00:00+00:00,8762
2024-01-24 23:00:00+00:00,2024-01-23 15:30:00+00:00,9279
2024-01-24 23:00:00+00:00,2024-01-23 18:30:00+00:00,8835
2024-01-24 23:00:00+00:00,2024-01-23 22:30:00+00:00,8833
2024-01-24 23:00:00+00:00,2024-01-24 02:30:00+00:00,8751
2024-01-24 23:00:00+00:00,2024-01-24 04:30:00+00:00,8748
2024-01-24 23:00:00+00:00,2024-01-24 07:30:00+00:00,8798
2024-01-24 23:00:00+00:00,2024-01-24 09:30:00+00:00,8797
2024-01-24 23:00:00+00:00,2024-01-24 11:30:00+00:00,8803
2024-01-24 23:00:00+00:00,2024-01-24 15:30:00+00:00,8712
2024-01-24 23:00:00+00:00,2024-01-24 18:30:00+00:00,8630
2024-01-24 23:00:00+00:00,2024-01-24 22:30:00+00:00,8629
2024-01-25 00:00:00+00:00,2024-01-23 02:30:00+00:00,8092
2024-01-25 00:00:00+00:00,2024-01-23 04:30:00+00:00,8085
2024-01-25 00:00:00+00:00,2024-01-23 07:30:00+00:00,7820
2024-01-25 00:00:00+00:00,2024-01-23 09:30:00+00:00,7816
2024-01-25 00:00:00+00:00,2024-01-23 14:00:00+00:00,7794
2024-01-25 00:00:00+00:00,2024-01-23 15:30:00+00:00,8351
2024-01-25 00:00:00+00:00,2024-01-23 18:30:00+00:00,7982
2024-01-25 00:00:00+00:00,2024-01-23 22:30:00+00:00,7980
2024-01-25 00:00:00+00:00,2024-01-24 02:30:00+00:00,7893
2024-01-25 00:00:00+00:00,2024-01-24 04:30:00+00:00,7887
2024-01-25 00:00:00+00:00,2024-01-24 07:30:00+00:00,7890
2024-01-25 00:00:00+00:00,2024-01-24 09:30:00+00:00,7888
2024-01-25 00:00:00+00:00,2024-01-24 11:30:00+00:00,7893
2024-01-25 00:00:00+00:00,2024-01-24 15:30:00+00:00,7818
2024-01-25 00:00:00+00:00,2024-01-24 18:30:00+00:00,7744
2024-01-25 00:00:00+00:00,2024-01-24 22:30:00+00:00,7735
2024-01-25 01:00:00+00:00,2024-01-23 02:30:00+00:00,7610
2024-01-25 01:00:00+00:00,2024-01-23 04:30:00+00:00,7596
2024-01-25 01:00:00+00:00,2024-01-23 07:30:00+00:00,7274
2024-01-25 01:00:00+00:00,2024-01-23 09:30:00+00:00,7269
2024-01-25 01:00:00+00:00,2024-01-23 14:00:00+00:00,7226
2024-01-25 01:00:00+00:00,2024-01-23 15:30:00+00:00,7635
2024-01-25 01:00:00+00:00,2024-01-23 18:30:00+00:00,7255
2024-01-25 01:00:00+00:00,2024-01-23 22:30:00+00:00,7253
2024-01-25 01:00:00+00:00,2024-01-24 02:30:00+00:00,7084
2024-01-25 01:00:00+00:00,2024-01-24 04:30:00+00:00,7083
2024-01-25 01:00:00+00:00,2024-01-24 07:30:00+00:00,7038
2024-01-25 01:00:00+00:00,2024-01-24 09:30:00+00:00,7036
2024-01-25 01:00:00+00:00,2024-01-24 11:30:00+00:00,7040
2024-01-25 01:00:00+00:00,2024-01-24 15:30:00+00:00,6965
2024-01-25 01:00:00+00:00,2024-01-24 18:30:00+00:00,6915
2024-01-25 01:00:00+00:00,2024-01-24 22:30:00+00:00,6913
2024-01-25 02:00:00+00:00,2024-01-23 02:30:00+00:00,7155
2024-01-25 02:00:00+00:00,2024-01-23 04:30:00+00:00,7133
2024-01-25 02:00:00+00:00,2024-01-23 07:30:00+00:00,6777
2024-01-25 02:00:00+00:00,2024-01-23 09:30:00+00:00,6771
2024-01-25 02:00:00+00:00,2024-01-23 14:00:00+00:00,6702
2024-01-25 02:00:00+00:00,2024-01-23 15:30:00+00:00,7028
2024-01-25 02:00:00+00:00,2024-01-23 18:30:00+00:00,6619
2024-01-25 02:00:00+00:00,2024-01-23 22:30:00+00:00,6617
2024-01-25 02:00:00+00:00,2024-01-24 02:30:00+00:00,6367
2024-01-25 02:00:00+00:00,2024-01-24 04:30:00+00:00,6366
2024-01-25 02:00:00+00:00,2024-01-24 07:30:00+00:00,6333
2024-01-25 02:00:00+00:00,2024-01-24 09:30:00+00:00,6332
2024-01-25 02:00:00+00:00,2024-01-24 11:30:00+00:00,6333
2024-01-25 02:00:00+00:00,2024-01-24 15:30:00+00:00,6258
2024-01-25 02:00:00+00:00,2024-01-24 18:30:00+00:00,6204
2024-01-25 02:00:00+00:00,2024-01-24 22:30:00+00:00,6204
2024-01-25 03:00:00+00:00,2024-01-23 02:30:00+00:00,6744
2024-01-25 03:00:00+00:00,2024-01-23 04:30:00+00:00,6713
2024-01-25 03:00:00+00:00,2024-01-23 07:30:00+00:00,6352
2024-01-25 03:00:00+00:00,2024-01-23 09:30:00+00:00,6345
2024-01-25 03:00:00+00:00,2024-01-23 14:00:00+00:00,6272
2024-01-25 03:00:00+00:00,2024-01-23 15:30:00+00:00,6556
2024-01-25 03:00:00+00:00,2024-01-23 18:30:00+00:00,6236
2024-01-25 03:00:00+00:00,2024-01-23 22:30:00+00:00,6234
2024-01-25 03:00:00+00:00,2024-01-24 02:30:00+00:00,5992
2024-01-25 03:00:00+00:00,2024-01-24 04:30:00+00:00,5986
2024-01-25 03:00:00+00:00,2024-01-24 07:30:00+00:00,5970
2024-01-25 03:00:00+00:00,2024-01-24 09:30:00+00:00,5968
2024-01-25 03:00:00+00:00,2024-01-24 11:30:00+00:00,5969
2024-01-25 03:00:00+00:00,2024-01-24 15:30:00+00:00,5880
2024-01-25 03:00:00+00:00,2024-01-24 18:30:00+00:00,5748
2024-01-25 03:00:00+00:00,2024-01-24 22:30:00+00:00,5749
2024-01-25 04:00:00+00:00,2024-01-23 02:30:00+00:00,7078
2024-01-25 04:00:00+00:00,2024-01-23 04:30:00+00:00,7047
2024-01-25 04:00:00+00:00,2024-01-23 07:30:00+00:00,6665
2024-01-25 04:00:00+00:00,2024-01-23 09:30:00+00:00,6658
2024-01-25 04:00:00+00:00,2024-01-23 14:00:00+00:00,6598
2024-01-25 04:00:00+00:00,2024-01-23 15:30:00+00:00,6335
2024-01-25 04:00:00+00:00,2024-01-23 18:30:00+00:00,6029
2024-01-25 04:00:00+00:00,2024-01-23 22:30:00+00:00,6028
2024-01-25 04:00:00+00:00,2024-01-24 02:30:00+00:00,5768
2024-01-25 04:00:00+00:00,2024-01-24 04:30:00+00:00,5771
2024-01-25 04:00:00+00:00,2024-01-24 07:30:00+00:00,5702
2024-01-25 04:00:00+00:00,2024-01-24 09:30:00+00:00,5702
2024-01-25 04:00:00+00:00,2024-01-24 11:30:00+00:00,5718
2024-01-25 04:00:00+00:00,2024-01-24 15:30:00+00:00,5672
2024-01-25 04:00:00+00:00,2024-01-24 18:30:00+00:00,5575
2024-01-25 04:00:00+00:00,2024-01-24 22:30:00+00:00,5567
2024-01-25 05:00:00+00:00,2024-01-23 02:30:00+00:00,7469
2024-01-25 05:00:00+00:00,2024-01-23 04:30:00+00:00,7441
2024-01-25 05:00:00+00:00,2024-01-23 07:30:00+00:00,7071
2024-01-25 05:00:00+00:00,2024-01-23 09:30:00+00:00,7066
2024-01-25 05:00:00+00:00,2024-01-23 14:00:00+00:00,7037
2024-01-25 05:00:00+00:00,2024-01-23 15:30:00+00:00,6759
2024-01-25 05:00:00+00:00,2024-01-23 18:30:00+00:00,6206
2024-01-25 05:00:00+00:00,2024-01-23 22:30:00+00:00,6206
2024-01-25 05:00:00+00:00,2024-01-24 02:30:00+00:00,5854
2024-01-25 05:00:00+00:00,2024-01-24 04:30:00+00:00,5858
2024-01-25 05:00:00+00:00,2024-01-24 07:30:00+00:00,5817
2024-01-25 05:00:00+00:00,2024-01-24 09:30:00+00:00,5818
2024-01-25 05:00:00+00:00,2024-01-24 11:30:00+00:00,5839
2024-01-25 05:00:00+00:00,2024-01-24 15:30:00+00:00,5753
2024-01-25 05:00:00+00:00,2024-01-24 18:30:00+00:00,5674
2024-01-25 05:00:00+00:00,2024-01-24 22:30:00+00:00,5679
2024-01-25 06:00:00+00:00,2024-01-23 02:30:00+00:00,7930
2024-01-25 06:00:00+00:00,2024-01-23 04:30:00+00:00,7908
2024-01-25 06:00:00+00:00,2024-01-23 07:30:00+00:00,7582
2024-01-25 06:00:00+00:00,2024-01-23 09:30:00+00:00,7578
2024-01-25 06:00:00+00:00,2024-01-23 14:00:00+00:00,7583
2024-01-25 06:00:00+00:00,2024-01-23 15:30:00+00:00,7312
2024-01-25 06:00:00+00:00,2024-01-23 18:30:00+00:00,6797
2024-01-25 06:00:00+00:00,2024-01-23 22:30:00+00:00,6803
2024-01-25 06:00:00+00:00,2024-01-24 02:30:00+00:00,6417
2024-01-25 06:00:00+00:00,2024-01-24 04:30:00+00:00,6420
2024-01-25 06:00:00+00:00,2024-01-24 07:30:00+00:00,6198
2024-01-25 06:00:00+00:00,2024-01-24 09:30:00+00:00,6201
2024-01-25 06:00:00+00:00,2024-01-24 11:30:00+00:00,6214
2024-01-25 06:00:00+00:00,2024-01-24 15:30:00+00:00,6207
2024-01-25 06:00:00+00:00,2024-01-24 18:30:00+00:00,6258
2024-01-25 06:00:00+00:00,2024-01-24 22:30:00+00:00,6266
2024-01-25 07:00:00+00:00,2024-01-23 02:30:00+00:00,9418
2024-01-25 07:00:00+00:00,2024-01-23 04:30:00+00:00,9399
2024-01-25 07:00:00+00:00,2024-01-23 07:30:00+00:00,9152
2024-01-25 07:00:00+00:00,2024-01-23 09:30:00+00:00,9148
2024-01-25 07:00:00+00:00,2024-01-23 14:00:00+00:00,9155
2024-01-25 07:00:00+00:00,2024-01-23 15:30:00+00:00,8902
2024-01-25 07:00:00+00:00,2024-01-23 18:30:00+00:00,7934
2024-01-25 07:00:00+00:00,2024-01-23 22:30:00+00:00,7947
2024-01-25 07:00:00+00:00,2024-01-24 02:30:00+00:00,7340
2024-01-25 07:00:00+00:00,2024-01-24 04:30:00+00:00,7349
2024-01-25 07:00:00+00:00,2024-01-24 07:30:00+00:00,7109
2024-01-25 07:00:00+00:00,2024-01-24 09:30:00+00:00,7111
2024-01-25 07:00:00+00:00,2024-01-24 11:30:00+00:00,7142
2024-01-25 07:00:00+00:00,2024-01-24 15:30:00+00:00,7184
2024-01-25 07:00:00+00:00,2024-01-24 18:30:00+00:00,7283
2024-01-25 07:00:00+00:00,2024-01-24 22:30:00+00:00,7280
2024-01-25 08:00:00+00:00,2024-01-23 02:30:00+00:00,11067
2024-01-25 08:00:00+00:00,2024-01-23 04:30:00+00:00,11051
2024-01-25 08:00:00+00:00,2024-01-23 07:30:00+00:00,10876
2024-01-25 08:00:00+00:00,2024-01-23 09:30:00+00:00,10873
2024-01-25 08:00:00+00:00,2024-01-23 14:00:00+00:00,10880
2024-01-25 08:00:00+00:00,2024-01-23 15:30:00+00:00,10659
2024-01-25 08:00:00+00:00,2024-01-23 18:30:00+00:00,9634
2024-01-25 08:00:00+00:00,2024-01-23 22:30:00+00:00,9639
2024-01-25 08:00:00+00:00,2024-01-24 02:30:00+00:00,8786
2024-01-25 08:00:00+00:00,2024-01-24 04:30:00+00:00,8790
2024-01-25 08:00:00+00:00,2024-01-24 07:30:00+00:00,8387
2024-01-25 08:00:00+00:00,2024-01-24 09:30:00+00:00,8389
2024-01-25 08:00:00+00:00,2024-01-24 11:30:00+00:00,8412
2024-01-25 08:00:00+00:00,2024-01-24 15:30:00+00:00,8440
2024-01-25 08:00:00+00:00,2024-01-24 18:30:00+00:00,8646
2024-01-25 08:00:00+00:00,2024-01-24 22:30:00+00:00,8652
2024-01-25 09:00:00+00:00,2024-01-23 02:30:00+00:00,12752
2024-01-25 09:00:00+00:00,2024-01-23 04:30:00+00:00,12738
2024-01-25 09:00:00+00:00,2024-01-23 07:30:00+00:00,12602
2024-01-25 09:00:00+00:00,2024-01-23 09:30:00+00:00,12600
2024-01-25 09:00:00+00:00,2024-01-23 14:00:00+00:00,12607
2024-01-25 09:00:00+00:00,2024-01-23 15:30:00+00:00,12388
2024-01-25 09:00:00+00:00,2024-01-23 18:30:00+00:00,11636
2024-01-25 09:00:00+00:00,2024-01-23 22:30:00+00:00,11639
2024-01-25 09:00:00+00:00,2024-01-24 02:30:00+00:00,10722
2024-01-25 09:00:00+00:00,2024-01-24 04:30:00+00:00,10727
2024-01-25 09:00:00+00:00,2024-01-24 07:30:00+00:00,10254
2024-01-25 09:00:00+00:00,2024-01-24 09:30:00+00:00,10253
2024-01-25 09:00:00+00:00,2024-01-24 11:30:00+00:00,10260
2024-01-25 09:00:00+00:00,2024-01-24 15:30:00+00:00,10210
2024-01-25 09:00:00+00:00,2024-01-24 18:30:00+00:00,10363
2024-01-25 09:00:00+00:00,2024-01-24 22:30:00+00:00,10366
2024-01-25 10:00:00+00:00,2024-01-23 02:30:00+00:00,14065
2024-01-25 10:00:00+00:00,2024-01-23 04:30:00+00:00,14054
2024-01-25 10:00:00+00:00,2024-01-23 07:30:00+00:00,14104
2024-01-25 10:00:00+00:00,2024-01-23 09:30:00+00:00,14102
2024-01-25 10:00:00+00:00,2024-01-23 14:00:00+00:00,14106
2024-01-25 10:00:00+00:00,2024-01-23 15:30:00+00:00,14029
2024-01-25 10:00:00+00:00,2024-01-23 18:30:00+00:00,12800
2024-01-25 10:00:00+00:00,2024-01-23 22:30:00+00:00,12800
2024-01-25 10:00:00+00:00,2024-01-24 02:30:00+00:00,12390
2024-01-25 10:00:00+00:00,2024-01-24 04:30:00+00:00,12396
2024-01-25 10:00:00+00:00,2024-01-24 07:30:00+00:00,12101
2024-01-25 10:00:00+00:00,2024-01-24 09:30:00+00:00,12102
2024-01-25 10:00:00+00:00,2024-01-24 11:30:00+00:00,12115
2024-01-25 10:00:00+00:00,2024-01-24 15:30:00+00:00,12231
2024-01-25 10:00:00+00:00,2024-01-24 18:30:00+00:00,12330
2024-01-25 10:00:00+00:00,2024-01-24 22:30:00+00:00,12340
2024-01-25 11:00:00+00:00,2024-01-23 02:30:00+00:00,15188
2024-01-25 11:00:00+00:00,2024-01-23 04:30:00+00:00,15180
2024-01-25 11:00:00+00:00,2024-01-23 07:30:00+00:00,15404
2024-01-25 11:00:00+00:00,2024-01-23 09:30:00+00:00,15403
2024-01-25 11:00:00+00:00,2024-01-23 14:00:00+00:00,15404
2024-01-25 11:00:00+00:00,2024-01-23 15:30:00+00:00,15448
2024-01-25 11:00:00+00:00,2024-01-23 18:30:00+00:00,14475
2024-01-25 11:00:00+00:00,2024-01-23 22:30:00+00:00,14473
2024-01-25 11:00:00+00:00,2024-01-24 02:30:00+00:00,14149
2024-01-25 11:00:00+00:00,2024-01-24 04:30:00+00:00,14148
2024-01-25 11:00:00+00:00,2024-01-24 07:30:00+00:00,13764
2024-01-25 11:00:00+00:00,2024-01-24 09:30:00+00:00,13766
2024-01-25 11:00:00+00:00,2024-01-24 11:30:00+00:00,13783
2024-01-25 11:00:00+00:00,2024-01-24 15:30:00+00:00,13775
2024-01-25 11:00:00+00:00,2024-01-24 18:30:00+00:00,13753
2024-01-25 11:00:00+00:00,2024-01-24 22:30:00+00:00,13753
2024-01-25 12:00:00+00:00,2024-01-23 02:30:00+00:00,16030
2024-01-25 12:00:00+00:00,2024-01-23 04:30:00+00:00,16024
2024-01-25 12:00:00+00:00,2024-01-23 07:30:00+00:00,16383
2024-01-25 12:00:00+00:00,2024-01-23 09:30:00+00:00,16382
2024-01-25 12:00:00+00:00,2024-01-23 14:00:00+00:00,16382
2024-01-25 12:00:00+00:00,2024-01-23 15:30:00+00:00,16490
2024-01-25 12:00:00+00:00,2024-01-23 18:30:00+00:00,15756
2024-01-25 12:00:00+00:00,2024-01-23 22:30:00+00:00,15753
2024-01-25 12:00:00+00:00,2024-01-24 02:30:00+00:00,15516
2024-01-25 12:00:00+00:00,2024-01-24 04:30:00+00:00,15516
2024-01-25 12:00:00+00:00,2024-01-24 07:30:00+00:00,14939
2024-01-25 12:00:00+00:00,2024-01-24 09:30:00+00:00,14940
2024-01-25 12:00:00+00:00,2024-01-24 11:30:00+00:00,14931
2024-01-25 12:00:00+00:00,2024-01-24 15:30:00+00:00,14769
2024-01-25 12:00:00+00:00,2024-01-24 18:30:00+00:00,14766
2024-01-25 12:00:00+00:00,2024-01-24 22:30:00+00:00,14759
2024-01-25 13:00:00+00:00,2024-01-23 02:30:00+00:00,16347
2024-01-25 13:00:00+00:00,2024-01-23 04:30:00+00:00,16341
2024-01-25 13:00:00+00:00,2024-01-23 07:30:00+00:00,16667
2024-01-25 13:00:00+00:00,2024-01-23 09:30:00+00:00,16666
2024-01-25 13:00:00+00:00,2024-01-23 14:00:00+00:00,16665
2024-01-25 13:00:00+00:00,2024-01-23 15:30:00+00:00,16774
2024-01-25 13:00:00+00:00,2024-01-23 18:30:00+00:00,16066
2024-01-25 13:00:00+00:00,2024-01-23 22:30:00+00:00,16065
2024-01-25 13:00:00+00:00,2024-01-24 02:30:00+00:00,15961
2024-01-25 13:00:00+00:00,2024-01-24 04:30:00+00:00,15966
2024-01-25 13:00:00+00:00,2024-01-24 07:30:00+00:00,15466
2024-01-25 13:00:00+00:00,2024-01-24 09:30:00+00:00,15467
2024-01-25 13:00:00+00:00,2024-01-24 11:30:00+00:00,15464
2024-01-25 13:00:00+00:00,2024-01-24 15:30:00+00:00,15305
2024-01-25 13:00:00+00:00,2024-01-24 18:30:00+00:00,15267
2024-01-25 13:00:00+00:00,2024-01-24 22:30:00+00:00,15262
2024-01-25 14:00:00+00:00,2024-01-23 02:30:00+00:00,16608
2024-01-25 14:00:00+00:00,2024-01-23 04:30:00+00:00,16602
2024-01-25 14:00:00+00:00,2024-01-23 07:30:00+00:00,16915
2024-01-25 14:00:00+00:00,2024-01-23 09:30:00+00:00,16915
2024-01-25 14:00:00+00:00,2024-01-23 14:00:00+00:00,16913
2024-01-25 14:00:00+00:00,2024-01-23 15:30:00+00:00,17020
2024-01-25 14:00:00+00:00,2024-01-23 18:30:00+00:00,16357
2024-01-25 14:00:00+00:00,2024-01-23 22:30:00+00:00,16357
2024-01-25 14:00:00+00:00,2024-01-24 02:30:00+00:00,16213
2024-01-25 14:00:00+00:00,2024-01-24 04:30:00+00:00,16218
2024-01-25 14:00:00+00:00,2024-01-24 07:30:00+00:00,15710
2024-01-25 14:00:00+00:00,2024-01-24 09:30:00+00:00,15711
2024-01-25 14:00:00+00:00,2024-01-24 11:30:00+00:00,15712
2024-01-25 14:00:00+00:00,2024-01-24 15:30:00+00:00,15558
2024-01-25 14:00:00+00:00,2024-01-24 18:30:00+00:00,15492
2024-01-25 14:00:00+00:00,2024-01-24 22:30:00+00:00,15492
2024-01-25 15:00:00+00:00,2024-01-23 02:30:00+00:00,16840
2024-01-25 15:00:00+00:00,2024-01-23 04:30:00+00:00,16835
2024-01-25 15:00:00+00:00,2024-01-23 07:30:00+00:00,17130
2024-01-25 15:00:00+00:00,2024-01-23 09:30:00+00:00,17130
2024-01-25 15:00:00+00:00,2024-01-23 14:00:00+00:00,17128
2024-01-25 15:00:00+00:00,2024-01-23 15:30:00+00:00,17233
2024-01-25 15:00:00+00:00,2024-01-23 18:30:00+00:00,16586
2024-01-25 15:00:00+00:00,2024-01-23 22:30:00+00:00,16587
2024-01-25 15:00:00+00:00,2024-01-24 02:30:00+00:00,16452
2024-01-25 15:00:00+00:00,2024-01-24 04:30:00+00:00,16451
2024-01-25 15:00:00+00:00,2024-01-24 07:30:00+00:00,15927
2024-01-25 15:00:00+00:00,2024-01-24 09:30:00+00:00,15927
2024-01-25 15:00:00+00:00,2024-01-24 11:30:00+00:00,15933
2024-01-25 15:00:00+00:00,2024-01-24 15:30:00+00:00,15748
2024-01-25 15:00:00+00:00,2024-01-24 18:30:00+00:00,15634
2024-01-25 15:00:00+00:00,2024-01-24 22:30:00+00:00,15633
2024-01-25 16:00:00+00:00,2024-01-23 02:30:00+00:00,17157
2024-01-25 16:00:00+00:00,2024-01-23 04:30:00+00:00,17152
2024-01-25 16:00:00+00:00,2024-01-23 07:30:00+00:00,17361
2024-01-25 16:00:00+00:00,2024-01-23 09:30:00+00:00,17361
2024-01-25 16:00:00+00:00,2024-01-23 14:00:00+00:00,17360
2024-01-25 16:00:00+00:00,2024-01-23 15:30:00+00:00,17436
2024-01-25 16:00:00+00:00,2024-01-23 18:30:00+00:00,16867
2024-01-25 16:00:00+00:00,2024-01-23 22:30:00+00:00,16868
2024-01-25 16:00:00+00:00,2024-01-24 02:30:00+00:00,16580
2024-01-25 16:00:00+00:00,2024-01-24 04:30:00+00:00,16577
2024-01-25 16:00:00+00:00,2024-01-24 07:30:00+00:00,16306
2024-01-25 16:00:00+00:00,2024-01-24 09:30:00+00:00,16307
2024-01-25 16:00:00+00:00,2024-01-24 11:30:00+00:00,16309
2024-01-25 16:00:00+00:00,2024-01-24 15:30:00+00:00,16131
2024-01-25 16:00:00+00:00,2024-01-24 18:30:00+00:00,15943
2024-01-25 16:00:00+00:00,2024-01-24 22:30:00+00:00,15942
2024-01-25 17:00:00+00:00,2024-01-23 02:30:00+00:00,17404
2024-01-25 17:00:00+00:00,2024-01-23 04:30:00+00:00,17399
2024-01-25 17:00:00+00:00,2024-01-23 07:30:00+00:00,17550
2024-01-25 17:00:00+00:00,2024-01-23 09:30:00+00:00,17550
2024-01-25 17:00:00+00:00,2024-01-23 14:00:00+00:00,17549
2024-01-25 17:00:00+00:00,2024-01-23 15:30:00+00:00,17595
2024-01-25 17:00:00+00:00,2024-01-23 18:30:00+00:00,17096
2024-01-25 17:00:00+00:00,2024-01-23 22:30:00+00:00,17097
2024-01-25 17:00:00+00:00,2024-01-24 02:30:00+00:00,16874
2024-01-25 17:00:00+00:00,2024-01-24 04:30:00+00:00,16869
2024-01-25 17:00:00+00:00,2024-01-24 07:30:00+00:00,16695
2024-01-25 17:00:00+00:00,2024-01-24 09:30:00+00:00,16696
2024-01-25 17:00:00+00:00,2024-01-24 11:30:00+00:00,16694
2024-01-25 17:00:00+00:00,2024-01-24 15:30:00+00:00,16500
2024-01-25 17:00:00+00:00,2024-01-24 18:30:00+00:00,16295
2024-01-25 17:00:00+00:00,2024-01-24 22:30:00+00:00,16295
2024-01-25 18:00:00+00:00,2024-01-23 02:30:00+00:00,17632
2024-01-25 18:00:00+00:00,2024-01-23 04:30:00+00:00,17628
2024-01-25 18:00:00+00:00,2024-01-23 07:30:00+00:00,17702
2024-01-25 18:00:00+00:00,2024-01-23 09:30:00+00:00,17701
2024-01-25 18:00:00+00:00,2024-01-23 14:00:00+00:00,17701
2024-01-25 18:00:00+00:00,2024-01-23 15:30:00+00:00,17714
2024-01-25 18:00:00+00:00,2024-01-23 18:30:00+00:00,17275
2024-01-25 18:00:00+00:00,2024-01-23 22:30:00+00:00,17276
2024-01-25 18:00:00+00:00,2024-01-24 02:30:00+00:00,17111
2024-01-25 18:00:00+00:00,2024-01-24 04:30:00+00:00,17105
2024-01-25 18:00:00+00:00,2024-01-24 07:30:00+00:00,17054
2024-01-25 18:00:00+00:00,2024-01-24 09:30:00+00:00,17053
2024-01-25 18:00:00+00:00,2024-01-24 11:30:00+00:00,17049
2024-01-25 18:00:00+00:00,2024-01-24 15:30:00+00:00,16817
2024-01-25 18:00:00+00:00,2024-01-24 18:30:00+00:00,16623
2024-01-25 18:00:00+00:00,2024-01-24 22:30:00+00:00,16621
2024-01-25 19:00:00+00:00,2024-01-23 02:30:00+00:00,18017
2024-01-25 19:00:00+00:00,2024-01-23 04:30:00+00:00,18014
2024-01-25 19:00:00+00:00,2024-01-23 07:30:00+00:00,18017
2024-01-25 19:00:00+00:00,2024-01-23 09:30:00+00:00,18016
2024-01-25 19:00:00+00:00,2024-01-23 14:00:00+00:00,18015
2024-01-25 19:00:00+00:00,2024-01-23 15:30:00+00:00,18034
2024-01-25 19:00:00+00:00,2024-01-23 18:30:00+00:00,17630
2024-01-25 19:00:00+00:00,2024-01-23 22:30:00+00:00,17630
2024-01-25 19:00:00+00:00,2024-01-24 02:30:00+00:00,17536
2024-01-25 19:00:00+00:00,2024-01-24 04:30:00+00:00,17533
2024-01-25 19:00:00+00:00,2024-01-24 07:30:00+00:00,17476
2024-01-25 19:00:00+00:00,2024-01-24 09:30:00+00:00,17477
2024-01-25 19:00:00+00:00,2024-01-24 11:30:00+00:00,17481
2024-01-25 19:00:00+00:00,2024-01-24 15:30:00+00:00,17299
2024-01-25 19:00:00+00:00,2024-01-24 18:30:00+00:00,17103
2024-01-25 19:00:00+00:00,2024-01-24 22:30:00+00:00,17101
2024-01-25 20:00:00+00:00,2024-01-23 02:30:00+00:00,18337
2024-01-25 20:00:00+00:00,2024-01-23 04:30:00+00:00,18335
2024-01-25 20:00:00+00:00,2024-01-23 07:30:00+00:00,18305
2024-01-25 20:00:00+00:00,2024-01-23 09:30:00+00:00,18304
2024-01-25 20:00:00+00:00,2024-01-23 14:00:00+00:00,18303
2024-01-25 20:00:00+00:00,2024-01-23 15:30:00+00:00,18284
2024-01-25 20:00:00+00:00,2024-01-23 18:30:00+00:00,17909
2024-01-25 20:00:00+00:00,2024-01-23 22:30:00+00:00,17908
2024-01-25 20:00:00+00:00,2024-01-24 02:30:00+00:00,17916
2024-01-25 20:00:00+00:00,2024-01-24 04:30:00+00:00,17913
2024-01-25 20:00:00+00:00,2024-01-24 07:30:00+00:00,17877
2024-01-25 20:00:00+00:00,2024-01-24 09:30:00+00:00,17878
2024-01-25 20:00:00+00:00,2024-01-24 11:30:00+00:00,17879
2024-01-25 20:00:00+00:00,2024-01-24 15:30:00+00:00,17728
2024-01-25 20:00:00+00:00,2024-01-24 18:30:00+00:00,17510
2024-01-25 20:00:00+00:00,2024-01-24 22:30:00+00:00,17509
2024-01-25 21:00:00+00:00,2024-01-23 02:30:00+00:00,18564
2024-01-25 21:00:00+00:00,2024-01-23 04:30:00+00:00,18562
2024-01-25 21:00:00+00:00,2024-01-23 07:30:00+00:00,18526
2024-01-25 21:00:00+00:00,2024-01-23 09:30:00+00:00,18526
2024-01-25 21:00:00+00:00,2024-01-23 14:00:00+00:00,18525
2024-01-25 21:00:00+00:00,2024-01-23 15:30:00+00:00,18495
2024-01-25 21:00:00+00:00,2024-01-23 18:30:00+00:00,18165
2024-01-25 21:00:00+00:00,2024-01-23 22:30:00+00:00,18164
2024-01-25 21:00:00+00:00,2024-01-24 02:30:00+00:00,18233
2024-01-25 21:00:00+00:00,2024-01-24 04:30:00+00:00,18231
2024-01-25 21:00:00+00:00,2024-01-24 07:30:00+00:00,18224
2024-01-25 21:00:00+00:00,2024-01-24 09:30:00+00:00,18224
2024-01-25 21:00:00+00:00,2024-01-24 11:30:00+00:00,18223
2024-01-25 21:00:00+00:00,2024-01-24 15:30:00+00:00,18137
2024-01-25 21:00:00+00:00,2024-01-24 18:30:00+00:00,17947
2024-01-25 21:00:00+00:00,2024-01-24 22:30:00+00:00,17948
2024-01-25 21:00:00+00:00,2024-01-25 02:30:00+00:00,17921
2024-01-25 21:00:00+00:00,2024-01-25 04:30:00+00:00,17925
2024-01-25 21:00:00+00:00,2024-01-25 07:30:00+00:00,17960
2024-01-25 21:00:00+00:00,2024-01-25 09:30:00+00:00,17960
2024-01-25 21:00:00+00:00,2024-01-25 11:30:00+00:00,17953
2024-01-25 21:00:00+00:00,2024-01-25 15:30:00+00:00,18059
2024-01-25 21:00:00+00:00,2024-01-25 18:30:00+00:00,18099
2024-01-25 21:00:00+00:00,2024-01-25 22:30:00+00:00,18090
2024-01-25 22:00:00+00:00,2024-01-24 02:30:00+00:00,18575
2024-01-25 22:00:00+00:00,2024-01-24 04:30:00+00:00,18573
2024-01-25 22:00:00+00:00,2024-01-24 07:30:00+00:00,18548
2024-01-25 22:00:00+00:00,2024-01-24 09:30:00+00:00,18548
2024-01-25 22:00:00+00:00,2024-01-24 11:30:00+00:00,18544
2024-01-25 22:00:00+00:00,2024-01-24 15:30:00+00:00,18635
2024-01-25 22:00:00+00:00,2024-01-24 18:30:00+00:00,18477
2024-01-25 22:00:00+00:00,2024-01-24 22:30:00+00:00,18479
2024-01-25 22:00:00+00:00,2024-01-25 02:30:00+00:00,18407
2024-01-25 22:00:00+00:00,2024-01-25 04:30:00+00:00,18412
2024-01-25 22:00:00+00:00,2024-01-25 07:30:00+00:00,18391
2024-01-25 22:00:00+00:00,2024-01-25 09:30:00+00:00,18392
2024-01-25 22:00:00+00:00,2024-01-25 11:30:00+00:00,18395
2024-01-25 22:00:00+00:00,2024-01-25 15:30:00+00:00,18499
2024-01-25 22:00:00+00:00,2024-01-25 18:30:00+00:00,18570
2024-01-25 22:00:00+00:00,2024-01-25 22:30:00+00:00,18572
2024-01-25 23:00:00+00:00,2024-01-24 02:30:00+00:00,18789
2024-01-25 23:00:00+00:00,2024-01-24 04:30:00+00:00,18788
2024-01-25 23:00:00+00:00,2024-01-24 07:30:00+00:00,18807
2024-01-25 23:00:00+00:00,2024-01-24 09:30:00+00:00,18807
2024-01-25 23:00:00+00:00,2024-01-24 11:30:00+00:00,18810
2024-01-25 23:00:00+00:00,2024-01-24 15:30:00+00:00,19020
2024-01-25 23:00:00+00:00,2024-01-24 18:30:00+00:00,18903
2024-01-25 23:00:00+00:00,2024-01-24 22:30:00+00:00,18905
2024-01-25 23:00:00+00:00,2024-01-25 02:30:00+00:00,18908
2024-01-25 23:00:00+00:00,2024-01-25 04:30:00+00:00,18911
2024-01-25 23:00:00+00:00,2024-01-25 07:30:00+00:00,18934
2024-01-25 23:00:00+00:00,2024-01-25 09:30:00+00:00,18934
2024-01-25 23:00:00+00:00,2024-01-25 11:30:00+00:00,18933
2024-01-25 23:00:00+00:00,2024-01-25 15:30:00+00:00,18970
2024-01-25 23:00:00+00:00,2024-01-25 18:30:00+00:00,19004
2024-01-25 23:00:00+00:00,2024-01-25 22:30:00+00:00,19004
2024-01-26 00:00:00+00:00,2024-01-24 02:30:00+00:00,18984
2024-01-26 00:00:00+00:00,2024-01-24 04:30:00+00:00,18983
2024-01-26 00:00:00+00:00,2024-01-24 07:30:00+00:00,19011
2024-01-26 00:00:00+00:00,2024-01-24 09:30:00+00:00,19011
2024-01-26 00:00:00+00:00,2024-01-24 11:30:00+00:00,19014
2024-01-26 00:00:00+00:00,2024-01-24 15:30:00+00:00,19144
2024-01-26 00:00:00+00:00,2024-01-24 18:30:00+00:00,19124
2024-01-26 00:00:00+00:00,2024-01-24 22:30:00+00:00,19124
2024-01-26 00:00:00+00:00,2024-01-25 02:30:00+00:00,19223
2024-01-26 00:00:00+00:00,2024-01-25 04:30:00+00:00,19224
2024-01-26 00:00:00+00:00,2024-01-25 07:30:00+00:00,19248
2024-01-26 00:00:00+00:00,2024-01-25 09:30:00+00:00,19249
2024-01-26 00:00:00+00:00,2024-01-25 11:30:00+00:00,19249
2024-01-26 00:00:00+00:00,2024-01-25 15:30:00+00:00,19300
2024-01-26 00:00:00+00:00,2024-01-25 18:30:00+00:00,19294
2024-01-26 00:00:00+00:00,2024-01-25 22:30:00+00:00,19296
2024-01-26 01:00:00+00:00,2024-01-24 02:30:00+00:00,18987
2024-01-26 01:00:00+00:00,2024-01-24 04:30:00+00:00,18986
2024-01-26 01:00:00+00:00,2024-01-24 07:30:00+00:00,19006
2024-01-26 01:00:00+00:00,2024-01-24 09:30:00+00:00,19006
2024-01-26 01:00:00+00:00,2024-01-24 11:30:00+00:00,19006
2024-01-26 01:00:00+00:00,2024-01-24 15:30:00+00:00,19031
2024-01-26 01:00:00+00:00,2024-01-24 18:30:00+00:00,19100
2024-01-26 01:00:00+00:00,2024-01-24 22:30:00+00:00,19101
2024-01-26 01:00:00+00:00,2024-01-25 02:30:00+00:00,19270
2024-01-26 01:00:00+00:00,2024-01-25 04:30:00+00:00,19271
2024-01-26 01:00:00+00:00,2024-01-25 07:30:00+00:00,19256
2024-01-26 01:00:00+00:00,2024-01-25 09:30:00+00:00,19256
2024-01-26 01:00:00+00:00,2024-01-25 11:30:00+00:00,19255
2024-01-26 01:00:00+00:00,2024-01-25 15:30:00+00:00,19252
2024-01-26 01:00:00+00:00,2024-01-25 18:30:00+00:00,19170
2024-01-26 01:00:00+00:00,2024-01-25 22:30:00+00:00,19171
2024-01-26 02:00:00+00:00,2024-01-24 02:30:00+00:00,18959
2024-01-26 02:00:00+00:00,2024-01-24 04:30:00+00:00,18959
2024-01-26 02:00:00+00:00,2024-01-24 07:30:00+00:00,18930
2024-01-26 02:00:00+00:00,2024-01-24 09:30:00+00:00,18930
2024-01-26 02:00:00+00:00,2024-01-24 11:30:00+00:00,18928
2024-01-26 02:00:00+00:00,2024-01-24 15:30:00+00:00,18910
2024-01-26 02:00:00+00:00,2024-01-24 18:30:00+00:00,18856
2024-01-26 02:00:00+00:00,2024-01-24 22:30:00+00:00,18856
2024-01-26 02:00:00+00:00,2024-01-25 02:30:00+00:00,18976
2024-01-26 02:00:00+00:00,2024-01-25 04:30:00+00:00,18976
2024-01-26 02:00:00+00:00,2024-01-25 07:30:00+00:00,18994
2024-01-26 02:00:00+00:00,2024-01-25 09:30:00+00:00,18994
2024-01-26 02:00:00+00:00,2024-01-25 11:30:00+00:00,18993
2024-01-26 02:00:00+00:00,2024-01-25 15:30:00+00:00,19031
2024-01-26 02:00:00+00:00,2024-01-25 18:30:00+00:00,18944
2024-01-26 02:00:00+00:00,2024-01-25 22:30:00+00:00,18945
2024-01-26 03:00:00+00:00,2024-01-24 02:30:00+00:00,18901
2024-01-26 03:00:00+00:00,2024-01-24 04:30:00+00:00,18902
2024-01-26 03:00:00+00:00,2024-01-24 07:30:00+00:00,18848
2024-01-26 03:00:00+00:00,2024-01-24 09:30:00+00:00,18848
2024-01-26 03:00:00+00:00,2024-01-24 11:30:00+00:00,18848
2024-01-26 03:00:00+00:00,2024-01-24 15:30:00+00:00,18914
2024-01-26 03:00:00+00:00,2024-01-24 18:30:00+00:00,18828
2024-01-26 03:00:00+00:00,2024-01-24 22:30:00+00:00,18827
2024-01-26 03:00:00+00:00,2024-01-25 02:30:00+00:00,18877
2024-01-26 03:00:00+00:00,2024-01-25 04:30:00+00:00,18878
2024-01-26 03:00:00+00:00,2024-01-25 07:30:00+00:00,18901
2024-01-26 03:00:00+00:00,2024-01-25 09:30:00+00:00,18902
2024-01-26 03:00:00+00:00,2024-01-25 11:30:00+00:00,18899
2024-01-26 03:00:00+00:00,2024-01-25 15:30:00+00:00,19049
2024-01-26 03:00:00+00:00,2024-01-25 18:30:00+00:00,18948
2024-01-26 03:00:00+00:00,2024-01-25 22:30:00+00:00,18949
2024-01-26 04:00:00+00:00,2024-01-24 02:30:00+00:00,18982
2024-01-26 04:00:00+00:00,2024-01-24 04:30:00+00:00,18982
2024-01-26 04:00:00+00:00,2024-01-24 07:30:00+00:00,18979
2024-01-26 04:00:00+00:00,2024-01-24 09:30:00+00:00,18979
2024-01-26 04:00:00+00:00,2024-01-24 11:30:00+00:00,18980
2024-01-26 04:00:00+00:00,2024-01-24 15:30:00+00:00,18970
2024-01-26 04:00:00+00:00,2024-01-24 18:30:00+00:00,19072
2024-01-26 04:00:00+00:00,2024-01-24 22:30:00+00:00,19072
2024-01-26 04:00:00+00:00,2024-01-25 02:30:00+00:00,19001
2024-01-26 04:00:00+00:00,2024-01-25 04:30:00+00:00,19001
2024-01-26 04:00:00+00:00,2024-01-25 07:30:00+00:00,18974
2024-01-26 04:00:00+00:00,2024-01-25 09:30:00+00:00,18975
2024-01-26 04:00:00+00:00,2024-01-25 11:30:00+00:00,18972
2024-01-26 04:00:00+00:00,2024-01-25 15:30:00+00:00,19183
2024-01-26 04:00:00+00:00,2024-01-25 18:30:00+00:00,19128
2024-01-26 04:00:00+00:00,2024-01-25 22:30:00+00:00,19128
2024-01-26 05:00:00+00:00,2024-01-24 02:30:00+00:00,19037
2024-01-26 05:00:00+00:00,2024-01-24 04:30:00+00:00,19036
2024-01-26 05:00:00+00:00,2024-01-24 07:30:00+00:00,19040
2024-01-26 05:00:00+00:00,2024-01-24 09:30:00+00:00,19040
2024-01-26 05:00:00+00:00,2024-01-24 11:30:00+00:00,19041
2024-01-26 05:00:00+00:00,2024-01-24 15:30:00+00:00,19036
2024-01-26 05:00:00+00:00,2024-01-24 18:30:00+00:00,19131
2024-01-26 05:00:00+00:00,2024-01-24 22:30:00+00:00,19131
2024-01-26 05:00:00+00:00,2024-01-25 02:30:00+00:00,19116
2024-01-26 05:00:00+00:00,2024-01-25 04:30:00+00:00,19117
2024-01-26 05:00:00+00:00,2024-01-25 07:30:00+00:00,19090
2024-01-26 05:00:00+00:00,2024-01-25 09:30:00+00:00,19091
2024-01-26 05:00:00+00:00,2024-01-25 11:30:00+00:00,19089
2024-01-26 05:00:00+00:00,2024-01-25 15:30:00+00:00,19217
2024-01-26 05:00:00+00:00,2024-01-25 18:30:00+00:00,19093
2024-01-26 05:00:00+00:00,2024-01-25 22:30:00+00:00,19095
2024-01-26 06:00:00+00:00,2024-01-24 02:30:00+00:00,19070
2024-01-26 06:00:00+00:00,2024-01-24 04:30:00+00:00,19069
2024-01-26 06:00:00+00:00,2024-01-24 07:30:00+00:00,19073
2024-01-26 06:00:00+00:00,2024-01-24 09:30:00+00:00,19074
2024-01-26 06:00:00+00:00,2024-01-24 11:30:00+00:00,19074
2024-01-26 06:00:00+00:00,2024-01-24 15:30:00+00:00,19069
2024-01-26 06:00:00+00:00,2024-01-24 18:30:00+00:00,19111
2024-01-26 06:00:00+00:00,2024-01-24 22:30:00+00:00,19110
2024-01-26 06:00:00+00:00,2024-01-25 02:30:00+00:00,19081
2024-01-26 06:00:00+00:00,2024-01-25 04:30:00+00:00,19082
2024-01-26 06:00:00+00:00,2024-01-25 07:30:00+00:00,19010
2024-01-26 06:00:00+00:00,2024-01-25 09:30:00+00:00,19011
2024-01-26 06:00:00+00:00,2024-01-25 11:30:00+00:00,19008
2024-01-26 06:00:00+00:00,2024-01-25 15:30:00+00:00,19083
2024-01-26 06:00:00+00:00,2024-01-25 18:30:00+00:00,18983
2024-01-26 06:00:00+00:00,2024-01-25 22:30:00+00:00,18984
2024-01-26 07:00:00+00:00,2024-01-24 02:30:00+00:00,18898
2024-01-26 07:00:00+00:00,2024-01-24 04:30:00+00:00,18896
2024-01-26 07:00:00+00:00,2024-01-24 07:30:00+00:00,18890
2024-01-26 07:00:00+00:00,2024-01-24 09:30:00+00:00,18890
2024-01-26 07:00:00+00:00,2024-01-24 11:30:00+00:00,18890
2024-01-26 07:00:00+00:00,2024-01-24 15:30:00+00:00,18928
2024-01-26 07:00:00+00:00,2024-01-24 18:30:00+00:00,18876
2024-01-26 07:00:00+00:00,2024-01-24 22:30:00+00:00,18875
2024-01-26 07:00:00+00:00,2024-01-25 02:30:00+00:00,18842
2024-01-26 07:00:00+00:00,2024-01-25 04:30:00+00:00,18842
2024-01-26 07:00:00+00:00,2024-01-25 07:30:00+00:00,18821
2024-01-26 07:00:00+00:00,2024-01-25 09:30:00+00:00,18821
2024-01-26 07:00:00+00:00,2024-01-25 11:30:00+00:00,18821
2024-01-26 07:00:00+00:00,2024-01-25 15:30:00+00:00,18933
2024-01-26 07:00:00+00:00,2024-01-25 18:30:00+00:00,18864
2024-01-26 07:00:00+00:00,2024-01-25 22:30:00+00:00,18864
2024-01-26 08:00:00+00:00,2024-01-24 02:30:00+00:00,18681
2024-01-26 08:00:00+00:00,2024-01-24 04:30:00+00:00,18678
2024-01-26 08:00:00+00:00,2024-01-24 07:30:00+00:00,18609
2024-01-26 08:00:00+00:00,2024-01-24 09:30:00+00:00,18609
2024-01-26 08:00:00+00:00,2024-01-24 11:30:00+00:00,18609
2024-01-26 08:00:00+00:00,2024-01-24 15:30:00+00:00,18658
2024-01-26 08:00:00+00:00,2024-01-24 18:30:00+00:00,18614
2024-01-26 08:00:00+00:00,2024-01-24 22:30:00+00:00,18612
2024-01-26 08:00:00+00:00,2024-01-25 02:30:00+00:00,18576
2024-01-26 08:00:00+00:00,2024-01-25 04:30:00+00:00,18576
2024-01-26 08:00:00+00:00,2024-01-25 07:30:00+00:00,18507
2024-01-26 08:00:00+00:00,2024-01-25 09:30:00+00:00,18505
2024-01-26 08:00:00+00:00,2024-01-25 11:30:00+00:00,18509
2024-01-26 08:00:00+00:00,2024-01-25 15:30:00+00:00,18575
2024-01-26 08:00:00+00:00,2024-01-25 18:30:00+00:00,18430
2024-01-26 08:00:00+00:00,2024-01-25 22:30:00+00:00,18430
2024-01-26 09:00:00+00:00,2024-01-24 02:30:00+00:00,18357
2024-01-26 09:00:00+00:00,2024-01-24 04:30:00+00:00,18352
2024-01-26 09:00:00+00:00,2024-01-24 07:30:00+00:00,18256
2024-01-26 09:00:00+00:00,2024-01-24 09:30:00+00:00,18255
2024-01-26 09:00:00+00:00,2024-01-24 11:30:00+00:00,18254
2024-01-26 09:00:00+00:00,2024-01-24 15:30:00+00:00,18316
2024-01-26 09:00:00+00:00,2024-01-24 18:30:00+00:00,18306
2024-01-26 09:00:00+00:00,2024-01-24 22:30:00+00:00,18302
2024-01-26 09:00:00+00:00,2024-01-25 02:30:00+00:00,18226
2024-01-26 09:00:00+00:00,2024-01-25 04:30:00+00:00,18225
2024-01-26 09:00:00+00:00,2024-01-25 07:30:00+00:00,18161
2024-01-26 09:00:00+00:00,2024-01-25 09:30:00+00:00,18158
2024-01-26 09:00:00+00:00,2024-01-25 11:30:00+00:00,18155
2024-01-26 09:00:00+00:00,2024-01-25 15:30:00+00:00,18202
2024-01-26 09:00:00+00:00,2024-01-25 18:30:00+00:00,18039
2024-01-26 09:00:00+00:00,2024-01-25 22:30:00+00:00,18038
2024-01-26 10:00:00+00:00,2024-01-24 02:30:00+00:00,18214
2024-01-26 10:00:00+00:00,2024-01-24 04:30:00+00:00,18209
2024-01-26 10:00:00+00:00,2024-01-24 07:30:00+00:00,18138
2024-01-26 10:00:00+00:00,2024-01-24 09:30:00+00:00,18137
2024-01-26 10:00:00+00:00,2024-01-24 11:30:00+00:00,18135
2024-01-26 10:00:00+00:00,2024-01-24 15:30:00+00:00,18215
2024-01-26 10:00:00+00:00,2024-01-24 18:30:00+00:00,18144
2024-01-26 10:00:00+00:00,2024-01-24 22:30:00+00:00,18139
2024-01-26 10:00:00+00:00,2024-01-25 02:30:00+00:00,18083
2024-01-26 10:00:00+00:00,2024-01-25 04:30:00+00:00,18083
2024-01-26 10:00:00+00:00,2024-01-25 07:30:00+00:00,17890
2024-01-26 10:00:00+00:00,2024-01-25 09:30:00+00:00,17887
2024-01-26 10:00:00+00:00,2024-01-25 11:30:00+00:00,17890
2024-01-26 10:00:00+00:00,2024-01-25 15:30:00+00:00,17946
2024-01-26 10:00:00+00:00,2024-01-25 18:30:00+00:00,17843
2024-01-26 10:00:00+00:00,2024-01-25 22:30:00+00:00,17842
2024-01-26 11:00:00+00:00,2024-01-24 02:30:00+00:00,17989
2024-01-26 11:00:00+00:00,2024-01-24 04:30:00+00:00,17984
2024-01-26 11:00:00+00:00,2024-01-24 07:30:00+00:00,17927
2024-01-26 11:00:00+00:00,2024-01-24 09:30:00+00:00,17926
2024-01-26 11:00:00+00:00,2024-01-24 11:30:00+00:00,17923
2024-01-26 11:00:00+00:00,2024-01-24 15:30:00+00:00,18010
2024-01-26 11:00:00+00:00,2024-01-24 18:30:00+00:00,17953
2024-01-26 11:00:00+00:00,2024-01-24 22:30:00+00:00,17948
2024-01-26 11:00:00+00:00,2024-01-25 02:30:00+00:00,18060
2024-01-26 11:00:00+00:00,2024-01-25 04:30:00+00:00,18059
2024-01-26 11:00:00+00:00,2024-01-25 07:30:00+00:00,17871
2024-01-26 11:00:00+00:00,2024-01-25 09:30:00+00:00,17868
2024-01-26 11:00:00+00:00,2024-01-25 11:30:00+00:00,17871
2024-01-26 11:00:00+00:00,2024-01-25 15:30:00+00:00,17893
2024-01-26 11:00:00+00:00,2024-01-25 18:30:00+00:00,17764
2024-01-26 11:00:00+00:00,2024-01-25 22:30:00+00:00,17761
2024-01-26 12:00:00+00:00,2024-01-24 02:30:00+00:00,17661
2024-01-26 12:00:00+00:00,2024-01-24 04:30:00+00:00,17656
2024-01-26 12:00:00+00:00,2024-01-24 07:30:00+00:00,17598
2024-01-26 12:00:00+00:00,2024-01-24 09:30:00+00:00,17597
2024-01-26 12:00:00+00:00,2024-01-24 11:30:00+00:00,17593
2024-01-26 12:00:00+00:00,2024-01-24 15:30:00+00:00,17671
2024-01-26 12:00:00+00:00,2024-01-24 18:30:00+00:00,17629
2024-01-26 12:00:00+00:00,2024-01-24 22:30:00+00:00,17623
2024-01-26 12:00:00+00:00,2024-01-25 02:30:00+00:00,17833
2024-01-26 12:00:00+00:00,2024-01-25 04:30:00+00:00,17826
2024-01-26 12:00:00+00:00,2024-01-25 07:30:00+00:00,17723
2024-01-26 12:00:00+00:00,2024-01-25 09:30:00+00:00,17722
2024-01-26 12:00:00+00:00,2024-01-25 11:30:00+00:00,17728
2024-01-26 12:00:00+00:00,2024-01-25 15:30:00+00:00,17806
2024-01-26 12:00:00+00:00,2024-01-25 18:30:00+00:00,17677
2024-01-26 12:00:00+00:00,2024-01-25 22:30:00+00:00,17677
2024-01-26 13:00:00+00:00,2024-01-24 02:30:00+00:00,17240
2024-01-26 13:00:00+00:00,2024-01-24 04:30:00+00:00,17233
2024-01-26 13:00:00+00:00,2024-01-24 07:30:00+00:00,17211
2024-01-26 13:00:00+00:00,2024-01-24 09:30:00+00:00,17210
2024-01-26 13:00:00+00:00,2024-01-24 11:30:00+00:00,17206
2024-01-26 13:00:00+00:00,2024-01-24 15:30:00+00:00,17243
2024-01-26 13:00:00+00:00,2024-01-24 18:30:00+00:00,17213
2024-01-26 13:00:00+00:00,2024-01-24 22:30:00+00:00,17205
2024-01-26 13:00:00+00:00,2024-01-25 02:30:00+00:00,17342
2024-01-26 13:00:00+00:00,2024-01-25 04:30:00+00:00,17341
2024-01-26 13:00:00+00:00,2024-01-25 07:30:00+00:00,17293
2024-01-26 13:00:00+00:00,2024-01-25 09:30:00+00:00,17293
2024-01-26 13:00:00+00:00,2024-01-25 11:30:00+00:00,17298
2024-01-26 13:00:00+00:00,2024-01-25 15:30:00+00:00,17408
2024-01-26 13:00:00+00:00,2024-01-25 18:30:00+00:00,17307
2024-01-26 13:00:00+00:00,2024-01-25 22:30:00+00:00,17308
2024-01-26 14:00:00+00:00,2024-01-24 02:30:00+00:00,16670
2024-01-26 14:00:00+00:00,2024-01-24 04:30:00+00:00,16658
2024-01-26 14:00:00+00:00,2024-01-24 07:30:00+00:00,16646
2024-01-26 14:00:00+00:00,2024-01-24 09:30:00+00:00,16646
2024-01-26 14:00:00+00:00,2024-01-24 11:30:00+00:00,16641
2024-01-26 14:00:00+00:00,2024-01-24 15:30:00+00:00,16687
2024-01-26 14:00:00+00:00,2024-01-24 18:30:00+00:00,16622
2024-01-26 14:00:00+00:00,2024-01-24 22:30:00+00:00,16612
2024-01-26 14:00:00+00:00,2024-01-25 02:30:00+00:00,16751
2024-01-26 14:00:00+00:00,2024-01-25 04:30:00+00:00,16751
2024-01-26 14:00:00+00:00,2024-01-25 07:30:00+00:00,16737
2024-01-26 14:00:00+00:00,2024-01-25 09:30:00+00:00,16738
2024-01-26 14:00:00+00:00,2024-01-25 11:30:00+00:00,16739
2024-01-26 14:00:00+00:00,2024-01-25 15:30:00+00:00,16907
2024-01-26 14:00:00+00:00,2024-01-25 18:30:00+00:00,16812
2024-01-26 14:00:00+00:00,2024-01-25 22:30:00+00:00,16817
2024-01-26 15:00:00+00:00,2024-01-24 02:30:00+00:00,15918
2024-01-26 15:00:00+00:00,2024-01-24 04:30:00+00:00,15903
2024-01-26 15:00:00+00:00,2024-01-24 07:30:00+00:00,15957
2024-01-26 15:00:00+00:00,2024-01-24 09:30:00+00:00,15958
2024-01-26 15:00:00+00:00,2024-01-24 11:30:00+00:00,15954
2024-01-26 15:00:00+00:00,2024-01-24 15:30:00+00:00,15987
2024-01-26 15:00:00+00:00,2024-01-24 18:30:00+00:00,15983
2024-01-26 15:00:00+00:00,2024-01-24 22:30:00+00:00,15973
2024-01-26 15:00:00+00:00,2024-01-25 02:30:00+00:00,16185
2024-01-26 15:00:00+00:00,2024-01-25 04:30:00+00:00,16187
2024-01-26 15:00:00+00:00,2024-01-25 07:30:00+00:00,16061
2024-01-26 15:00:00+00:00,2024-01-25 09:30:00+00:00,16066
2024-01-26 15:00:00+00:00,2024-01-25 11:30:00+00:00,16058
2024-01-26 15:00:00+00:00,2024-01-25 15:30:00+00:00,16236
2024-01-26 15:00:00+00:00,2024-01-25 18:30:00+00:00,16255
2024-01-26 15:00:00+00:00,2024-01-25 22:30:00+00:00,16262
2024-01-26 16:00:00+00:00,2024-01-24 02:30:00+00:00,15767
2024-01-26 16:00:00+00:00,2024-01-24 04:30:00+00:00,15749
2024-01-26 16:00:00+00:00,2024-01-24 07:30:00+00:00,15760
2024-01-26 16:00:00+00:00,2024-01-24 09:30:00+00:00,15760
2024-01-26 16:00:00+00:00,2024-01-24 11:30:00+00:00,15755
2024-01-26 16:00:00+00:00,2024-01-24 15:30:00+00:00,15718
2024-01-26 16:00:00+00:00,2024-01-24 18:30:00+00:00,15710
2024-01-26 16:00:00+00:00,2024-01-24 22:30:00+00:00,15699
2024-01-26 16:00:00+00:00,2024-01-25 02:30:00+00:00,15642
2024-01-26 16:00:00+00:00,2024-01-25 04:30:00+00:00,15639
2024-01-26 16:00:00+00:00,2024-01-25 07:30:00+00:00,15918
2024-01-26 16:00:00+00:00,2024-01-25 09:30:00+00:00,15923
2024-01-26 16:00:00+00:00,2024-01-25 11:30:00+00:00,15918
2024-01-26 16:00:00+00:00,2024-01-25 15:30:00+00:00,15992
2024-01-26 16:00:00+00:00,2024-01-25 18:30:00+00:00,15938
2024-01-26 16:00:00+00:00,2024-01-25 22:30:00+00:00,15942
2024-01-26 17:00:00+00:00,2024-01-24 02:30:00+00:00,15568
2024-01-26 17:00:00+00:00,2024-01-24 04:30:00+00:00,15550
2024-01-26 17:00:00+00:00,2024-01-24 07:30:00+00:00,15476
2024-01-26 17:00:00+00:00,2024-01-24 09:30:00+00:00,15476
2024-01-26 17:00:00+00:00,2024-01-24 11:30:00+00:00,15470
2024-01-26 17:00:00+00:00,2024-01-24 15:30:00+00:00,15540
2024-01-26 17:00:00+00:00,2024-01-24 18:30:00+00:00,15535
2024-01-26 17:00:00+00:00,2024-01-24 22:30:00+00:00,15526
2024-01-26 17:00:00+00:00,2024-01-25 02:30:00+00:00,15489
2024-01-26 17:00:00+00:00,2024-01-25 04:30:00+00:00,15481
2024-01-26 17:00:00+00:00,2024-01-25 07:30:00+00:00,15722
2024-01-26 17:00:00+00:00,2024-01-25 09:30:00+00:00,15725
2024-01-26 17:00:00+00:00,2024-01-25 11:30:00+00:00,15725
2024-01-26 17:00:00+00:00,2024-01-25 15:30:00+00:00,15635
2024-01-26 17:00:00+00:00,2024-01-25 18:30:00+00:00,15567
2024-01-26 17:00:00+00:00,2024-01-25 22:30:00+00:00,15569
2024-01-26 18:00:00+00:00,2024-01-24 02:30:00+00:00,15293
2024-01-26 18:00:00+00:00,2024-01-24 04:30:00+00:00,15277
2024-01-26 18:00:00+00:00,2024-01-24 07:30:00+00:00,15283
2024-01-26 18:00:00+00:00,2024-01-24 09:30:00+00:00,15282
2024-01-26 18:00:00+00:00,2024-01-24 11:30:00+00:00,15277
2024-01-26 18:00:00+00:00,2024-01-24 15:30:00+00:00,15353
2024-01-26 18:00:00+00:00,2024-01-24 18:30:00+00:00,15360
2024-01-26 18:00:00+00:00,2024-01-24 22:30:00+00:00,15352
2024-01-26 18:00:00+00:00,2024-01-25 02:30:00+00:00,15328
2024-01-26 18:00:00+00:00,2024-01-25 04:30:00+00:00,15318
2024-01-26 18:00:00+00:00,2024-01-25 07:30:00+00:00,15543
2024-01-26 18:00:00+00:00,2024-01-25 09:30:00+00:00,15545
2024-01-26 18:00:00+00:00,2024-01-25 11:30:00+00:00,15544
2024-01-26 18:00:00+00:00,2024-01-25 15:30:00+00:00,15537
2024-01-26 18:00:00+00:00,2024-01-25 18:30:00+00:00,15529
2024-01-26 18:00:00+00:00,2024-01-25 22:30:00+00:00,15529
2024-01-26 19:00:00+00:00,2024-01-24 02:30:00+00:00,15468
2024-01-26 19:00:00+00:00,2024-01-24 04:30:00+00:00,15453
2024-01-26 19:00:00+00:00,2024-01-24 07:30:00+00:00,15451
2024-01-26 19:00:00+00:00,2024-01-24 09:30:00+00:00,15450
2024-01-26 19:00:00+00:00,2024-01-24 11:30:00+00:00,15445
2024-01-26 19:00:00+00:00,2024-01-24 15:30:00+00:00,15508
2024-01-26 19:00:00+00:00,2024-01-24 18:30:00+00:00,15484
2024-01-26 19:00:00+00:00,2024-01-24 22:30:00+00:00,15478
2024-01-26 19:00:00+00:00,2024-01-25 02:30:00+00:00,15431
2024-01-26 19:00:00+00:00,2024-01-25 04:30:00+00:00,15422
2024-01-26 19:00:00+00:00,2024-01-25 07:30:00+00:00,15624
2024-01-26 19:00:00+00:00,2024-01-25 09:30:00+00:00,15625
2024-01-26 19:00:00+00:00,2024-01-25 11:30:00+00:00,15633
2024-01-26 19:00:00+00:00,2024-01-25 15:30:00+00:00,15684
2024-01-26 19:00:00+00:00,2024-01-25 18:30:00+00:00,15716
2024-01-26 19:00:00+00:00,2024-01-25 22:30:00+00:00,15715
2024-01-26 20:00:00+00:00,2024-01-24 02:30:00+00:00,15637
2024-01-26 20:00:00+00:00,2024-01-24 04:30:00+00:00,15622
2024-01-26 20:00:00+00:00,2024-01-24 07:30:00+00:00,15613
2024-01-26 20:00:00+00:00,2024-01-24 09:30:00+00:00,15612
2024-01-26 20:00:00+00:00,2024-01-24 11:30:00+00:00,15607
2024-01-26 20:00:00+00:00,2024-01-24 15:30:00+00:00,15658
2024-01-26 20:00:00+00:00,2024-01-24 18:30:00+00:00,15605
2024-01-26 20:00:00+00:00,2024-01-24 22:30:00+00:00,15600
2024-01-26 20:00:00+00:00,2024-01-25 02:30:00+00:00,15533
2024-01-26 20:00:00+00:00,2024-01-25 04:30:00+00:00,15524
2024-01-26 20:00:00+00:00,2024-01-25 07:30:00+00:00,15925
2024-01-26 20:00:00+00:00,2024-01-25 09:30:00+00:00,15925
2024-01-26 20:00:00+00:00,2024-01-25 11:30:00+00:00,15931
2024-01-26 20:00:00+00:00,2024-01-25 15:30:00+00:00,15927
2024-01-26 20:00:00+00:00,2024-01-25 18:30:00+00:00,15983
2024-01-26 20:00:00+00:00,2024-01-25 22:30:00+00:00,15982
2024-01-26 21:00:00+00:00,2024-01-24 02:30:00+00:00,15797
2024-01-26 21:00:00+00:00,2024-01-24 04:30:00+00:00,15784
2024-01-26 21:00:00+00:00,2024-01-24 07:30:00+00:00,15768
2024-01-26 21:00:00+00:00,2024-01-24 09:30:00+00:00,15767
2024-01-26 21:00:00+00:00,2024-01-24 11:30:00+00:00,15762
2024-01-26 21:00:00+00:00,2024-01-24 15:30:00+00:00,15803
2024-01-26 21:00:00+00:00,2024-01-24 18:30:00+00:00,15723
2024-01-26 21:00:00+00:00,2024-01-24 22:30:00+00:00,15719
2024-01-26 21:00:00+00:00,2024-01-25 02:30:00+00:00,15601
2024-01-26 21:00:00+00:00,2024-01-25 04:30:00+00:00,15594
2024-01-26 21:00:00+00:00,2024-01-25 07:30:00+00:00,15997
2024-01-26 21:00:00+00:00,2024-01-25 09:30:00+00:00,15996
2024-01-26 21:00:00+00:00,2024-01-25 11:30:00+00:00,16002
2024-01-26 21:00:00+00:00,2024-01-25 15:30:00+00:00,16055
2024-01-26 21:00:00+00:00,2024-01-25 18:30:00+00:00,16155
2024-01-26 21:00:00+00:00,2024-01-25 22:30:00+00:00,16153
2024-01-26 21:00:00+00:00,2024-01-26 02:30:00+00:00,16358
2024-01-26 21:00:00+00:00,2024-01-26 04:30:00+00:00,16351
2024-01-26 21:00:00+00:00,2024-01-26 07:30:00+00:00,16360
2024-01-26 21:00:00+00:00,2024-01-26 09:30:00+00:00,16360
2024-01-26 21:00:00+00:00,2024-01-26 11:30:00+00:00,16358
2024-01-26 21:00:00+00:00,2024-01-26 15:30:00+00:00,16227
2024-01-26 21:00:00+00:00,2024-01-26 18:30:00+00:00,15842
2024-01-26 21:00:00+00:00,2024-01-26 22:30:00+00:00,15842
2024-01-26 22:00:00+00:00,2024-01-25 02:30:00+00:00,15604
2024-01-26 22:00:00+00:00,2024-01-25 04:30:00+00:00,15596
2024-01-26 22:00:00+00:00,2024-01-25 07:30:00+00:00,15359
2024-01-26 22:00:00+00:00,2024-01-25 09:30:00+00:00,15357
2024-01-26 22:00:00+00:00,2024-01-25 11:30:00+00:00,15357
2024-01-26 22:00:00+00:00,2024-01-25 15:30:00+00:00,16000
2024-01-26 22:00:00+00:00,2024-01-25 18:30:00+00:00,16126
2024-01-26 22:00:00+00:00,2024-01-25 22:30:00+00:00,16124
2024-01-26 22:00:00+00:00,2024-01-26 02:30:00+00:00,16322
2024-01-26 22:00:00+00:00,2024-01-26 04:30:00+00:00,16317
2024-01-26 22:00:00+00:00,2024-01-26 07:30:00+00:00,16292
2024-01-26 22:00:00+00:00,2024-01-26 09:30:00+00:00,16291
2024-01-26 22:00:00+00:00,2024-01-26 11:30:00+00:00,16289
2024-01-26 22:00:00+00:00,2024-01-26 15:30:00+00:00,16158
2024-01-26 22:00:00+00:00,2024-01-26 18:30:00+00:00,15922
2024-01-26 22:00:00+00:00,2024-01-26 22:30:00+00:00,15922
2024-01-26 23:00:00+00:00,2024-01-25 02:30:00+00:00,15605
2024-01-26 23:00:00+00:00,2024-01-25 04:30:00+00:00,15596
2024-01-26 23:00:00+00:00,2024-01-25 07:30:00+00:00,15325
2024-01-26 23:00:00+00:00,2024-01-25 09:30:00+00:00,15323
2024-01-26 23:00:00+00:00,2024-01-25 11:30:00+00:00,15310
2024-01-26 23:00:00+00:00,2024-01-25 15:30:00+00:00,15909
2024-01-26 23:00:00+00:00,2024-01-25 18:30:00+00:00,16128
2024-01-26 23:00:00+00:00,2024-01-25 22:30:00+00:00,16128
2024-01-26 23:00:00+00:00,2024-01-26 02:30:00+00:00,16293
2024-01-26 23:00:00+00:00,2024-01-26 04:30:00+00:00,16290
2024-01-26 23:00:00+00:00,2024-01-26 07:30:00+00:00,16287
2024-01-26 23:00:00+00:00,2024-01-26 09:30:00+00:00,16286
2024-01-26 23:00:00+00:00,2024-01-26 11:30:00+00:00,16277
2024-01-26 23:00:00+00:00,2024-01-26 15:30:00+00:00,16105
2024-01-26 23:00:00+00:00,2024-01-26 18:30:00+00:00,15723
2024-01-26 23:00:00+00:00,2024-01-26 22:30:00+00:00,15723
2024-01-27 00:00:00+00:00,2024-01-25 02:30:00+00:00,15603
2024-01-27 00:00:00+00:00,2024-01-25 04:30:00+00:00,15594
2024-01-27 00:00:00+00:00,2024-01-25 07:30:00+00:00,15288
2024-01-27 00:00:00+00:00,2024-01-25 09:30:00+00:00,15286
2024-01-27 00:00:00+00:00,2024-01-25 11:30:00+00:00,15274
2024-01-27 00:00:00+00:00,2024-01-25 15:30:00+00:00,15811
2024-01-27 00:00:00+00:00,2024-01-25 18:30:00+00:00,16007
2024-01-27 00:00:00+00:00,2024-01-25 22:30:00+00:00,16006
2024-01-27 00:00:00+00:00,2024-01-26 02:30:00+00:00,16179
2024-01-27 00:00:00+00:00,2024-01-26 04:30:00+00:00,16179
2024-01-27 00:00:00+00:00,2024-01-26 07:30:00+00:00,16191
2024-01-27 00:00:00+00:00,2024-01-26 09:30:00+00:00,16190
2024-01-27 00:00:00+00:00,2024-01-26 11:30:00+00:00,16181
2024-01-27 00:00:00+00:00,2024-01-26 15:30:00+00:00,16041
2024-01-27 00:00:00+00:00,2024-01-26 18:30:00+00:00,15606
2024-01-27 00:00:00+00:00,2024-01-26 22:30:00+00:00,15606
2024-01-27 01:00:00+00:00,2024-01-25 02:30:00+00:00,15667
2024-01-27 01:00:00+00:00,2024-01-25 04:30:00+00:00,15659
2024-01-27 01:00:00+00:00,2024-01-25 07:30:00+00:00,15332
2024-01-27 01:00:00+00:00,2024-01-25 09:30:00+00:00,15330
2024-01-27 01:00:00+00:00,2024-01-25 11:30:00+00:00,15306
2024-01-27 01:00:00+00:00,2024-01-25 15:30:00+00:00,15846
2024-01-27 01:00:00+00:00,2024-01-25 18:30:00+00:00,15923
2024-01-27 01:00:00+00:00,2024-01-25 22:30:00+00:00,15923
2024-01-27 01:00:00+00:00,2024-01-26 02:30:00+00:00,16110
2024-01-27 01:00:00+00:00,2024-01-26 04:30:00+00:00,16111
2024-01-27 01:00:00+00:00,2024-01-26 07:30:00+00:00,16134
2024-01-27 01:00:00+00:00,2024-01-26 09:30:00+00:00,16133
2024-01-27 01:00:00+00:00,2024-01-26 11:30:00+00:00,16128
2024-01-27 01:00:00+00:00,2024-01-26 15:30:00+00:00,15991
2024-01-27 01:00:00+00:00,2024-01-26 18:30:00+00:00,15533
2024-01-27 01:00:00+00:00,2024-01-26 22:30:00+00:00,15533
2024-01-27 02:00:00+00:00,2024-01-25 02:30:00+00:00,15722
2024-01-27 02:00:00+00:00,2024-01-25 04:30:00+00:00,15715
2024-01-27 02:00:00+00:00,2024-01-25 07:30:00+00:00,15369
2024-01-27 02:00:00+00:00,2024-01-25 09:30:00+00:00,15367
2024-01-27 02:00:00+00:00,2024-01-25 11:30:00+00:00,15345
2024-01-27 02:00:00+00:00,2024-01-25 15:30:00+00:00,15803
2024-01-27 02:00:00+00:00,2024-01-25 18:30:00+00:00,15886
2024-01-27 02:00:00+00:00,2024-01-25 22:30:00+00:00,15886
2024-01-27 02:00:00+00:00,2024-01-26 02:30:00+00:00,16046
2024-01-27 02:00:00+00:00,2024-01-26 04:30:00+00:00,16046
2024-01-27 02:00:00+00:00,2024-01-26 07:30:00+00:00,16051
2024-01-27 02:00:00+00:00,2024-01-26 09:30:00+00:00,16050
2024-01-27 02:00:00+00:00,2024-01-26 11:30:00+00:00,16046
2024-01-27 02:00:00+00:00,2024-01-26 15:30:00+00:00,15892
2024-01-27 02:00:00+00:00,2024-01-26 18:30:00+00:00,15463
2024-01-27 02:00:00+00:00,2024-01-26 22:30:00+00:00,15463
2024-01-27 03:00:00+00:00,2024-01-25 02:30:00+00:00,15770
2024-01-27 03:00:00+00:00,2024-01-25 04:30:00+00:00,15764
2024-01-27 03:00:00+00:00,2024-01-25 07:30:00+00:00,15373
2024-01-27 03:00:00+00:00,2024-01-25 09:30:00+00:00,15370
2024-01-27 03:00:00+00:00,2024-01-25 11:30:00+00:00,15361
2024-01-27 03:00:00+00:00,2024-01-25 15:30:00+00:00,15705
2024-01-27 03:00:00+00:00,2024-01-25 18:30:00+00:00,15919
2024-01-27 03:00:00+00:00,2024-01-25 22:30:00+00:00,15919
2024-01-27 03:00:00+00:00,2024-01-26 02:30:00+00:00,16102
2024-01-27 03:00:00+00:00,2024-01-26 04:30:00+00:00,16100
2024-01-27 03:00:00+00:00,2024-01-26 07:30:00+00:00,16076
2024-01-27 03:00:00+00:00,2024-01-26 09:30:00+00:00,16074
2024-01-27 03:00:00+00:00,2024-01-26 11:30:00+00:00,16066
2024-01-27 03:00:00+00:00,2024-01-26 15:30:00+00:00,15850
2024-01-27 03:00:00+00:00,2024-01-26 18:30:00+00:00,15407
2024-01-27 03:00:00+00:00,2024-01-26 22:30:00+00:00,15407
2024-01-27 04:00:00+00:00,2024-01-25 02:30:00+00:00,15837
2024-01-27 04:00:00+00:00,2024-01-25 04:30:00+00:00,15831
2024-01-27 04:00:00+00:00,2024-01-25 07:30:00+00:00,15446
2024-01-27 04:00:00+00:00,2024-01-25 09:30:00+00:00,15443
2024-01-27 04:00:00+00:00,2024-01-25 11:30:00+00:00,15439
2024-01-27 04:00:00+00:00,2024-01-25 15:30:00+00:00,15539
2024-01-27 04:00:00+00:00,2024-01-25 18:30:00+00:00,15797
2024-01-27 04:00:00+00:00,2024-01-25 22:30:00+00:00,15797
2024-01-27 04:00:00+00:00,2024-01-26 02:30:00+00:00,16093
2024-01-27 04:00:00+00:00,2024-01-26 04:30:00+00:00,16093
2024-01-27 04:00:00+00:00,2024-01-26 07:30:00+00:00,16024
2024-01-27 04:00:00+00:00,2024-01-26 09:30:00+00:00,16022
2024-01-27 04:00:00+00:00,2024-01-26 11:30:00+00:00,16016
2024-01-27 04:00:00+00:00,2024-01-26 15:30:00+00:00,15668
2024-01-27 04:00:00+00:00,2024-01-26 18:30:00+00:00,15354
2024-01-27 04:00:00+00:00,2024-01-26 22:30:00+00:00,15354
2024-01-27 05:00:00+00:00,2024-01-25 02:30:00+00:00,15935
2024-01-27 05:00:00+00:00,2024-01-25 04:30:00+00:00,15929
2024-01-27 05:00:00+00:00,2024-01-25 07:30:00+00:00,15510
2024-01-27 05:00:00+00:00,2024-01-25 09:30:00+00:00,15507
2024-01-27 05:00:00+00:00,2024-01-25 11:30:00+00:00,15508
2024-01-27 05:00:00+00:00,2024-01-25 15:30:00+00:00,15580
2024-01-27 05:00:00+00:00,2024-01-25 18:30:00+00:00,15753
2024-01-27 05:00:00+00:00,2024-01-25 22:30:00+00:00,15750
2024-01-27 05:00:00+00:00,2024-01-26 02:30:00+00:00,15888
2024-01-27 05:00:00+00:00,2024-01-26 04:30:00+00:00,15888
2024-01-27 05:00:00+00:00,2024-01-26 07:30:00+00:00,15953
2024-01-27 05:00:00+00:00,2024-01-26 09:30:00+00:00,15950
2024-01-27 05:00:00+00:00,2024-01-26 11:30:00+00:00,15948
2024-01-27 05:00:00+00:00,2024-01-26 15:30:00+00:00,15607
2024-01-27 05:00:00+00:00,2024-01-26 18:30:00+00:00,15150
2024-01-27 05:00:00+00:00,2024-01-26 22:30:00+00:00,15150
2024-01-27 06:00:00+00:00,2024-01-25 02:30:00+00:00,15991
2024-01-27 06:00:00+00:00,2024-01-25 04:30:00+00:00,15985
2024-01-27 06:00:00+00:00,2024-01-25 07:30:00+00:00,15524
2024-01-27 06:00:00+00:00,2024-01-25 09:30:00+00:00,15521
2024-01-27 06:00:00+00:00,2024-01-25 11:30:00+00:00,15528
2024-01-27 06:00:00+00:00,2024-01-25 15:30:00+00:00,15573
2024-01-27 06:00:00+00:00,2024-01-25 18:30:00+00:00,15682
2024-01-27 06:00:00+00:00,2024-01-25 22:30:00+00:00,15678
2024-01-27 06:00:00+00:00,2024-01-26 02:30:00+00:00,15870
2024-01-27 06:00:00+00:00,2024-01-26 04:30:00+00:00,15870
2024-01-27 06:00:00+00:00,2024-01-26 07:30:00+00:00,15772
2024-01-27 06:00:00+00:00,2024-01-26 09:30:00+00:00,15769
2024-01-27 06:00:00+00:00,2024-01-26 11:30:00+00:00,15761
2024-01-27 06:00:00+00:00,2024-01-26 15:30:00+00:00,15491
2024-01-27 06:00:00+00:00,2024-01-26 18:30:00+00:00,15072
2024-01-27 06:00:00+00:00,2024-01-26 22:30:00+00:00,15072
2024-01-27 07:00:00+00:00,2024-01-25 02:30:00+00:00,16094
2024-01-27 07:00:00+00:00,2024-01-25 04:30:00+00:00,16086
2024-01-27 07:00:00+00:00,2024-01-25 07:30:00+00:00,15565
2024-01-27 07:00:00+00:00,2024-01-25 09:30:00+00:00,15562
2024-01-27 07:00:00+00:00,2024-01-25 11:30:00+00:00,15578
2024-01-27 07:00:00+00:00,2024-01-25 15:30:00+00:00,15602
2024-01-27 07:00:00+00:00,2024-01-25 18:30:00+00:00,15628
2024-01-27 07:00:00+00:00,2024-01-25 22:30:00+00:00,15627
2024-01-27 07:00:00+00:00,2024-01-26 02:30:00+00:00,15830
2024-01-27 07:00:00+00:00,2024-01-26 04:30:00+00:00,15830
2024-01-27 07:00:00+00:00,2024-01-26 07:30:00+00:00,15735
2024-01-27 07:00:00+00:00,2024-01-26 09:30:00+00:00,15733
2024-01-27 07:00:00+00:00,2024-01-26 11:30:00+00:00,15731
2024-01-27 07:00:00+00:00,2024-01-26 15:30:00+00:00,15433
2024-01-27 07:00:00+00:00,2024-01-26 18:30:00+00:00,14982
2024-01-27 07:00:00+00:00,2024-01-26 22:30:00+00:00,14982
2024-01-27 08:00:00+00:00,2024-01-25 02:30:00+00:00,16134
2024-01-27 08:00:00+00:00,2024-01-25 04:30:00+00:00,16123
2024-01-27 08:00:00+00:00,2024-01-25 07:30:00+00:00,15636
2024-01-27 08:00:00+00:00,2024-01-25 09:30:00+00:00,15633
2024-01-27 08:00:00+00:00,2024-01-25 11:30:00+00:00,15660
2024-01-27 08:00:00+00:00,2024-01-25 15:30:00+00:00,15631
2024-01-27 08:00:00+00:00,2024-01-25 18:30:00+00:00,15704
2024-01-27 08:00:00+00:00,2024-01-25 22:30:00+00:00,15703
2024-01-27 08:00:00+00:00,2024-01-26 02:30:00+00:00,15867
2024-01-27 08:00:00+00:00,2024-01-26 04:30:00+00:00,15866
2024-01-27 08:00:00+00:00,2024-01-26 07:30:00+00:00,15790
2024-01-27 08:00:00+00:00,2024-01-26 09:30:00+00:00,15789
2024-01-27 08:00:00+00:00,2024-01-26 11:30:00+00:00,15788
2024-01-27 08:00:00+00:00,2024-01-26 15:30:00+00:00,15502
2024-01-27 08:00:00+00:00,2024-01-26 18:30:00+00:00,14988
2024-01-27 08:00:00+00:00,2024-01-26 22:30:00+00:00,14988
2024-01-27 09:00:00+00:00,2024-01-25 02:30:00+00:00,16196
2024-01-27 09:00:00+00:00,2024-01-25 04:30:00+00:00,16180
2024-01-27 09:00:00+00:00,2024-01-25 07:30:00+00:00,15679
2024-01-27 09:00:00+00:00,2024-01-25 09:30:00+00:00,15678
2024-01-27 09:00:00+00:00,2024-01-25 11:30:00+00:00,15717
2024-01-27 09:00:00+00:00,2024-01-25 15:30:00+00:00,15659
2024-01-27 09:00:00+00:00,2024-01-25 18:30:00+00:00,15875
2024-01-27 09:00:00+00:00,2024-01-25 22:30:00+00:00,15873
2024-01-27 09:00:00+00:00,2024-01-26 02:30:00+00:00,15901
2024-01-27 09:00:00+00:00,2024-01-26 04:30:00+00:00,15902
2024-01-27 09:00:00+00:00,2024-01-26 07:30:00+00:00,15826
2024-01-27 09:00:00+00:00,2024-01-26 09:30:00+00:00,15825
2024-01-27 09:00:00+00:00,2024-01-26 11:30:00+00:00,15817
2024-01-27 09:00:00+00:00,2024-01-26 15:30:00+00:00,15691
2024-01-27 09:00:00+00:00,2024-01-26 18:30:00+00:00,15020
2024-01-27 09:00:00+00:00,2024-01-26 22:30:00+00:00,15020
2024-01-27 10:00:00+00:00,2024-01-25 02:30:00+00:00,16280
2024-01-27 10:00:00+00:00,2024-01-25 04:30:00+00:00,16270
2024-01-27 10:00:00+00:00,2024-01-25 07:30:00+00:00,15733
2024-01-27 10:00:00+00:00,2024-01-25 09:30:00+00:00,15730
2024-01-27 10:00:00+00:00,2024-01-25 11:30:00+00:00,15770
2024-01-27 10:00:00+00:00,2024-01-25 15:30:00+00:00,15620
2024-01-27 10:00:00+00:00,2024-01-25 18:30:00+00:00,15511
2024-01-27 10:00:00+00:00,2024-01-25 22:30:00+00:00,15510
2024-01-27 10:00:00+00:00,2024-01-26 02:30:00+00:00,15865
2024-01-27 10:00:00+00:00,2024-01-26 04:30:00+00:00,15865
2024-01-27 10:00:00+00:00,2024-01-26 07:30:00+00:00,15793
2024-01-27 10:00:00+00:00,2024-01-26 09:30:00+00:00,15792
2024-01-27 10:00:00+00:00,2024-01-26 11:30:00+00:00,15788
2024-01-27 10:00:00+00:00,2024-01-26 15:30:00+00:00,15637
2024-01-27 10:00:00+00:00,2024-01-26 18:30:00+00:00,15058
2024-01-27 10:00:00+00:00,2024-01-26 22:30:00+00:00,15058
2024-01-27 11:00:00+00:00,2024-01-25 02:30:00+00:00,16151
2024-01-27 11:00:00+00:00,2024-01-25 04:30:00+00:00,16147
2024-01-27 11:00:00+00:00,2024-01-25 07:30:00+00:00,15718
2024-01-27 11:00:00+00:00,2024-01-25 09:30:00+00:00,15714
2024-01-27 11:00:00+00:00,2024-01-25 11:30:00+00:00,15752
2024-01-27 11:00:00+00:00,2024-01-25 15:30:00+00:00,15700
2024-01-27 11:00:00+00:00,2024-01-25 18:30:00+00:00,15606
2024-01-27 11:00:00+00:00,2024-01-25 22:30:00+00:00,15606
2024-01-27 11:00:00+00:00,2024-01-26 02:30:00+00:00,15809
2024-01-27 11:00:00+00:00,2024-01-26 04:30:00+00:00,15806
2024-01-27 11:00:00+00:00,2024-01-26 07:30:00+00:00,15722
2024-01-27 11:00:00+00:00,2024-01-26 09:30:00+00:00,15713
2024-01-27 11:00:00+00:00,2024-01-26 11:30:00+00:00,15717
2024-01-27 11:00:00+00:00,2024-01-26 15:30:00+00:00,15550
2024-01-27 11:00:00+00:00,2024-01-26 18:30:00+00:00,15023
2024-01-27 11:00:00+00:00,2024-01-26 22:30:00+00:00,15023
2024-01-27 12:00:00+00:00,2024-01-25 02:30:00+00:00,15984
2024-01-27 12:00:00+00:00,2024-01-25 04:30:00+00:00,15987
2024-01-27 12:00:00+00:00,2024-01-25 07:30:00+00:00,15594
2024-01-27 12:00:00+00:00,2024-01-25 09:30:00+00:00,15589
2024-01-27 12:00:00+00:00,2024-01-25 11:30:00+00:00,15622
2024-01-27 12:00:00+00:00,2024-01-25 15:30:00+00:00,15628
2024-01-27 12:00:00+00:00,2024-01-25 18:30:00+00:00,15514
2024-01-27 12:00:00+00:00,2024-01-25 22:30:00+00:00,15514
2024-01-27 12:00:00+00:00,2024-01-26 02:30:00+00:00,15530
2024-01-27 12:00:00+00:00,2024-01-26 04:30:00+00:00,15526
2024-01-27 12:00:00+00:00,2024-01-26 07:30:00+00:00,15406
2024-01-27 12:00:00+00:00,2024-01-26 09:30:00+00:00,15397
2024-01-27 12:00:00+00:00,2024-01-26 11:30:00+00:00,15413
2024-01-27 12:00:00+00:00,2024-01-26 15:30:00+00:00,15360
2024-01-27 12:00:00+00:00,2024-01-26 18:30:00+00:00,14878
2024-01-27 12:00:00+00:00,2024-01-26 22:30:00+00:00,14878
2024-01-27 13:00:00+00:00,2024-01-25 02:30:00+00:00,15443
2024-01-27 13:00:00+00:00,2024-01-25 04:30:00+00:00,15444
2024-01-27 13:00:00+00:00,2024-01-25 07:30:00+00:00,15091
2024-01-27 13:00:00+00:00,2024-01-25 09:30:00+00:00,15087
2024-01-27 13:00:00+00:00,2024-01-25 11:30:00+00:00,15117
2024-01-27 13:00:00+00:00,2024-01-25 15:30:00+00:00,15126
2024-01-27 13:00:00+00:00,2024-01-25 18:30:00+00:00,14922
2024-01-27 13:00:00+00:00,2024-01-25 22:30:00+00:00,14923
2024-01-27 13:00:00+00:00,2024-01-26 02:30:00+00:00,14932
2024-01-27 13:00:00+00:00,2024-01-26 04:30:00+00:00,14935
2024-01-27 13:00:00+00:00,2024-01-26 07:30:00+00:00,14807
2024-01-27 13:00:00+00:00,2024-01-26 09:30:00+00:00,14801
2024-01-27 13:00:00+00:00,2024-01-26 11:30:00+00:00,14821
2024-01-27 13:00:00+00:00,2024-01-26 15:30:00+00:00,14795
2024-01-27 13:00:00+00:00,2024-01-26 18:30:00+00:00,14409
2024-01-27 13:00:00+00:00,2024-01-26 22:30:00+00:00,14409
2024-01-27 14:00:00+00:00,2024-01-25 02:30:00+00:00,14785
2024-01-27 14:00:00+00:00,2024-01-25 04:30:00+00:00,14785
2024-01-27 14:00:00+00:00,2024-01-25 07:30:00+00:00,14483
2024-01-27 14:00:00+00:00,2024-01-25 09:30:00+00:00,14480
2024-01-27 14:00:00+00:00,2024-01-25 11:30:00+00:00,14504
2024-01-27 14:00:00+00:00,2024-01-25 15:30:00+00:00,14512
2024-01-27 14:00:00+00:00,2024-01-25 18:30:00+00:00,14246
2024-01-27 14:00:00+00:00,2024-01-25 22:30:00+00:00,14246
2024-01-27 14:00:00+00:00,2024-01-26 02:30:00+00:00,14142
2024-01-27 14:00:00+00:00,2024-01-26 04:30:00+00:00,14146
2024-01-27 14:00:00+00:00,2024-01-26 07:30:00+00:00,13924
2024-01-27 14:00:00+00:00,2024-01-26 09:30:00+00:00,13922
2024-01-27 14:00:00+00:00,2024-01-26 11:30:00+00:00,13936
2024-01-27 14:00:00+00:00,2024-01-26 15:30:00+00:00,13922
2024-01-27 14:00:00+00:00,2024-01-26 18:30:00+00:00,13684
2024-01-27 14:00:00+00:00,2024-01-26 22:30:00+00:00,13684
2024-01-27 15:00:00+00:00,2024-01-25 02:30:00+00:00,14046
2024-01-27 15:00:00+00:00,2024-01-25 04:30:00+00:00,14044
2024-01-27 15:00:00+00:00,2024-01-25 07:30:00+00:00,13802
2024-01-27 15:00:00+00:00,2024-01-25 09:30:00+00:00,13800
2024-01-27 15:00:00+00:00,2024-01-25 11:30:00+00:00,13816
2024-01-27 15:00:00+00:00,2024-01-25 15:30:00+00:00,13819
2024-01-27 15:00:00+00:00,2024-01-25 18:30:00+00:00,13475
2024-01-27 15:00:00+00:00,2024-01-25 22:30:00+00:00,13475
2024-01-27 15:00:00+00:00,2024-01-26 02:30:00+00:00,13280
2024-01-27 15:00:00+00:00,2024-01-26 04:30:00+00:00,13286
2024-01-27 15:00:00+00:00,2024-01-26 07:30:00+00:00,13102
2024-01-27 15:00:00+00:00,2024-01-26 09:30:00+00:00,13105
2024-01-27 15:00:00+00:00,2024-01-26 11:30:00+00:00,13111
2024-01-27 15:00:00+00:00,2024-01-26 15:30:00+00:00,13175
2024-01-27 15:00:00+00:00,2024-01-26 18:30:00+00:00,13018
2024-01-27 15:00:00+00:00,2024-01-26 22:30:00+00:00,13018
2024-01-27 16:00:00+00:00,2024-01-25 02:30:00+00:00,13814
2024-01-27 16:00:00+00:00,2024-01-25 04:30:00+00:00,13812
2024-01-27 16:00:00+00:00,2024-01-25 07:30:00+00:00,13661
2024-01-27 16:00:00+00:00,2024-01-25 09:30:00+00:00,13659
2024-01-27 16:00:00+00:00,2024-01-25 11:30:00+00:00,13680
2024-01-27 16:00:00+00:00,2024-01-25 15:30:00+00:00,13715
2024-01-27 16:00:00+00:00,2024-01-25 18:30:00+00:00,13404
2024-01-27 16:00:00+00:00,2024-01-25 22:30:00+00:00,13401
2024-01-27 16:00:00+00:00,2024-01-26 02:30:00+00:00,13369
2024-01-27 16:00:00+00:00,2024-01-26 04:30:00+00:00,13365
2024-01-27 16:00:00+00:00,2024-01-26 07:30:00+00:00,12780
2024-01-27 16:00:00+00:00,2024-01-26 09:30:00+00:00,12784
2024-01-27 16:00:00+00:00,2024-01-26 11:30:00+00:00,12789
2024-01-27 16:00:00+00:00,2024-01-26 15:30:00+00:00,12743
2024-01-27 16:00:00+00:00,2024-01-26 18:30:00+00:00,12689
2024-01-27 16:00:00+00:00,2024-01-26 22:30:00+00:00,12689
2024-01-27 17:00:00+00:00,2024-01-25 02:30:00+00:00,13570
2024-01-27 17:00:00+00:00,2024-01-25 04:30:00+00:00,13568
2024-01-27 17:00:00+00:00,2024-01-25 07:30:00+00:00,13509
2024-01-27 17:00:00+00:00,2024-01-25 09:30:00+00:00,13507
2024-01-27 17:00:00+00:00,2024-01-25 11:30:00+00:00,13533
2024-01-27 17:00:00+00:00,2024-01-25 15:30:00+00:00,13600
2024-01-27 17:00:00+00:00,2024-01-25 18:30:00+00:00,13322
2024-01-27 17:00:00+00:00,2024-01-25 22:30:00+00:00,13316
2024-01-27 17:00:00+00:00,2024-01-26 02:30:00+00:00,13328
2024-01-27 17:00:00+00:00,2024-01-26 04:30:00+00:00,13315
2024-01-27 17:00:00+00:00,2024-01-26 07:30:00+00:00,12800
2024-01-27 17:00:00+00:00,2024-01-26 09:30:00+00:00,12804
2024-01-27 17:00:00+00:00,2024-01-26 11:30:00+00:00,12810
2024-01-27 17:00:00+00:00,2024-01-26 15:30:00+00:00,12820
2024-01-27 17:00:00+00:00,2024-01-26 18:30:00+00:00,12807
2024-01-27 17:00:00+00:00,2024-01-26 22:30:00+00:00,12807
2024-01-27 18:00:00+00:00,2024-01-25 02:30:00+00:00,13312
2024-01-27 18:00:00+00:00,2024-01-25 04:30:00+00:00,13310
2024-01-27 18:00:00+00:00,2024-01-25 07:30:00+00:00,13344
2024-01-27 18:00:00+00:00,2024-01-25 09:30:00+00:00,13344
2024-01-27 18:00:00+00:00,2024-01-25 11:30:00+00:00,13373
2024-01-27 18:00:00+00:00,2024-01-25 15:30:00+00:00,13475
2024-01-27 18:00:00+00:00,2024-01-25 18:30:00+00:00,13227
2024-01-27 18:00:00+00:00,2024-01-25 22:30:00+00:00,13218
2024-01-27 18:00:00+00:00,2024-01-26 02:30:00+00:00,13274
2024-01-27 18:00:00+00:00,2024-01-26 04:30:00+00:00,13251
2024-01-27 18:00:00+00:00,2024-01-26 07:30:00+00:00,13108
2024-01-27 18:00:00+00:00,2024-01-26 09:30:00+00:00,13110
2024-01-27 18:00:00+00:00,2024-01-26 11:30:00+00:00,13112
2024-01-27 18:00:00+00:00,2024-01-26 15:30:00+00:00,13174
2024-01-27 18:00:00+00:00,2024-01-26 18:30:00+00:00,13159
2024-01-27 18:00:00+00:00,2024-01-26 22:30:00+00:00,13159
2024-01-27 19:00:00+00:00,2024-01-25 02:30:00+00:00,13458
2024-01-27 19:00:00+00:00,2024-01-25 04:30:00+00:00,13457
2024-01-27 19:00:00+00:00,2024-01-25 07:30:00+00:00,13659
2024-01-27 19:00:00+00:00,2024-01-25 09:30:00+00:00,13658
2024-01-27 19:00:00+00:00,2024-01-25 11:30:00+00:00,13695
2024-01-27 19:00:00+00:00,2024-01-25 15:30:00+00:00,13874
2024-01-27 19:00:00+00:00,2024-01-25 18:30:00+00:00,13745
2024-01-27 19:00:00+00:00,2024-01-25 22:30:00+00:00,13735
2024-01-27 19:00:00+00:00,2024-01-26 02:30:00+00:00,13835
2024-01-27 19:00:00+00:00,2024-01-26 04:30:00+00:00,13807
2024-01-27 19:00:00+00:00,2024-01-26 07:30:00+00:00,13722
2024-01-27 19:00:00+00:00,2024-01-26 09:30:00+00:00,13726
2024-01-27 19:00:00+00:00,2024-01-26 11:30:00+00:00,13739
2024-01-27 19:00:00+00:00,2024-01-26 15:30:00+00:00,13898
2024-01-27 19:00:00+00:00,2024-01-26 18:30:00+00:00,13896
2024-01-27 19:00:00+00:00,2024-01-26 22:30:00+00:00,13896
2024-01-27 20:00:00+00:00,2024-01-25 02:30:00+00:00,13594
2024-01-27 20:00:00+00:00,2024-01-25 04:30:00+00:00,13596
2024-01-27 20:00:00+00:00,2024-01-25 07:30:00+00:00,13967
2024-01-27 20:00:00+00:00,2024-01-25 09:30:00+00:00,13966
2024-01-27 20:00:00+00:00,2024-01-25 11:30:00+00:00,14009
2024-01-27 20:00:00+00:00,2024-01-25 15:30:00+00:00,14301
2024-01-27 20:00:00+00:00,2024-01-25 18:30:00+00:00,14211
2024-01-27 20:00:00+00:00,2024-01-25 22:30:00+00:00,14199
2024-01-27 20:00:00+00:00,2024-01-26 02:30:00+00:00,14384
2024-01-27 20:00:00+00:00,2024-01-26 04:30:00+00:00,14350
2024-01-27 20:00:00+00:00,2024-01-26 07:30:00+00:00,14472
2024-01-27 20:00:00+00:00,2024-01-26 09:30:00+00:00,14475
2024-01-27 20:00:00+00:00,2024-01-26 11:30:00+00:00,14490
2024-01-27 20:00:00+00:00,2024-01-26 15:30:00+00:00,14686
2024-01-27 20:00:00+00:00,2024-01-26 18:30:00+00:00,14762
2024-01-27 20:00:00+00:00,2024-01-26 22:30:00+00:00,14762
2024-01-27 21:00:00+00:00,2024-01-25 02:30:00+00:00,13722
2024-01-27 21:00:00+00:00,2024-01-25 04:30:00+00:00,13725
2024-01-27 21:00:00+00:00,2024-01-25 07:30:00+00:00,14232
2024-01-27 21:00:00+00:00,2024-01-25 09:30:00+00:00,14232
2024-01-27 21:00:00+00:00,2024-01-25 11:30:00+00:00,14278
2024-01-27 21:00:00+00:00,2024-01-25 15:30:00+00:00,14693
2024-01-27 21:00:00+00:00,2024-01-25 18:30:00+00:00,14665
2024-01-27 21:00:00+00:00,2024-01-25 22:30:00+00:00,14653
2024-01-27 21:00:00+00:00,2024-01-26 02:30:00+00:00,14925
2024-01-27 21:00:00+00:00,2024-01-26 04:30:00+00:00,14889
2024-01-27 21:00:00+00:00,2024-01-26 07:30:00+00:00,15159
2024-01-27 21:00:00+00:00,2024-01-26 09:30:00+00:00,15162
2024-01-27 21:00:00+00:00,2024-01-26 11:30:00+00:00,15168
2024-01-27 21:00:00+00:00,2024-01-26 15:30:00+00:00,15384
2024-01-27 21:00:00+00:00,2024-01-26 18:30:00+00:00,15401
2024-01-27 21:00:00+00:00,2024-01-26 22:30:00+00:00,15401
2024-01-27 21:00:00+00:00,2024-01-27 02:30:00+00:00,15401
2024-01-27 21:00:00+00:00,2024-01-27 04:30:00+00:00,15648
2024-01-27 21:00:00+00:00,2024-01-27 07:30:00+00:00,15655
2024-01-27 21:00:00+00:00,2024-01-27 09:30:00+00:00,15655
2024-01-27 21:00:00+00:00,2024-01-27 11:30:00+00:00,15655
2024-01-27 21:00:00+00:00,2024-01-27 15:30:00+00:00,15657
2024-01-27 21:00:00+00:00,2024-01-27 18:30:00+00:00,15417
2024-01-27 21:00:00+00:00,2024-01-27 22:30:00+00:00,15394
2024-01-27 22:00:00+00:00,2024-01-26 02:30:00+00:00,15404
2024-01-27 22:00:00+00:00,2024-01-26 04:30:00+00:00,15365
2024-01-27 22:00:00+00:00,2024-01-26 07:30:00+00:00,15305
2024-01-27 22:00:00+00:00,2024-01-26 09:30:00+00:00,15304
2024-01-27 22:00:00+00:00,2024-01-26 11:30:00+00:00,15264
2024-01-27 22:00:00+00:00,2024-01-26 15:30:00+00:00,15753
2024-01-27 22:00:00+00:00,2024-01-26 18:30:00+00:00,15771
2024-01-27 22:00:00+00:00,2024-01-26 22:30:00+00:00,15771
2024-01-27 22:00:00+00:00,2024-01-27 02:30:00+00:00,15771
2024-01-27 22:00:00+00:00,2024-01-27 04:30:00+00:00,15977
2024-01-27 22:00:00+00:00,2024-01-27 07:30:00+00:00,16007
2024-01-27 22:00:00+00:00,2024-01-27 09:30:00+00:00,16003
2024-01-27 22:00:00+00:00,2024-01-27 11:30:00+00:00,16003
2024-01-27 22:00:00+00:00,2024-01-27 15:30:00+00:00,15983
2024-01-27 22:00:00+00:00,2024-01-27 18:30:00+00:00,15806
2024-01-27 22:00:00+00:00,2024-01-27 22:30:00+00:00,15805
2024-01-27 23:00:00+00:00,2024-01-26 02:30:00+00:00,15806
2024-01-27 23:00:00+00:00,2024-01-26 04:30:00+00:00,15767
2024-01-27 23:00:00+00:00,2024-01-26 07:30:00+00:00,15762
2024-01-27 23:00:00+00:00,2024-01-26 09:30:00+00:00,15759
2024-01-27 23:00:00+00:00,2024-01-26 11:30:00+00:00,15674
2024-01-27 23:00:00+00:00,2024-01-26 15:30:00+00:00,16009
2024-01-27 23:00:00+00:00,2024-01-26 18:30:00+00:00,15973
2024-01-27 23:00:00+00:00,2024-01-26 22:30:00+00:00,15973
2024-01-27 23:00:00+00:00,2024-01-27 02:30:00+00:00,15973
2024-01-27 23:00:00+00:00,2024-01-27 04:30:00+00:00,16162
2024-01-27 23:00:00+00:00,2024-01-27 07:30:00+00:00,16116
2024-01-27 23:00:00+00:00,2024-01-27 09:30:00+00:00,16112
2024-01-27 23:00:00+00:00,2024-01-27 11:30:00+00:00,16112
2024-01-27 23:00:00+00:00,2024-01-27 15:30:00+00:00,16147
2024-01-27 23:00:00+00:00,2024-01-27 18:30:00+00:00,16074
2024-01-27 23:00:00+00:00,2024-01-27 22:30:00+00:00,16075
2024-01-28 00:00:00+00:00,2024-01-26 02:30:00+00:00,16125
2024-01-28 00:00:00+00:00,2024-01-26 04:30:00+00:00,16087
2024-01-28 00:00:00+00:00,2024-01-26 07:30:00+00:00,16142
2024-01-28 00:00:00+00:00,2024-01-26 09:30:00+00:00,16138
2024-01-28 00:00:00+00:00,2024-01-26 11:30:00+00:00,16043
2024-01-28 00:00:00+00:00,2024-01-26 15:30:00+00:00,16252
2024-01-28 00:00:00+00:00,2024-01-26 18:30:00+00:00,16117
2024-01-28 00:00:00+00:00,2024-01-26 22:30:00+00:00,16117
2024-01-28 00:00:00+00:00,2024-01-27 02:30:00+00:00,16117
2024-01-28 00:00:00+00:00,2024-01-27 04:30:00+00:00,16235
2024-01-28 00:00:00+00:00,2024-01-27 07:30:00+00:00,16207
2024-01-28 00:00:00+00:00,2024-01-27 09:30:00+00:00,16204
2024-01-28 00:00:00+00:00,2024-01-27 11:30:00+00:00,16204
2024-01-28 00:00:00+00:00,2024-01-27 15:30:00+00:00,16221
2024-01-28 00:00:00+00:00,2024-01-27 18:30:00+00:00,16158
2024-01-28 00:00:00+00:00,2024-01-27 22:30:00+00:00,16149
2024-01-28 01:00:00+00:00,2024-01-26 02:30:00+00:00,16338
2024-01-28 01:00:00+00:00,2024-01-26 04:30:00+00:00,16301
2024-01-28 01:00:00+00:00,2024-01-26 07:30:00+00:00,16274
2024-01-28 01:00:00+00:00,2024-01-26 09:30:00+00:00,16269
2024-01-28 01:00:00+00:00,2024-01-26 11:30:00+00:00,16115
2024-01-28 01:00:00+00:00,2024-01-26 15:30:00+00:00,16332
2024-01-28 01:00:00+00:00,2024-01-26 18:30:00+00:00,16144
2024-01-28 01:00:00+00:00,2024-01-26 22:30:00+00:00,16144
2024-01-28 01:00:00+00:00,2024-01-27 02:30:00+00:00,16144
2024-01-28 01:00:00+00:00,2024-01-27 04:30:00+00:00,16199
2024-01-28 01:00:00+00:00,2024-01-27 07:30:00+00:00,16230
2024-01-28 01:00:00+00:00,2024-01-27 09:30:00+00:00,16229
2024-01-28 01:00:00+00:00,2024-01-27 11:30:00+00:00,16229
2024-01-28 01:00:00+00:00,2024-01-27 15:30:00+00:00,16295
2024-01-28 01:00:00+00:00,2024-01-27 18:30:00+00:00,16254
2024-01-28 01:00:00+00:00,2024-01-27 22:30:00+00:00,16249
2024-01-28 02:00:00+00:00,2024-01-26 02:30:00+00:00,16418
2024-01-28 02:00:00+00:00,2024-01-26 04:30:00+00:00,16382
2024-01-28 02:00:00+00:00,2024-01-26 07:30:00+00:00,16466
2024-01-28 02:00:00+00:00,2024-01-26 09:30:00+00:00,16460
2024-01-28 02:00:00+00:00,2024-01-26 11:30:00+00:00,16293
2024-01-28 02:00:00+00:00,2024-01-26 15:30:00+00:00,16410
2024-01-28 02:00:00+00:00,2024-01-26 18:30:00+00:00,16222
2024-01-28 02:00:00+00:00,2024-01-26 22:30:00+00:00,16222
2024-01-28 02:00:00+00:00,2024-01-27 02:30:00+00:00,16222
2024-01-28 02:00:00+00:00,2024-01-27 04:30:00+00:00,16257
2024-01-28 02:00:00+00:00,2024-01-27 07:30:00+00:00,16254
2024-01-28 02:00:00+00:00,2024-01-27 09:30:00+00:00,16253
2024-01-28 02:00:00+00:00,2024-01-27 11:30:00+00:00,16253
2024-01-28 02:00:00+00:00,2024-01-27 15:30:00+00:00,16325
2024-01-28 02:00:00+00:00,2024-01-27 18:30:00+00:00,16288
2024-01-28 02:00:00+00:00,2024-01-27 22:30:00+00:00,16274
2024-01-28 03:00:00+00:00,2024-01-26 02:30:00+00:00,16640
2024-01-28 03:00:00+00:00,2024-01-26 04:30:00+00:00,16606
2024-01-28 03:00:00+00:00,2024-01-26 07:30:00+00:00,16447
2024-01-28 03:00:00+00:00,2024-01-26 09:30:00+00:00,16441
2024-01-28 03:00:00+00:00,2024-01-26 11:30:00+00:00,16329
2024-01-28 03:00:00+00:00,2024-01-26 15:30:00+00:00,16601
2024-01-28 03:00:00+00:00,2024-01-26 18:30:00+00:00,16312
2024-01-28 03:00:00+00:00,2024-01-26 22:30:00+00:00,16312
2024-01-28 03:00:00+00:00,2024-01-27 02:30:00+00:00,16312
2024-01-28 03:00:00+00:00,2024-01-27 04:30:00+00:00,16366
2024-01-28 03:00:00+00:00,2024-01-27 07:30:00+00:00,16367
2024-01-28 03:00:00+00:00,2024-01-27 09:30:00+00:00,16365
2024-01-28 03:00:00+00:00,2024-01-27 11:30:00+00:00,16365
2024-01-28 03:00:00+00:00,2024-01-27 15:30:00+00:00,16439
2024-01-28 03:00:00+00:00,2024-01-27 18:30:00+00:00,16456
2024-01-28 03:00:00+00:00,2024-01-27 22:30:00+00:00,16432
2024-01-28 04:00:00+00:00,2024-01-26 02:30:00+00:00,16784
2024-01-28 04:00:00+00:00,2024-01-26 04:30:00+00:00,16752
2024-01-28 04:00:00+00:00,2024-01-26 07:30:00+00:00,16585
2024-01-28 04:00:00+00:00,2024-01-26 09:30:00+00:00,16578
2024-01-28 04:00:00+00:00,2024-01-26 11:30:00+00:00,16512
2024-01-28 04:00:00+00:00,2024-01-26 15:30:00+00:00,16634
2024-01-28 04:00:00+00:00,2024-01-26 18:30:00+00:00,16504
2024-01-28 04:00:00+00:00,2024-01-26 22:30:00+00:00,16504
2024-01-28 04:00:00+00:00,2024-01-27 02:30:00+00:00,16504
2024-01-28 04:00:00+00:00,2024-01-27 04:30:00+00:00,16437
2024-01-28 04:00:00+00:00,2024-01-27 07:30:00+00:00,16464
2024-01-28 04:00:00+00:00,2024-01-27 09:30:00+00:00,16463
2024-01-28 04:00:00+00:00,2024-01-27 11:30:00+00:00,16463
2024-01-28 04:00:00+00:00,2024-01-27 15:30:00+00:00,16536
2024-01-28 04:00:00+00:00,2024-01-27 18:30:00+00:00,16598
2024-01-28 04:00:00+00:00,2024-01-27 22:30:00+00:00,16574
2024-01-28 05:00:00+00:00,2024-01-26 02:30:00+00:00,16903
2024-01-28 05:00:00+00:00,2024-01-26 04:30:00+00:00,16874
2024-01-28 05:00:00+00:00,2024-01-26 07:30:00+00:00,16762
2024-01-28 05:00:00+00:00,2024-01-26 09:30:00+00:00,16756
2024-01-28 05:00:00+00:00,2024-01-26 11:30:00+00:00,16727
2024-01-28 05:00:00+00:00,2024-01-26 15:30:00+00:00,16674
2024-01-28 05:00:00+00:00,2024-01-26 18:30:00+00:00,16680
2024-01-28 05:00:00+00:00,2024-01-26 22:30:00+00:00,16680
2024-01-28 05:00:00+00:00,2024-01-27 02:30:00+00:00,16680
2024-01-28 05:00:00+00:00,2024-01-27 04:30:00+00:00,16637
2024-01-28 05:00:00+00:00,2024-01-27 07:30:00+00:00,16617
2024-01-28 05:00:00+00:00,2024-01-27 09:30:00+00:00,16616
2024-01-28 05:00:00+00:00,2024-01-27 11:30:00+00:00,16616
2024-01-28 05:00:00+00:00,2024-01-27 15:30:00+00:00,16671
2024-01-28 05:00:00+00:00,2024-01-27 18:30:00+00:00,16715
2024-01-28 05:00:00+00:00,2024-01-27 22:30:00+00:00,16698
2024-01-28 06:00:00+00:00,2024-01-26 02:30:00+00:00,17055
2024-01-28 06:00:00+00:00,2024-01-26 04:30:00+00:00,17028
2024-01-28 06:00:00+00:00,2024-01-26 07:30:00+00:00,16880
2024-01-28 06:00:00+00:00,2024-01-26 09:30:00+00:00,16873
2024-01-28 06:00:00+00:00,2024-01-26 11:30:00+00:00,16875
2024-01-28 06:00:00+00:00,2024-01-26 15:30:00+00:00,16810
2024-01-28 06:00:00+00:00,2024-01-26 18:30:00+00:00,16932
2024-01-28 06:00:00+00:00,2024-01-26 22:30:00+00:00,16932
2024-01-28 06:00:00+00:00,2024-01-27 02:30:00+00:00,16932
2024-01-28 06:00:00+00:00,2024-01-27 04:30:00+00:00,16902
2024-01-28 06:00:00+00:00,2024-01-27 07:30:00+00:00,16828
2024-01-28 06:00:00+00:00,2024-01-27 09:30:00+00:00,16828
2024-01-28 06:00:00+00:00,2024-01-27 11:30:00+00:00,16828
2024-01-28 06:00:00+00:00,2024-01-27 15:30:00+00:00,16844
2024-01-28 06:00:00+00:00,2024-01-27 18:30:00+00:00,16836
2024-01-28 06:00:00+00:00,2024-01-27 22:30:00+00:00,16832
2024-01-28 07:00:00+00:00,2024-01-26 02:30:00+00:00,17215
2024-01-28 07:00:00+00:00,2024-01-26 04:30:00+00:00,17190
2024-01-28 07:00:00+00:00,2024-01-26 07:30:00+00:00,16977
2024-01-28 07:00:00+00:00,2024-01-26 09:30:00+00:00,16971
2024-01-28 07:00:00+00:00,2024-01-26 11:30:00+00:00,16974
2024-01-28 07:00:00+00:00,2024-01-26 15:30:00+00:00,16912
2024-01-28 07:00:00+00:00,2024-01-26 18:30:00+00:00,17049
2024-01-28 07:00:00+00:00,2024-01-26 22:30:00+00:00,17049
2024-01-28 07:00:00+00:00,2024-01-27 02:30:00+00:00,17049
2024-01-28 07:00:00+00:00,2024-01-27 04:30:00+00:00,17013
2024-01-28 07:00:00+00:00,2024-01-27 07:30:00+00:00,17017
2024-01-28 07:00:00+00:00,2024-01-27 09:30:00+00:00,17018
2024-01-28 07:00:00+00:00,2024-01-27 11:30:00+00:00,17018
2024-01-28 07:00:00+00:00,2024-01-27 15:30:00+00:00,17132
2024-01-28 07:00:00+00:00,2024-01-27 18:30:00+00:00,17102
2024-01-28 07:00:00+00:00,2024-01-27 22:30:00+00:00,17099
2024-01-28 08:00:00+00:00,2024-01-26 02:30:00+00:00,17365
2024-01-28 08:00:00+00:00,2024-01-26 04:30:00+00:00,17342
2024-01-28 08:00:00+00:00,2024-01-26 07:30:00+00:00,17102
2024-01-28 08:00:00+00:00,2024-01-26 09:30:00+00:00,17095
2024-01-28 08:00:00+00:00,2024-01-26 11:30:00+00:00,17100
2024-01-28 08:00:00+00:00,2024-01-26 15:30:00+00:00,17086
2024-01-28 08:00:00+00:00,2024-01-26 18:30:00+00:00,17227
2024-01-28 08:00:00+00:00,2024-01-26 22:30:00+00:00,17227
2024-01-28 08:00:00+00:00,2024-01-27 02:30:00+00:00,17227
2024-01-28 08:00:00+00:00,2024-01-27 04:30:00+00:00,17177
2024-01-28 08:00:00+00:00,2024-01-27 07:30:00+00:00,17142
2024-01-28 08:00:00+00:00,2024-01-27 09:30:00+00:00,17145
2024-01-28 08:00:00+00:00,2024-01-27 11:30:00+00:00,17145
2024-01-28 08:00:00+00:00,2024-01-27 15:30:00+00:00,17270
2024-01-28 08:00:00+00:00,2024-01-27 18:30:00+00:00,17211
2024-01-28 08:00:00+00:00,2024-01-27 22:30:00+00:00,17206
2024-01-28 09:00:00+00:00,2024-01-26 02:30:00+00:00,17419
2024-01-28 09:00:00+00:00,2024-01-26 04:30:00+00:00,17398
2024-01-28 09:00:00+00:00,2024-01-26 07:30:00+00:00,17174
2024-01-28 09:00:00+00:00,2024-01-26 09:30:00+00:00,17168
2024-01-28 09:00:00+00:00,2024-01-26 11:30:00+00:00,17174
2024-01-28 09:00:00+00:00,2024-01-26 15:30:00+00:00,17115
2024-01-28 09:00:00+00:00,2024-01-26 18:30:00+00:00,17385
2024-01-28 09:00:00+00:00,2024-01-26 22:30:00+00:00,17385
2024-01-28 09:00:00+00:00,2024-01-27 02:30:00+00:00,17385
2024-01-28 09:00:00+00:00,2024-01-27 04:30:00+00:00,17281
2024-01-28 09:00:00+00:00,2024-01-27 07:30:00+00:00,17195
2024-01-28 09:00:00+00:00,2024-01-27 09:30:00+00:00,17196
2024-01-28 09:00:00+00:00,2024-01-27 11:30:00+00:00,17196
2024-01-28 09:00:00+00:00,2024-01-27 15:30:00+00:00,17311
2024-01-28 09:00:00+00:00,2024-01-27 18:30:00+00:00,17288
2024-01-28 09:00:00+00:00,2024-01-27 22:30:00+00:00,17283
2024-01-28 10:00:00+00:00,2024-01-26 02:30:00+00:00,17390
2024-01-28 10:00:00+00:00,2024-01-26 04:30:00+00:00,17371
2024-01-28 10:00:00+00:00,2024-01-26 07:30:00+00:00,17318
2024-01-28 10:00:00+00:00,2024-01-26 09:30:00+00:00,17312
2024-01-28 10:00:00+00:00,2024-01-26 11:30:00+00:00,17316
2024-01-28 10:00:00+00:00,2024-01-26 15:30:00+00:00,17233
2024-01-28 10:00:00+00:00,2024-01-26 18:30:00+00:00,16895
2024-01-28 10:00:00+00:00,2024-01-26 22:30:00+00:00,16895
2024-01-28 10:00:00+00:00,2024-01-27 02:30:00+00:00,16895
2024-01-28 10:00:00+00:00,2024-01-27 04:30:00+00:00,17242
2024-01-28 10:00:00+00:00,2024-01-27 07:30:00+00:00,17023
2024-01-28 10:00:00+00:00,2024-01-27 09:30:00+00:00,17024
2024-01-28 10:00:00+00:00,2024-01-27 11:30:00+00:00,17024
2024-01-28 10:00:00+00:00,2024-01-27 15:30:00+00:00,17069
2024-01-28 10:00:00+00:00,2024-01-27 18:30:00+00:00,17046
2024-01-28 10:00:00+00:00,2024-01-27 22:30:00+00:00,17041
2024-01-28 11:00:00+00:00,2024-01-26 02:30:00+00:00,17283
2024-01-28 11:00:00+00:00,2024-01-26 04:30:00+00:00,17267
2024-01-28 11:00:00+00:00,2024-01-26 07:30:00+00:00,16929
2024-01-28 11:00:00+00:00,2024-01-26 09:30:00+00:00,16924
2024-01-28 11:00:00+00:00,2024-01-26 11:30:00+00:00,16926
2024-01-28 11:00:00+00:00,2024-01-26 15:30:00+00:00,17013
2024-01-28 11:00:00+00:00,2024-01-26 18:30:00+00:00,16996
2024-01-28 11:00:00+00:00,2024-01-26 22:30:00+00:00,16996
2024-01-28 11:00:00+00:00,2024-01-27 02:30:00+00:00,16996
2024-01-28 11:00:00+00:00,2024-01-27 04:30:00+00:00,17097
2024-01-28 11:00:00+00:00,2024-01-27 07:30:00+00:00,16909
2024-01-28 11:00:00+00:00,2024-01-27 09:30:00+00:00,16909
2024-01-28 11:00:00+00:00,2024-01-27 11:30:00+00:00,16909
2024-01-28 11:00:00+00:00,2024-01-27 15:30:00+00:00,16903
2024-01-28 11:00:00+00:00,2024-01-27 18:30:00+00:00,16997
2024-01-28 11:00:00+00:00,2024-01-27 22:30:00+00:00,16991
2024-01-28 12:00:00+00:00,2024-01-26 02:30:00+00:00,17225
2024-01-28 12:00:00+00:00,2024-01-26 04:30:00+00:00,17211
2024-01-28 12:00:00+00:00,2024-01-26 07:30:00+00:00,17031
2024-01-28 12:00:00+00:00,2024-01-26 09:30:00+00:00,17027
2024-01-28 12:00:00+00:00,2024-01-26 11:30:00+00:00,17026
2024-01-28 12:00:00+00:00,2024-01-26 15:30:00+00:00,16960
2024-01-28 12:00:00+00:00,2024-01-26 18:30:00+00:00,16610
2024-01-28 12:00:00+00:00,2024-01-26 22:30:00+00:00,16610
2024-01-28 12:00:00+00:00,2024-01-27 02:30:00+00:00,16610
2024-01-28 12:00:00+00:00,2024-01-27 04:30:00+00:00,17046
2024-01-28 12:00:00+00:00,2024-01-27 07:30:00+00:00,16862
2024-01-28 12:00:00+00:00,2024-01-27 09:30:00+00:00,16862
2024-01-28 12:00:00+00:00,2024-01-27 11:30:00+00:00,16862
2024-01-28 12:00:00+00:00,2024-01-27 15:30:00+00:00,16745
2024-01-28 12:00:00+00:00,2024-01-27 18:30:00+00:00,16779
2024-01-28 12:00:00+00:00,2024-01-27 22:30:00+00:00,16774
2024-01-28 13:00:00+00:00,2024-01-26 02:30:00+00:00,17396
2024-01-28 13:00:00+00:00,2024-01-26 04:30:00+00:00,17379
2024-01-28 13:00:00+00:00,2024-01-26 07:30:00+00:00,17088
2024-01-28 13:00:00+00:00,2024-01-26 09:30:00+00:00,17084
2024-01-28 13:00:00+00:00,2024-01-26 11:30:00+00:00,17084
2024-01-28 13:00:00+00:00,2024-01-26 15:30:00+00:00,16988
2024-01-28 13:00:00+00:00,2024-01-26 18:30:00+00:00,16626
2024-01-28 13:00:00+00:00,2024-01-26 22:30:00+00:00,16626
2024-01-28 13:00:00+00:00,2024-01-27 02:30:00+00:00,16626
2024-01-28 13:00:00+00:00,2024-01-27 04:30:00+00:00,16770
2024-01-28 13:00:00+00:00,2024-01-27 07:30:00+00:00,16654
2024-01-28 13:00:00+00:00,2024-01-27 09:30:00+00:00,16656
2024-01-28 13:00:00+00:00,2024-01-27 11:30:00+00:00,16656
2024-01-28 13:00:00+00:00,2024-01-27 15:30:00+00:00,16749
2024-01-28 13:00:00+00:00,2024-01-27 18:30:00+00:00,16832
2024-01-28 13:00:00+00:00,2024-01-27 22:30:00+00:00,16829
2024-01-28 14:00:00+00:00,2024-01-26 02:30:00+00:00,17411
2024-01-28 14:00:00+00:00,2024-01-26 04:30:00+00:00,17391
2024-01-28 14:00:00+00:00,2024-01-26 07:30:00+00:00,17113
2024-01-28 14:00:00+00:00,2024-01-26 09:30:00+00:00,17109
2024-01-28 14:00:00+00:00,2024-01-26 11:30:00+00:00,17113
2024-01-28 14:00:00+00:00,2024-01-26 15:30:00+00:00,16868
2024-01-28 14:00:00+00:00,2024-01-26 18:30:00+00:00,16631
2024-01-28 14:00:00+00:00,2024-01-26 22:30:00+00:00,16631
2024-01-28 14:00:00+00:00,2024-01-27 02:30:00+00:00,16631
2024-01-28 14:00:00+00:00,2024-01-27 04:30:00+00:00,16781
2024-01-28 14:00:00+00:00,2024-01-27 07:30:00+00:00,16735
2024-01-28 14:00:00+00:00,2024-01-27 09:30:00+00:00,16738
2024-01-28 14:00:00+00:00,2024-01-27 11:30:00+00:00,16738
2024-01-28 14:00:00+00:00,2024-01-27 15:30:00+00:00,16755
2024-01-28 14:00:00+00:00,2024-01-27 18:30:00+00:00,16737
2024-01-28 14:00:00+00:00,2024-01-27 22:30:00+00:00,16733
2024-01-28 15:00:00+00:00,2024-01-26 02:30:00+00:00,17558
2024-01-28 15:00:00+00:00,2024-01-26 04:30:00+00:00,17535
2024-01-28 15:00:00+00:00,2024-01-26 07:30:00+00:00,17359
2024-01-28 15:00:00+00:00,2024-01-26 09:30:00+00:00,17355
2024-01-28 15:00:00+00:00,2024-01-26 11:30:00+00:00,17363
2024-01-28 15:00:00+00:00,2024-01-26 15:30:00+00:00,16883
2024-01-28 15:00:00+00:00,2024-01-26 18:30:00+00:00,16458
2024-01-28 15:00:00+00:00,2024-01-26 22:30:00+00:00,16458
2024-01-28 15:00:00+00:00,2024-01-27 02:30:00+00:00,16458
2024-01-28 15:00:00+00:00,2024-01-27 04:30:00+00:00,17055
2024-01-28 15:00:00+00:00,2024-01-27 07:30:00+00:00,17107
2024-01-28 15:00:00+00:00,2024-01-27 09:30:00+00:00,17110
2024-01-28 15:00:00+00:00,2024-01-27 11:30:00+00:00,17110
2024-01-28 15:00:00+00:00,2024-01-27 15:30:00+00:00,17060
2024-01-28 15:00:00+00:00,2024-01-27 18:30:00+00:00,16982
2024-01-28 15:00:00+00:00,2024-01-27 22:30:00+00:00,16981
2024-01-28 16:00:00+00:00,2024-01-26 02:30:00+00:00,18001
2024-01-28 16:00:00+00:00,2024-01-26 04:30:00+00:00,17978
2024-01-28 16:00:00+00:00,2024-01-26 07:30:00+00:00,17552
2024-01-28 16:00:00+00:00,2024-01-26 09:30:00+00:00,17547
2024-01-28 16:00:00+00:00,2024-01-26 11:30:00+00:00,17558
2024-01-28 16:00:00+00:00,2024-01-26 15:30:00+00:00,17312
2024-01-28 16:00:00+00:00,2024-01-26 18:30:00+00:00,16724
2024-01-28 16:00:00+00:00,2024-01-26 22:30:00+00:00,16724
2024-01-28 16:00:00+00:00,2024-01-27 02:30:00+00:00,16724
2024-01-28 16:00:00+00:00,2024-01-27 04:30:00+00:00,16393
2024-01-28 16:00:00+00:00,2024-01-27 07:30:00+00:00,17208
2024-01-28 16:00:00+00:00,2024-01-27 09:30:00+00:00,17213
2024-01-28 16:00:00+00:00,2024-01-27 11:30:00+00:00,17213
2024-01-28 16:00:00+00:00,2024-01-27 15:30:00+00:00,17135
2024-01-28 16:00:00+00:00,2024-01-27 18:30:00+00:00,17263
2024-01-28 16:00:00+00:00,2024-01-27 22:30:00+00:00,17265
2024-01-28 17:00:00+00:00,2024-01-26 02:30:00+00:00,17888
2024-01-28 17:00:00+00:00,2024-01-26 04:30:00+00:00,17865
2024-01-28 17:00:00+00:00,2024-01-26 07:30:00+00:00,17850
2024-01-28 17:00:00+00:00,2024-01-26 09:30:00+00:00,17844
2024-01-28 17:00:00+00:00,2024-01-26 11:30:00+00:00,17857
2024-01-28 17:00:00+00:00,2024-01-26 15:30:00+00:00,17438
2024-01-28 17:00:00+00:00,2024-01-26 18:30:00+00:00,17174
2024-01-28 17:00:00+00:00,2024-01-26 22:30:00+00:00,17174
2024-01-28 17:00:00+00:00,2024-01-27 02:30:00+00:00,17174
2024-01-28 17:00:00+00:00,2024-01-27 04:30:00+00:00,16997
2024-01-28 17:00:00+00:00,2024-01-27 07:30:00+00:00,17435
2024-01-28 17:00:00+00:00,2024-01-27 09:30:00+00:00,17440
2024-01-28 17:00:00+00:00,2024-01-27 11:30:00+00:00,17440
2024-01-28 17:00:00+00:00,2024-01-27 15:30:00+00:00,17468
2024-01-28 17:00:00+00:00,2024-01-27 18:30:00+00:00,17691
2024-01-28 17:00:00+00:00,2024-01-27 22:30:00+00:00,17693
2024-01-28 18:00:00+00:00,2024-01-26 02:30:00+00:00,17632
2024-01-28 18:00:00+00:00,2024-01-26 04:30:00+00:00,17609
2024-01-28 18:00:00+00:00,2024-01-26 07:30:00+00:00,17692
2024-01-28 18:00:00+00:00,2024-01-26 09:30:00+00:00,17685
2024-01-28 18:00:00+00:00,2024-01-26 11:30:00+00:00,17701
2024-01-28 18:00:00+00:00,2024-01-26 15:30:00+00:00,17517
2024-01-28 18:00:00+00:00,2024-01-26 18:30:00+00:00,17195
2024-01-28 18:00:00+00:00,2024-01-26 22:30:00+00:00,17195
2024-01-28 18:00:00+00:00,2024-01-27 02:30:00+00:00,17195
2024-01-28 18:00:00+00:00,2024-01-27 04:30:00+00:00,17174
2024-01-28 18:00:00+00:00,2024-01-27 07:30:00+00:00,17397
2024-01-28 18:00:00+00:00,2024-01-27 09:30:00+00:00,17402
2024-01-28 18:00:00+00:00,2024-01-27 11:30:00+00:00,17402
2024-01-28 18:00:00+00:00,2024-01-27 15:30:00+00:00,17468
2024-01-28 18:00:00+00:00,2024-01-27 18:30:00+00:00,17726
2024-01-28 18:00:00+00:00,2024-01-27 22:30:00+00:00,17722
2024-01-28 19:00:00+00:00,2024-01-26 02:30:00+00:00,17081
2024-01-28 19:00:00+00:00,2024-01-26 04:30:00+00:00,17064
2024-01-28 19:00:00+00:00,2024-01-26 07:30:00+00:00,17106
2024-01-28 19:00:00+00:00,2024-01-26 09:30:00+00:00,17100
2024-01-28 19:00:00+00:00,2024-01-26 11:30:00+00:00,17122
2024-01-28 19:00:00+00:00,2024-01-26 15:30:00+00:00,17325
2024-01-28 19:00:00+00:00,2024-01-26 18:30:00+00:00,17328
2024-01-28 19:00:00+00:00,2024-01-26 22:30:00+00:00,17328
2024-01-28 19:00:00+00:00,2024-01-27 02:30:00+00:00,17328
2024-01-28 19:00:00+00:00,2024-01-27 04:30:00+00:00,17302
2024-01-28 19:00:00+00:00,2024-01-27 07:30:00+00:00,17049
2024-01-28 19:00:00+00:00,2024-01-27 09:30:00+00:00,17054
2024-01-28 19:00:00+00:00,2024-01-27 11:30:00+00:00,17054
2024-01-28 19:00:00+00:00,2024-01-27 15:30:00+00:00,17012
2024-01-28 19:00:00+00:00,2024-01-27 18:30:00+00:00,17311
2024-01-28 19:00:00+00:00,2024-01-27 22:30:00+00:00,17313
2024-01-28 20:00:00+00:00,2024-01-26 02:30:00+00:00,16274
2024-01-28 20:00:00+00:00,2024-01-26 04:30:00+00:00,16262
2024-01-28 20:00:00+00:00,2024-01-26 07:30:00+00:00,16301
2024-01-28 20:00:00+00:00,2024-01-26 09:30:00+00:00,16295
2024-01-28 20:00:00+00:00,2024-01-26 11:30:00+00:00,16322
2024-01-28 20:00:00+00:00,2024-01-26 15:30:00+00:00,16598
2024-01-28 20:00:00+00:00,2024-01-26 18:30:00+00:00,16727
2024-01-28 20:00:00+00:00,2024-01-26 22:30:00+00:00,16727
2024-01-28 20:00:00+00:00,2024-01-27 02:30:00+00:00,16727
2024-01-28 20:00:00+00:00,2024-01-27 04:30:00+00:00,16635
2024-01-28 20:00:00+00:00,2024-01-27 07:30:00+00:00,16076
2024-01-28 20:00:00+00:00,2024-01-27 09:30:00+00:00,16081
2024-01-28 20:00:00+00:00,2024-01-27 11:30:00+00:00,16081
2024-01-28 20:00:00+00:00,2024-01-27 15:30:00+00:00,15978
2024-01-28 20:00:00+00:00,2024-01-27 18:30:00+00:00,16489
2024-01-28 20:00:00+00:00,2024-01-27 22:30:00+00:00,16491
2024-01-28 21:00:00+00:00,2024-01-26 02:30:00+00:00,15221
2024-01-28 21:00:00+00:00,2024-01-26 04:30:00+00:00,15215
2024-01-28 21:00:00+00:00,2024-01-26 07:30:00+00:00,15146
2024-01-28 21:00:00+00:00,2024-01-26 09:30:00+00:00,15140
2024-01-28 21:00:00+00:00,2024-01-26 11:30:00+00:00,15173
2024-01-28 21:00:00+00:00,2024-01-26 15:30:00+00:00,15490
2024-01-28 21:00:00+00:00,2024-01-26 18:30:00+00:00,15835
2024-01-28 21:00:00+00:00,2024-01-26 22:30:00+00:00,15835
2024-01-28 21:00:00+00:00,2024-01-27 02:30:00+00:00,15835
2024-01-28 21:00:00+00:00,2024-01-27 04:30:00+00:00,15528
2024-01-28 21:00:00+00:00,2024-01-27 07:30:00+00:00,14976
2024-01-28 21:00:00+00:00,2024-01-27 09:30:00+00:00,14980
2024-01-28 21:00:00+00:00,2024-01-27 11:30:00+00:00,14980
2024-01-28 21:00:00+00:00,2024-01-27 15:30:00+00:00,14823
2024-01-28 21:00:00+00:00,2024-01-27 18:30:00+00:00,15265
2024-01-28 21:00:00+00:00,2024-01-27 22:30:00+00:00,15252
2024-01-28 21:00:00+00:00,2024-01-28 02:30:00+00:00,15509
2024-01-28 21:00:00+00:00,2024-01-28 04:30:00+00:00,15508
2024-01-28 21:00:00+00:00,2024-01-28 07:30:00+00:00,15686
2024-01-28 21:00:00+00:00,2024-01-28 09:30:00+00:00,15687
2024-01-28 21:00:00+00:00,2024-01-28 11:30:00+00:00,15654
2024-01-28 21:00:00+00:00,2024-01-28 15:30:00+00:00,15664
2024-01-28 21:00:00+00:00,2024-01-28 18:30:00+00:00,15433
2024-01-28 21:00:00+00:00,2024-01-28 22:30:00+00:00,15401
2024-01-28 22:00:00+00:00,2024-01-27 02:30:00+00:00,14463
2024-01-28 22:00:00+00:00,2024-01-27 04:30:00+00:00,14221
2024-01-28 22:00:00+00:00,2024-01-27 07:30:00+00:00,13904
2024-01-28 22:00:00+00:00,2024-01-27 09:30:00+00:00,13906
2024-01-28 22:00:00+00:00,2024-01-27 11:30:00+00:00,13906
2024-01-28 22:00:00+00:00,2024-01-27 15:30:00+00:00,13531
2024-01-28 22:00:00+00:00,2024-01-27 18:30:00+00:00,13819
2024-01-28 22:00:00+00:00,2024-01-27 22:30:00+00:00,13814
2024-01-28 22:00:00+00:00,2024-01-28 02:30:00+00:00,14238
2024-01-28 22:00:00+00:00,2024-01-28 04:30:00+00:00,14244
2024-01-28 22:00:00+00:00,2024-01-28 07:30:00+00:00,14491
2024-01-28 22:00:00+00:00,2024-01-28 09:30:00+00:00,14491
2024-01-28 22:00:00+00:00,2024-01-28 11:30:00+00:00,14450
2024-01-28 22:00:00+00:00,2024-01-28 15:30:00+00:00,14350
2024-01-28 22:00:00+00:00,2024-01-28 18:30:00+00:00,14178
2024-01-28 22:00:00+00:00,2024-01-28 22:30:00+00:00,14151
2024-01-28 23:00:00+00:00,2024-01-27 02:30:00+00:00,12823
2024-01-28 23:00:00+00:00,2024-01-27 04:30:00+00:00,12632
2024-01-28 23:00:00+00:00,2024-01-27 07:30:00+00:00,12504
2024-01-28 23:00:00+00:00,2024-01-27 09:30:00+00:00,12503
2024-01-28 23:00:00+00:00,2024-01-27 11:30:00+00:00,12503
2024-01-28 23:00:00+00:00,2024-01-27 15:30:00+00:00,12284
2024-01-28 23:00:00+00:00,2024-01-27 18:30:00+00:00,12666
2024-01-28 23:00:00+00:00,2024-01-27 22:30:00+00:00,12664
2024-01-28 23:00:00+00:00,2024-01-28 02:30:00+00:00,13157
2024-01-28 23:00:00+00:00,2024-01-28 04:30:00+00:00,13167
2024-01-28 23:00:00+00:00,2024-01-28 07:30:00+00:00,13394
2024-01-28 23:00:00+00:00,2024-01-28 09:30:00+00:00,13396
2024-01-28 23:00:00+00:00,2024-01-28 11:30:00+00:00,13364
2024-01-28 23:00:00+00:00,2024-01-28 15:30:00+00:00,13200
2024-01-28 23:00:00+00:00,2024-01-28 18:30:00+00:00,12891
2024-01-28 23:00:00+00:00,2024-01-28 22:30:00+00:00,12869
2024-01-29 00:00:00+00:00,2024-01-27 02:30:00+00:00,11146
2024-01-29 00:00:00+00:00,2024-01-27 04:30:00+00:00,11032
2024-01-29 00:00:00+00:00,2024-01-27 07:30:00+00:00,11096
2024-01-29 00:00:00+00:00,2024-01-27 09:30:00+00:00,11092
2024-01-29 00:00:00+00:00,2024-01-27 11:30:00+00:00,11092
2024-01-29 00:00:00+00:00,2024-01-27 15:30:00+00:00,10866
2024-01-29 00:00:00+00:00,2024-01-27 18:30:00+00:00,11489
2024-01-29 00:00:00+00:00,2024-01-27 22:30:00+00:00,11485
2024-01-29 00:00:00+00:00,2024-01-28 02:30:00+00:00,11882
2024-01-29 00:00:00+00:00,2024-01-28 04:30:00+00:00,11893
2024-01-29 00:00:00+00:00,2024-01-28 07:30:00+00:00,12023
2024-01-29 00:00:00+00:00,2024-01-28 09:30:00+00:00,12025
2024-01-29 00:00:00+00:00,2024-01-28 11:30:00+00:00,11997
2024-01-29 00:00:00+00:00,2024-01-28 15:30:00+00:00,11922
2024-01-29 00:00:00+00:00,2024-01-28 18:30:00+00:00,11747
2024-01-29 00:00:00+00:00,2024-01-28 22:30:00+00:00,11733
2024-01-29 01:00:00+00:00,2024-01-27 02:30:00+00:00,10192
2024-01-29 01:00:00+00:00,2024-01-27 04:30:00+00:00,10107
2024-01-29 01:00:00+00:00,2024-01-27 07:30:00+00:00,10094
2024-01-29 01:00:00+00:00,2024-01-27 09:30:00+00:00,10088
2024-01-29 01:00:00+00:00,2024-01-27 11:30:00+00:00,10088
2024-01-29 01:00:00+00:00,2024-01-27 15:30:00+00:00,9736
2024-01-29 01:00:00+00:00,2024-01-27 18:30:00+00:00,10147
2024-01-29 01:00:00+00:00,2024-01-27 22:30:00+00:00,10149
2024-01-29 01:00:00+00:00,2024-01-28 02:30:00+00:00,10542
2024-01-29 01:00:00+00:00,2024-01-28 04:30:00+00:00,10542
2024-01-29 01:00:00+00:00,2024-01-28 07:30:00+00:00,10688
2024-01-29 01:00:00+00:00,2024-01-28 09:30:00+00:00,10690
2024-01-29 01:00:00+00:00,2024-01-28 11:30:00+00:00,10671
2024-01-29 01:00:00+00:00,2024-01-28 15:30:00+00:00,10392
2024-01-29 01:00:00+00:00,2024-01-28 18:30:00+00:00,10270
2024-01-29 01:00:00+00:00,2024-01-28 22:30:00+00:00,10264
2024-01-29 02:00:00+00:00,2024-01-27 02:30:00+00:00,9257
2024-01-29 02:00:00+00:00,2024-01-27 04:30:00+00:00,9198
2024-01-29 02:00:00+00:00,2024-01-27 07:30:00+00:00,9111
2024-01-29 02:00:00+00:00,2024-01-27 09:30:00+00:00,9104
2024-01-29 02:00:00+00:00,2024-01-27 11:30:00+00:00,9104
2024-01-29 02:00:00+00:00,2024-01-27 15:30:00+00:00,8761
2024-01-29 02:00:00+00:00,2024-01-27 18:30:00+00:00,9115
2024-01-29 02:00:00+00:00,2024-01-27 22:30:00+00:00,9117
2024-01-29 02:00:00+00:00,2024-01-28 02:30:00+00:00,9430
2024-01-29 02:00:00+00:00,2024-01-28 04:30:00+00:00,9429
2024-01-29 02:00:00+00:00,2024-01-28 07:30:00+00:00,9454
2024-01-29 02:00:00+00:00,2024-01-28 09:30:00+00:00,9456
2024-01-29 02:00:00+00:00,2024-01-28 11:30:00+00:00,9440
2024-01-29 02:00:00+00:00,2024-01-28 15:30:00+00:00,9066
2024-01-29 02:00:00+00:00,2024-01-28 18:30:00+00:00,8814
2024-01-29 02:00:00+00:00,2024-01-28 22:30:00+00:00,8804
2024-01-29 03:00:00+00:00,2024-01-27 02:30:00+00:00,8373
2024-01-29 03:00:00+00:00,2024-01-27 04:30:00+00:00,8336
2024-01-29 03:00:00+00:00,2024-01-27 07:30:00+00:00,8184
2024-01-29 03:00:00+00:00,2024-01-27 09:30:00+00:00,8175
2024-01-29 03:00:00+00:00,2024-01-27 11:30:00+00:00,8175
2024-01-29 03:00:00+00:00,2024-01-27 15:30:00+00:00,7815
2024-01-29 03:00:00+00:00,2024-01-27 18:30:00+00:00,8100
2024-01-29 03:00:00+00:00,2024-01-27 22:30:00+00:00,8097
2024-01-29 03:00:00+00:00,2024-01-28 02:30:00+00:00,8265
2024-01-29 03:00:00+00:00,2024-01-28 04:30:00+00:00,8275
2024-01-29 03:00:00+00:00,2024-01-28 07:30:00+00:00,8292
2024-01-29 03:00:00+00:00,2024-01-28 09:30:00+00:00,8293
2024-01-29 03:00:00+00:00,2024-01-28 11:30:00+00:00,8271
2024-01-29 03:00:00+00:00,2024-01-28 15:30:00+00:00,7971
2024-01-29 03:00:00+00:00,2024-01-28 18:30:00+00:00,7516
2024-01-29 03:00:00+00:00,2024-01-28 22:30:00+00:00,7510
2024-01-29 04:00:00+00:00,2024-01-27 02:30:00+00:00,8005
2024-01-29 04:00:00+00:00,2024-01-27 04:30:00+00:00,7956
2024-01-29 04:00:00+00:00,2024-01-27 07:30:00+00:00,7624
2024-01-29 04:00:00+00:00,2024-01-27 09:30:00+00:00,7615
2024-01-29 04:00:00+00:00,2024-01-27 11:30:00+00:00,7615
2024-01-29 04:00:00+00:00,2024-01-27 15:30:00+00:00,7733
2024-01-29 04:00:00+00:00,2024-01-27 18:30:00+00:00,7167
2024-01-29 04:00:00+00:00,2024-01-27 22:30:00+00:00,7170
2024-01-29 04:00:00+00:00,2024-01-28 02:30:00+00:00,7314
2024-01-29 04:00:00+00:00,2024-01-28 04:30:00+00:00,7314
2024-01-29 04:00:00+00:00,2024-01-28 07:30:00+00:00,7295
2024-01-29 04:00:00+00:00,2024-01-28 09:30:00+00:00,7297
2024-01-29 04:00:00+00:00,2024-01-28 11:30:00+00:00,7279
2024-01-29 04:00:00+00:00,2024-01-28 15:30:00+00:00,6871
2024-01-29 04:00:00+00:00,2024-01-28 18:30:00+00:00,6405
2024-01-29 04:00:00+00:00,2024-01-28 22:30:00+00:00,6403
2024-01-29 05:00:00+00:00,2024-01-27 02:30:00+00:00,7623
2024-01-29 05:00:00+00:00,2024-01-27 04:30:00+00:00,7564
2024-01-29 05:00:00+00:00,2024-01-27 07:30:00+00:00,7033
2024-01-29 05:00:00+00:00,2024-01-27 09:30:00+00:00,7024
2024-01-29 05:00:00+00:00,2024-01-27 11:30:00+00:00,7024
2024-01-29 05:00:00+00:00,2024-01-27 15:30:00+00:00,7074
2024-01-29 05:00:00+00:00,2024-01-27 18:30:00+00:00,6257
2024-01-29 05:00:00+00:00,2024-01-27 22:30:00+00:00,6260
2024-01-29 05:00:00+00:00,2024-01-28 02:30:00+00:00,6306
2024-01-29 05:00:00+00:00,2024-01-28 04:30:00+00:00,6308
2024-01-29 05:00:00+00:00,2024-01-28 07:30:00+00:00,6228
2024-01-29 05:00:00+00:00,2024-01-28 09:30:00+00:00,6231
2024-01-29 05:00:00+00:00,2024-01-28 11:30:00+00:00,6210
2024-01-29 05:00:00+00:00,2024-01-28 15:30:00+00:00,5786
2024-01-29 05:00:00+00:00,2024-01-28 18:30:00+00:00,5384
2024-01-29 05:00:00+00:00,2024-01-28 22:30:00+00:00,5382
2024-01-29 06:00:00+00:00,2024-01-27 02:30:00+00:00,7229
2024-01-29 06:00:00+00:00,2024-01-27 04:30:00+00:00,7162
2024-01-29 06:00:00+00:00,2024-01-27 07:30:00+00:00,6415
2024-01-29 06:00:00+00:00,2024-01-27 09:30:00+00:00,6406
2024-01-29 06:00:00+00:00,2024-01-27 11:30:00+00:00,6406
2024-01-29 06:00:00+00:00,2024-01-27 15:30:00+00:00,6384
2024-01-29 06:00:00+00:00,2024-01-27 18:30:00+00:00,5514
2024-01-29 06:00:00+00:00,2024-01-27 22:30:00+00:00,5512
2024-01-29 06:00:00+00:00,2024-01-28 02:30:00+00:00,5434
2024-01-29 06:00:00+00:00,2024-01-28 04:30:00+00:00,5439
2024-01-29 06:00:00+00:00,2024-01-28 07:30:00+00:00,5429
2024-01-29 06:00:00+00:00,2024-01-28 09:30:00+00:00,5431
2024-01-29 06:00:00+00:00,2024-01-28 11:30:00+00:00,5404
2024-01-29 06:00:00+00:00,2024-01-28 15:30:00+00:00,4911
2024-01-29 06:00:00+00:00,2024-01-28 18:30:00+00:00,4425
2024-01-29 06:00:00+00:00,2024-01-28 22:30:00+00:00,4424
2024-01-29 07:00:00+00:00,2024-01-27 02:30:00+00:00,7401
2024-01-29 07:00:00+00:00,2024-01-27 04:30:00+00:00,7365
2024-01-29 07:00:00+00:00,2024-01-27 07:30:00+00:00,6541
2024-01-29 07:00:00+00:00,2024-01-27 09:30:00+00:00,6532
2024-01-29 07:00:00+00:00,2024-01-27 11:30:00+00:00,6532
2024-01-29 07:00:00+00:00,2024-01-27 15:30:00+00:00,6459
2024-01-29 07:00:00+00:00,2024-01-27 18:30:00+00:00,5082
2024-01-29 07:00:00+00:00,2024-01-27 22:30:00+00:00,5084
2024-01-29 07:00:00+00:00,2024-01-28 02:30:00+00:00,4865
2024-01-29 07:00:00+00:00,2024-01-28 04:30:00+00:00,4865
2024-01-29 07:00:00+00:00,2024-01-28 07:30:00+00:00,4616
2024-01-29 07:00:00+00:00,2024-01-28 09:30:00+00:00,4620
2024-01-29 07:00:00+00:00,2024-01-28 11:30:00+00:00,4617
2024-01-29 07:00:00+00:00,2024-01-28 15:30:00+00:00,4159
2024-01-29 07:00:00+00:00,2024-01-28 18:30:00+00:00,3881
2024-01-29 07:00:00+00:00,2024-01-28 22:30:00+00:00,3881
2024-01-29 08:00:00+00:00,2024-01-27 02:30:00+00:00,7593
2024-01-29 08:00:00+00:00,2024-01-27 04:30:00+00:00,7588
2024-01-29 08:00:00+00:00,2024-01-27 07:30:00+00:00,6699
2024-01-29 08:00:00+00:00,2024-01-27 09:30:00+00:00,6690
2024-01-29 08:00:00+00:00,2024-01-27 11:30:00+00:00,6690
2024-01-29 08:00:00+00:00,2024-01-27 15:30:00+00:00,6573
2024-01-29 08:00:00+00:00,2024-01-27 18:30:00+00:00,5113
2024-01-29 08:00:00+00:00,2024-01-27 22:30:00+00:00,5116
2024-01-29 08:00:00+00:00,2024-01-28 02:30:00+00:00,4588
2024-01-29 08:00:00+00:00,2024-01-28 04:30:00+00:00,4588
2024-01-29 08:00:00+00:00,2024-01-28 07:30:00+00:00,4081
2024-01-29 08:00:00+00:00,2024-01-28 09:30:00+00:00,4084
2024-01-29 08:00:00+00:00,2024-01-28 11:30:00+00:00,4085
2024-01-29 08:00:00+00:00,2024-01-28 15:30:00+00:00,3640
2024-01-29 08:00:00+00:00,2024-01-28 18:30:00+00:00,3581
2024-01-29 08:00:00+00:00,2024-01-28 22:30:00+00:00,3586
2024-01-29 09:00:00+00:00,2024-01-27 02:30:00+00:00,7796
2024-01-29 09:00:00+00:00,2024-01-27 04:30:00+00:00,7826
2024-01-29 09:00:00+00:00,2024-01-27 07:30:00+00:00,6884
2024-01-29 09:00:00+00:00,2024-01-27 09:30:00+00:00,6875
2024-01-29 09:00:00+00:00,2024-01-27 11:30:00+00:00,6875
2024-01-29 09:00:00+00:00,2024-01-27 15:30:00+00:00,6724
2024-01-29 09:00:00+00:00,2024-01-27 18:30:00+00:00,5223
2024-01-29 09:00:00+00:00,2024-01-27 22:30:00+00:00,5216
2024-01-29 09:00:00+00:00,2024-01-28 02:30:00+00:00,4591
2024-01-29 09:00:00+00:00,2024-01-28 04:30:00+00:00,4596
2024-01-29 09:00:00+00:00,2024-01-28 07:30:00+00:00,3827
2024-01-29 09:00:00+00:00,2024-01-28 09:30:00+00:00,3829
2024-01-29 09:00:00+00:00,2024-01-28 11:30:00+00:00,3798
2024-01-29 09:00:00+00:00,2024-01-28 15:30:00+00:00,3255
2024-01-29 09:00:00+00:00,2024-01-28 18:30:00+00:00,3324
2024-01-29 09:00:00+00:00,2024-01-28 22:30:00+00:00,3328
2024-01-29 10:00:00+00:00,2024-01-27 02:30:00+00:00,8049
2024-01-29 10:00:00+00:00,2024-01-27 04:30:00+00:00,8039
2024-01-29 10:00:00+00:00,2024-01-27 07:30:00+00:00,7041
2024-01-29 10:00:00+00:00,2024-01-27 09:30:00+00:00,7035
2024-01-29 10:00:00+00:00,2024-01-27 11:30:00+00:00,7035
2024-01-29 10:00:00+00:00,2024-01-27 15:30:00+00:00,6830
2024-01-29 10:00:00+00:00,2024-01-27 18:30:00+00:00,5882
2024-01-29 10:00:00+00:00,2024-01-27 22:30:00+00:00,5871
2024-01-29 10:00:00+00:00,2024-01-28 02:30:00+00:00,4398
2024-01-29 10:00:00+00:00,2024-01-28 04:30:00+00:00,4400
2024-01-29 10:00:00+00:00,2024-01-28 07:30:00+00:00,3585
2024-01-29 10:00:00+00:00,2024-01-28 09:30:00+00:00,3587
2024-01-29 10:00:00+00:00,2024-01-28 11:30:00+00:00,3579
2024-01-29 10:00:00+00:00,2024-01-28 15:30:00+00:00,3034
2024-01-29 10:00:00+00:00,2024-01-28 18:30:00+00:00,3173
2024-01-29 10:00:00+00:00,2024-01-28 22:30:00+00:00,3176
2024-01-29 11:00:00+00:00,2024-01-27 02:30:00+00:00,8309
2024-01-29 11:00:00+00:00,2024-01-27 04:30:00+00:00,8260
2024-01-29 11:00:00+00:00,2024-01-27 07:30:00+00:00,7211
2024-01-29 11:00:00+00:00,2024-01-27 09:30:00+00:00,7207
2024-01-29 11:00:00+00:00,2024-01-27 11:30:00+00:00,7207
2024-01-29 11:00:00+00:00,2024-01-27 15:30:00+00:00,6949
2024-01-29 11:00:00+00:00,2024-01-27 18:30:00+00:00,6055
2024-01-29 11:00:00+00:00,2024-01-27 22:30:00+00:00,6041
2024-01-29 11:00:00+00:00,2024-01-28 02:30:00+00:00,4575
2024-01-29 11:00:00+00:00,2024-01-28 04:30:00+00:00,4578
2024-01-29 11:00:00+00:00,2024-01-28 07:30:00+00:00,3643
2024-01-29 11:00:00+00:00,2024-01-28 09:30:00+00:00,3643
2024-01-29 11:00:00+00:00,2024-01-28 11:30:00+00:00,3612
2024-01-29 11:00:00+00:00,2024-01-28 15:30:00+00:00,3016
2024-01-29 11:00:00+00:00,2024-01-28 18:30:00+00:00,3098
2024-01-29 11:00:00+00:00,2024-01-28 22:30:00+00:00,3102
2024-01-29 12:00:00+00:00,2024-01-27 02:30:00+00:00,8576
2024-01-29 12:00:00+00:00,2024-01-27 04:30:00+00:00,8490
2024-01-29 12:00:00+00:00,2024-01-27 07:30:00+00:00,7391
2024-01-29 12:00:00+00:00,2024-01-27 09:30:00+00:00,7389
2024-01-29 12:00:00+00:00,2024-01-27 11:30:00+00:00,7389
2024-01-29 12:00:00+00:00,2024-01-27 15:30:00+00:00,7080
2024-01-29 12:00:00+00:00,2024-01-27 18:30:00+00:00,6247
2024-01-29 12:00:00+00:00,2024-01-27 22:30:00+00:00,6233
2024-01-29 12:00:00+00:00,2024-01-28 02:30:00+00:00,4664
2024-01-29 12:00:00+00:00,2024-01-28 04:30:00+00:00,4647
2024-01-29 12:00:00+00:00,2024-01-28 07:30:00+00:00,3593
2024-01-29 12:00:00+00:00,2024-01-28 09:30:00+00:00,3591
2024-01-29 12:00:00+00:00,2024-01-28 11:30:00+00:00,3546
2024-01-29 12:00:00+00:00,2024-01-28 15:30:00+00:00,2941
2024-01-29 12:00:00+00:00,2024-01-28 18:30:00+00:00,3071
2024-01-29 12:00:00+00:00,2024-01-28 22:30:00+00:00,3068
2024-01-29 13:00:00+00:00,2024-01-27 02:30:00+00:00,8844
2024-01-29 13:00:00+00:00,2024-01-27 04:30:00+00:00,8767
2024-01-29 13:00:00+00:00,2024-01-27 07:30:00+00:00,7647
2024-01-29 13:00:00+00:00,2024-01-27 09:30:00+00:00,7645
2024-01-29 13:00:00+00:00,2024-01-27 11:30:00+00:00,7645
2024-01-29 13:00:00+00:00,2024-01-27 15:30:00+00:00,7256
2024-01-29 13:00:00+00:00,2024-01-27 18:30:00+00:00,6582
2024-01-29 13:00:00+00:00,2024-01-27 22:30:00+00:00,6567
2024-01-29 13:00:00+00:00,2024-01-28 02:30:00+00:00,4974
2024-01-29 13:00:00+00:00,2024-01-28 04:30:00+00:00,4971
2024-01-29 13:00:00+00:00,2024-01-28 07:30:00+00:00,3852
2024-01-29 13:00:00+00:00,2024-01-28 09:30:00+00:00,3850
2024-01-29 13:00:00+00:00,2024-01-28 11:30:00+00:00,3812
2024-01-29 13:00:00+00:00,2024-01-28 15:30:00+00:00,3114
2024-01-29 13:00:00+00:00,2024-01-28 18:30:00+00:00,3088
2024-01-29 13:00:00+00:00,2024-01-28 22:30:00+00:00,3085
2024-01-29 14:00:00+00:00,2024-01-27 02:30:00+00:00,9116
2024-01-29 14:00:00+00:00,2024-01-27 04:30:00+00:00,9046
2024-01-29 14:00:00+00:00,2024-01-27 07:30:00+00:00,7906
2024-01-29 14:00:00+00:00,2024-01-27 09:30:00+00:00,7903
2024-01-29 14:00:00+00:00,2024-01-27 11:30:00+00:00,7903
2024-01-29 14:00:00+00:00,2024-01-27 15:30:00+00:00,7439
2024-01-29 14:00:00+00:00,2024-01-27 18:30:00+00:00,6931
2024-01-29 14:00:00+00:00,2024-01-27 22:30:00+00:00,6915
2024-01-29 14:00:00+00:00,2024-01-28 02:30:00+00:00,5405
2024-01-29 14:00:00+00:00,2024-01-28 04:30:00+00:00,5406
2024-01-29 14:00:00+00:00,2024-01-28 07:30:00+00:00,4390
2024-01-29 14:00:00+00:00,2024-01-28 09:30:00+00:00,4386
2024-01-29 14:00:00+00:00,2024-01-28 11:30:00+00:00,4343
2024-01-29 14:00:00+00:00,2024-01-28 15:30:00+00:00,3553
2024-01-29 14:00:00+00:00,2024-01-28 18:30:00+00:00,3297
2024-01-29 14:00:00+00:00,2024-01-28 22:30:00+00:00,3294
2024-01-29 15:00:00+00:00,2024-01-27 02:30:00+00:00,9392
2024-01-29 15:00:00+00:00,2024-01-27 04:30:00+00:00,9327
2024-01-29 15:00:00+00:00,2024-01-27 07:30:00+00:00,8167
2024-01-29 15:00:00+00:00,2024-01-27 09:30:00+00:00,8163
2024-01-29 15:00:00+00:00,2024-01-27 11:30:00+00:00,8163
2024-01-29 15:00:00+00:00,2024-01-27 15:30:00+00:00,7627
2024-01-29 15:00:00+00:00,2024-01-27 18:30:00+00:00,7294
2024-01-29 15:00:00+00:00,2024-01-27 22:30:00+00:00,7276
2024-01-29 15:00:00+00:00,2024-01-28 02:30:00+00:00,6078
2024-01-29 15:00:00+00:00,2024-01-28 04:30:00+00:00,6062
2024-01-29 15:00:00+00:00,2024-01-28 07:30:00+00:00,5060
2024-01-29 15:00:00+00:00,2024-01-28 09:30:00+00:00,5055
2024-01-29 15:00:00+00:00,2024-01-28 11:30:00+00:00,5012
2024-01-29 15:00:00+00:00,2024-01-28 15:30:00+00:00,4155
2024-01-29 15:00:00+00:00,2024-01-28 18:30:00+00:00,3696
2024-01-29 15:00:00+00:00,2024-01-28 22:30:00+00:00,3693
2024-01-29 16:00:00+00:00,2024-01-27 02:30:00+00:00,10020
2024-01-29 16:00:00+00:00,2024-01-27 04:30:00+00:00,9871
2024-01-29 16:00:00+00:00,2024-01-27 07:30:00+00:00,8659
2024-01-29 16:00:00+00:00,2024-01-27 09:30:00+00:00,8656
2024-01-29 16:00:00+00:00,2024-01-27 11:30:00+00:00,8656
2024-01-29 16:00:00+00:00,2024-01-27 15:30:00+00:00,8192
2024-01-29 16:00:00+00:00,2024-01-27 18:30:00+00:00,8084
2024-01-29 16:00:00+00:00,2024-01-27 22:30:00+00:00,8071
2024-01-29 16:00:00+00:00,2024-01-28 02:30:00+00:00,7205
2024-01-29 16:00:00+00:00,2024-01-28 04:30:00+00:00,7184
2024-01-29 16:00:00+00:00,2024-01-28 07:30:00+00:00,5724
2024-01-29 16:00:00+00:00,2024-01-28 09:30:00+00:00,5722
2024-01-29 16:00:00+00:00,2024-01-28 11:30:00+00:00,5702
2024-01-29 16:00:00+00:00,2024-01-28 15:30:00+00:00,4818
2024-01-29 16:00:00+00:00,2024-01-28 18:30:00+00:00,4316
2024-01-29 16:00:00+00:00,2024-01-28 22:30:00+00:00,4314
2024-01-29 17:00:00+00:00,2024-01-27 02:30:00+00:00,10635
2024-01-29 17:00:00+00:00,2024-01-27 04:30:00+00:00,10421
2024-01-29 17:00:00+00:00,2024-01-27 07:30:00+00:00,9157
2024-01-29 17:00:00+00:00,2024-01-27 09:30:00+00:00,9155
2024-01-29 17:00:00+00:00,2024-01-27 11:30:00+00:00,9155
2024-01-29 17:00:00+00:00,2024-01-27 15:30:00+00:00,8747
2024-01-29 17:00:00+00:00,2024-01-27 18:30:00+00:00,8853
2024-01-29 17:00:00+00:00,2024-01-27 22:30:00+00:00,8844
2024-01-29 17:00:00+00:00,2024-01-28 02:30:00+00:00,8252
2024-01-29 17:00:00+00:00,2024-01-28 04:30:00+00:00,8228
2024-01-29 17:00:00+00:00,2024-01-28 07:30:00+00:00,6962
2024-01-29 17:00:00+00:00,2024-01-28 09:30:00+00:00,6963
2024-01-29 17:00:00+00:00,2024-01-28 11:30:00+00:00,6944
2024-01-29 17:00:00+00:00,2024-01-28 15:30:00+00:00,5913
2024-01-29 17:00:00+00:00,2024-01-28 18:30:00+00:00,5103
2024-01-29 17:00:00+00:00,2024-01-28 22:30:00+00:00,5104
2024-01-29 18:00:00+00:00,2024-01-27 02:30:00+00:00,11230
2024-01-29 18:00:00+00:00,2024-01-27 04:30:00+00:00,10963
2024-01-29 18:00:00+00:00,2024-01-27 07:30:00+00:00,9658
2024-01-29 18:00:00+00:00,2024-01-27 09:30:00+00:00,9656
2024-01-29 18:00:00+00:00,2024-01-27 11:30:00+00:00,9656
2024-01-29 18:00:00+00:00,2024-01-27 15:30:00+00:00,9284
2024-01-29 18:00:00+00:00,2024-01-27 18:30:00+00:00,9563
2024-01-29 18:00:00+00:00,2024-01-27 22:30:00+00:00,9558
2024-01-29 18:00:00+00:00,2024-01-28 02:30:00+00:00,9224
2024-01-29 18:00:00+00:00,2024-01-28 04:30:00+00:00,9198
2024-01-29 18:00:00+00:00,2024-01-28 07:30:00+00:00,7999
2024-01-29 18:00:00+00:00,2024-01-28 09:30:00+00:00,7997
2024-01-29 18:00:00+00:00,2024-01-28 11:30:00+00:00,7934
2024-01-29 18:00:00+00:00,2024-01-28 15:30:00+00:00,6777
2024-01-29 18:00:00+00:00,2024-01-28 18:30:00+00:00,5885
2024-01-29 18:00:00+00:00,2024-01-28 22:30:00+00:00,5889
2024-01-29 19:00:00+00:00,2024-01-27 02:30:00+00:00,11676
2024-01-29 19:00:00+00:00,2024-01-27 04:30:00+00:00,11461
2024-01-29 19:00:00+00:00,2024-01-27 07:30:00+00:00,10156
2024-01-29 19:00:00+00:00,2024-01-27 09:30:00+00:00,10155
2024-01-29 19:00:00+00:00,2024-01-27 11:30:00+00:00,10155
2024-01-29 19:00:00+00:00,2024-01-27 15:30:00+00:00,9777
2024-01-29 19:00:00+00:00,2024-01-27 18:30:00+00:00,10042
2024-01-29 19:00:00+00:00,2024-01-27 22:30:00+00:00,10038
2024-01-29 19:00:00+00:00,2024-01-28 02:30:00+00:00,9763
2024-01-29 19:00:00+00:00,2024-01-28 04:30:00+00:00,9743
2024-01-29 19:00:00+00:00,2024-01-28 07:30:00+00:00,8695
2024-01-29 19:00:00+00:00,2024-01-28 09:30:00+00:00,8698
2024-01-29 19:00:00+00:00,2024-01-28 11:30:00+00:00,8666
2024-01-29 19:00:00+00:00,2024-01-28 15:30:00+00:00,7597
2024-01-29 19:00:00+00:00,2024-01-28 18:30:00+00:00,6661
2024-01-29 19:00:00+00:00,2024-01-28 22:30:00+00:00,6668
2024-01-29 20:00:00+00:00,2024-01-27 02:30:00+00:00,12105
2024-01-29 20:00:00+00:00,2024-01-27 04:30:00+00:00,11937
2024-01-29 20:00:00+00:00,2024-01-27 07:30:00+00:00,10633
2024-01-29 20:00:00+00:00,2024-01-27 09:30:00+00:00,10632
2024-01-29 20:00:00+00:00,2024-01-27 11:30:00+00:00,10632
2024-01-29 20:00:00+00:00,2024-01-27 15:30:00+00:00,10237
2024-01-29 20:00:00+00:00,2024-01-27 18:30:00+00:00,10482
2024-01-29 20:00:00+00:00,2024-01-27 22:30:00+00:00,10478
2024-01-29 20:00:00+00:00,2024-01-28 02:30:00+00:00,10260
2024-01-29 20:00:00+00:00,2024-01-28 04:30:00+00:00,10245
2024-01-29 20:00:00+00:00,2024-01-28 07:30:00+00:00,9326
2024-01-29 20:00:00+00:00,2024-01-28 09:30:00+00:00,9328
2024-01-29 20:00:00+00:00,2024-01-28 11:30:00+00:00,9280
2024-01-29 20:00:00+00:00,2024-01-28 15:30:00+00:00,8232
2024-01-29 20:00:00+00:00,2024-01-28 18:30:00+00:00,7332
2024-01-29 20:00:00+00:00,2024-01-28 22:30:00+00:00,7337
2024-01-29 21:00:00+00:00,2024-01-27 02:30:00+00:00,12516
2024-01-29 21:00:00+00:00,2024-01-27 04:30:00+00:00,12389
2024-01-29 21:00:00+00:00,2024-01-27 07:30:00+00:00,11088
2024-01-29 21:00:00+00:00,2024-01-27 09:30:00+00:00,11087
2024-01-29 21:00:00+00:00,2024-01-27 11:30:00+00:00,11087
2024-01-29 21:00:00+00:00,2024-01-27 15:30:00+00:00,10665
2024-01-29 21:00:00+00:00,2024-01-27 18:30:00+00:00,10887
2024-01-29 21:00:00+00:00,2024-01-27 22:30:00+00:00,10883
2024-01-29 21:00:00+00:00,2024-01-28 02:30:00+00:00,10719
2024-01-29 21:00:00+00:00,2024-01-28 04:30:00+00:00,10708
2024-01-29 21:00:00+00:00,2024-01-28 07:30:00+00:00,10003
2024-01-29 21:00:00+00:00,2024-01-28 09:30:00+00:00,10001
2024-01-29 21:00:00+00:00,2024-01-28 11:30:00+00:00,9942
2024-01-29 21:00:00+00:00,2024-01-28 15:30:00+00:00,8922
2024-01-29 21:00:00+00:00,2024-01-28 18:30:00+00:00,8063
2024-01-29 21:00:00+00:00,2024-01-28 22:30:00+00:00,8059
2024-01-29 21:00:00+00:00,2024-01-29 02:30:00+00:00,7439
2024-01-29 21:00:00+00:00,2024-01-29 04:30:00+00:00,7426
2024-01-29 21:00:00+00:00,2024-01-29 07:30:00+00:00,8111
2024-01-29 21:00:00+00:00,2024-01-29 09:30:00+00:00,8111
2024-01-29 21:00:00+00:00,2024-01-29 11:30:00+00:00,8119
2024-01-29 21:00:00+00:00,2024-01-29 15:30:00+00:00,8604
2024-01-29 21:00:00+00:00,2024-01-29 18:30:00+00:00,8418
2024-01-29 21:00:00+00:00,2024-01-29 22:30:00+00:00,8368
2024-01-29 22:00:00+00:00,2024-01-28 02:30:00+00:00,10913
2024-01-29 22:00:00+00:00,2024-01-28 04:30:00+00:00,10903
2024-01-29 22:00:00+00:00,2024-01-28 07:30:00+00:00,10412
2024-01-29 22:00:00+00:00,2024-01-28 09:30:00+00:00,10411
2024-01-29 22:00:00+00:00,2024-01-28 11:30:00+00:00,10309
2024-01-29 22:00:00+00:00,2024-01-28 15:30:00+00:00,9350
2024-01-29 22:00:00+00:00,2024-01-28 18:30:00+00:00,8490
2024-01-29 22:00:00+00:00,2024-01-28 22:30:00+00:00,8490
2024-01-29 22:00:00+00:00,2024-01-29 02:30:00+00:00,7842
2024-01-29 22:00:00+00:00,2024-01-29 04:30:00+00:00,7834
2024-01-29 22:00:00+00:00,2024-01-29 07:30:00+00:00,8353
2024-01-29 22:00:00+00:00,2024-01-29 09:30:00+00:00,8358
2024-01-29 22:00:00+00:00,2024-01-29 11:30:00+00:00,8361
2024-01-29 22:00:00+00:00,2024-01-29 15:30:00+00:00,8782
2024-01-29 22:00:00+00:00,2024-01-29 18:30:00+00:00,8740
2024-01-29 22:00:00+00:00,2024-01-29 22:30:00+00:00,8766
2024-01-29 23:00:00+00:00,2024-01-28 02:30:00+00:00,11089
2024-01-29 23:00:00+00:00,2024-01-28 04:30:00+00:00,11081
2024-01-29 23:00:00+00:00,2024-01-28 07:30:00+00:00,10668
2024-01-29 23:00:00+00:00,2024-01-28 09:30:00+00:00,10668
2024-01-29 23:00:00+00:00,2024-01-28 11:30:00+00:00,10566
2024-01-29 23:00:00+00:00,2024-01-28 15:30:00+00:00,9733
2024-01-29 23:00:00+00:00,2024-01-28 18:30:00+00:00,8858
2024-01-29 23:00:00+00:00,2024-01-28 22:30:00+00:00,8860
2024-01-29 23:00:00+00:00,2024-01-29 02:30:00+00:00,8132
2024-01-29 23:00:00+00:00,2024-01-29 04:30:00+00:00,8129
2024-01-29 23:00:00+00:00,2024-01-29 07:30:00+00:00,8529
2024-01-29 23:00:00+00:00,2024-01-29 09:30:00+00:00,8535
2024-01-29 23:00:00+00:00,2024-01-29 11:30:00+00:00,8534
2024-01-29 23:00:00+00:00,2024-01-29 15:30:00+00:00,8921
2024-01-29 23:00:00+00:00,2024-01-29 18:30:00+00:00,9021
2024-01-29 23:00:00+00:00,2024-01-29 22:30:00+00:00,9044
2024-01-30 00:00:00+00:00,2024-01-28 02:30:00+00:00,11249
2024-01-30 00:00:00+00:00,2024-01-28 04:30:00+00:00,11243
2024-01-30 00:00:00+00:00,2024-01-28 07:30:00+00:00,10889
2024-01-30 00:00:00+00:00,2024-01-28 09:30:00+00:00,10890
2024-01-30 00:00:00+00:00,2024-01-28 11:30:00+00:00,10848
2024-01-30 00:00:00+00:00,2024-01-28 15:30:00+00:00,9984
2024-01-30 00:00:00+00:00,2024-01-28 18:30:00+00:00,9038
2024-01-30 00:00:00+00:00,2024-01-28 22:30:00+00:00,9036
2024-01-30 00:00:00+00:00,2024-01-29 02:30:00+00:00,8278
2024-01-30 00:00:00+00:00,2024-01-29 04:30:00+00:00,8276
2024-01-30 00:00:00+00:00,2024-01-29 07:30:00+00:00,8720
2024-01-30 00:00:00+00:00,2024-01-29 09:30:00+00:00,8725
2024-01-30 00:00:00+00:00,2024-01-29 11:30:00+00:00,8722
2024-01-30 00:00:00+00:00,2024-01-29 15:30:00+00:00,9040
2024-01-30 00:00:00+00:00,2024-01-29 18:30:00+00:00,9290
2024-01-30 00:00:00+00:00,2024-01-29 22:30:00+00:00,9302
2024-01-30 01:00:00+00:00,2024-01-28 02:30:00+00:00,11230
2024-01-30 01:00:00+00:00,2024-01-28 04:30:00+00:00,11225
2024-01-30 01:00:00+00:00,2024-01-28 07:30:00+00:00,10974
2024-01-30 01:00:00+00:00,2024-01-28 09:30:00+00:00,10974
2024-01-30 01:00:00+00:00,2024-01-28 11:30:00+00:00,10921
2024-01-30 01:00:00+00:00,2024-01-28 15:30:00+00:00,10208
2024-01-30 01:00:00+00:00,2024-01-28 18:30:00+00:00,9262
2024-01-30 01:00:00+00:00,2024-01-28 22:30:00+00:00,9264
2024-01-30 01:00:00+00:00,2024-01-29 02:30:00+00:00,8511
2024-01-30 01:00:00+00:00,2024-01-29 04:30:00+00:00,8510
2024-01-30 01:00:00+00:00,2024-01-29 07:30:00+00:00,8928
2024-01-30 01:00:00+00:00,2024-01-29 09:30:00+00:00,8931
2024-01-30 01:00:00+00:00,2024-01-29 11:30:00+00:00,8927
2024-01-30 01:00:00+00:00,2024-01-29 15:30:00+00:00,9116
2024-01-30 01:00:00+00:00,2024-01-29 18:30:00+00:00,9401
2024-01-30 01:00:00+00:00,2024-01-29 22:30:00+00:00,9406
2024-01-30 02:00:00+00:00,2024-01-28 02:30:00+00:00,11209
2024-01-30 02:00:00+00:00,2024-01-28 04:30:00+00:00,11205
2024-01-30 02:00:00+00:00,2024-01-28 07:30:00+00:00,11046
2024-01-30 02:00:00+00:00,2024-01-28 09:30:00+00:00,11045
2024-01-30 02:00:00+00:00,2024-01-28 11:30:00+00:00,11010
2024-01-30 02:00:00+00:00,2024-01-28 15:30:00+00:00,10189
2024-01-30 02:00:00+00:00,2024-01-28 18:30:00+00:00,9309
2024-01-30 02:00:00+00:00,2024-01-28 22:30:00+00:00,9308
2024-01-30 02:00:00+00:00,2024-01-29 02:30:00+00:00,8690
2024-01-30 02:00:00+00:00,2024-01-29 04:30:00+00:00,8690
2024-01-30 02:00:00+00:00,2024-01-29 07:30:00+00:00,9152
2024-01-30 02:00:00+00:00,2024-01-29 09:30:00+00:00,9153
2024-01-30 02:00:00+00:00,2024-01-29 11:30:00+00:00,9137
2024-01-30 02:00:00+00:00,2024-01-29 15:30:00+00:00,9243
2024-01-30 02:00:00+00:00,2024-01-29 18:30:00+00:00,9385
2024-01-30 02:00:00+00:00,2024-01-29 22:30:00+00:00,9395
2024-01-30 03:00:00+00:00,2024-01-28 02:30:00+00:00,11187
2024-01-30 03:00:00+00:00,2024-01-28 04:30:00+00:00,11185
2024-01-30 03:00:00+00:00,2024-01-28 07:30:00+00:00,11107
2024-01-30 03:00:00+00:00,2024-01-28 09:30:00+00:00,11106
2024-01-30 03:00:00+00:00,2024-01-28 11:30:00+00:00,11083
2024-01-30 03:00:00+00:00,2024-01-28 15:30:00+00:00,10370
2024-01-30 03:00:00+00:00,2024-01-28 18:30:00+00:00,9504
2024-01-30 03:00:00+00:00,2024-01-28 22:30:00+00:00,9501
2024-01-30 03:00:00+00:00,2024-01-29 02:30:00+00:00,8893
2024-01-30 03:00:00+00:00,2024-01-29 04:30:00+00:00,8891
2024-01-30 03:00:00+00:00,2024-01-29 07:30:00+00:00,9391
2024-01-30 03:00:00+00:00,2024-01-29 09:30:00+00:00,9391
2024-01-30 03:00:00+00:00,2024-01-29 11:30:00+00:00,9376
2024-01-30 03:00:00+00:00,2024-01-29 15:30:00+00:00,9402
2024-01-30 03:00:00+00:00,2024-01-29 18:30:00+00:00,9330
2024-01-30 03:00:00+00:00,2024-01-29 22:30:00+00:00,9341
2024-01-30 04:00:00+00:00,2024-01-28 02:30:00+00:00,11246
2024-01-30 04:00:00+00:00,2024-01-28 04:30:00+00:00,11243
2024-01-30 04:00:00+00:00,2024-01-28 07:30:00+00:00,11145
2024-01-30 04:00:00+00:00,2024-01-28 09:30:00+00:00,11144
2024-01-30 04:00:00+00:00,2024-01-28 11:30:00+00:00,11128
2024-01-30 04:00:00+00:00,2024-01-28 15:30:00+00:00,10310
2024-01-30 04:00:00+00:00,2024-01-28 18:30:00+00:00,9488
2024-01-30 04:00:00+00:00,2024-01-28 22:30:00+00:00,9486
2024-01-30 04:00:00+00:00,2024-01-29 02:30:00+00:00,8934
2024-01-30 04:00:00+00:00,2024-01-29 04:30:00+00:00,8932
2024-01-30 04:00:00+00:00,2024-01-29 07:30:00+00:00,9551
2024-01-30 04:00:00+00:00,2024-01-29 09:30:00+00:00,9551
2024-01-30 04:00:00+00:00,2024-01-29 11:30:00+00:00,9535
2024-01-30 04:00:00+00:00,2024-01-29 15:30:00+00:00,9483
2024-01-30 04:00:00+00:00,2024-01-29 18:30:00+00:00,9170
2024-01-30 04:00:00+00:00,2024-01-29 22:30:00+00:00,9180
2024-01-30 05:00:00+00:00,2024-01-28 02:30:00+00:00,11298
2024-01-30 05:00:00+00:00,2024-01-28 04:30:00+00:00,11295
2024-01-30 05:00:00+00:00,2024-01-28 07:30:00+00:00,11175
2024-01-30 05:00:00+00:00,2024-01-28 09:30:00+00:00,11174
2024-01-30 05:00:00+00:00,2024-01-28 11:30:00+00:00,11165
2024-01-30 05:00:00+00:00,2024-01-28 15:30:00+00:00,10259
2024-01-30 05:00:00+00:00,2024-01-28 18:30:00+00:00,9518
2024-01-30 05:00:00+00:00,2024-01-28 22:30:00+00:00,9515
2024-01-30 05:00:00+00:00,2024-01-29 02:30:00+00:00,8977
2024-01-30 05:00:00+00:00,2024-01-29 04:30:00+00:00,8974
2024-01-30 05:00:00+00:00,2024-01-29 07:30:00+00:00,9655
2024-01-30 05:00:00+00:00,2024-01-29 09:30:00+00:00,9655
2024-01-30 05:00:00+00:00,2024-01-29 11:30:00+00:00,9623
2024-01-30 05:00:00+00:00,2024-01-29 15:30:00+00:00,9567
2024-01-30 05:00:00+00:00,2024-01-29 18:30:00+00:00,9057
2024-01-30 05:00:00+00:00,2024-01-29 22:30:00+00:00,9064
2024-01-30 06:00:00+00:00,2024-01-28 02:30:00+00:00,11345
2024-01-30 06:00:00+00:00,2024-01-28 04:30:00+00:00,11341
2024-01-30 06:00:00+00:00,2024-01-28 07:30:00+00:00,11198
2024-01-30 06:00:00+00:00,2024-01-28 09:30:00+00:00,11197
2024-01-30 06:00:00+00:00,2024-01-28 11:30:00+00:00,11194
2024-01-30 06:00:00+00:00,2024-01-28 15:30:00+00:00,10206
2024-01-30 06:00:00+00:00,2024-01-28 18:30:00+00:00,9694
2024-01-30 06:00:00+00:00,2024-01-28 22:30:00+00:00,9687
2024-01-30 06:00:00+00:00,2024-01-29 02:30:00+00:00,9197
2024-01-30 06:00:00+00:00,2024-01-29 04:30:00+00:00,9185
2024-01-30 06:00:00+00:00,2024-01-29 07:30:00+00:00,9754
2024-01-30 06:00:00+00:00,2024-01-29 09:30:00+00:00,9754
2024-01-30 06:00:00+00:00,2024-01-29 11:30:00+00:00,9710
2024-01-30 06:00:00+00:00,2024-01-29 15:30:00+00:00,9457
2024-01-30 06:00:00+00:00,2024-01-29 18:30:00+00:00,8840
2024-01-30 06:00:00+00:00,2024-01-29 22:30:00+00:00,8848
2024-01-30 07:00:00+00:00,2024-01-28 02:30:00+00:00,11201
2024-01-30 07:00:00+00:00,2024-01-28 04:30:00+00:00,11197
2024-01-30 07:00:00+00:00,2024-01-28 07:30:00+00:00,11082
2024-01-30 07:00:00+00:00,2024-01-28 09:30:00+00:00,11080
2024-01-30 07:00:00+00:00,2024-01-28 11:30:00+00:00,11077
2024-01-30 07:00:00+00:00,2024-01-28 15:30:00+00:00,10106
2024-01-30 07:00:00+00:00,2024-01-28 18:30:00+00:00,9657
2024-01-30 07:00:00+00:00,2024-01-28 22:30:00+00:00,9647
2024-01-30 07:00:00+00:00,2024-01-29 02:30:00+00:00,9240
2024-01-30 07:00:00+00:00,2024-01-29 04:30:00+00:00,9237
2024-01-30 07:00:00+00:00,2024-01-29 07:30:00+00:00,9698
2024-01-30 07:00:00+00:00,2024-01-29 09:30:00+00:00,9697
2024-01-30 07:00:00+00:00,2024-01-29 11:30:00+00:00,9662
2024-01-30 07:00:00+00:00,2024-01-29 15:30:00+00:00,9278
2024-01-30 07:00:00+00:00,2024-01-29 18:30:00+00:00,8552
2024-01-30 07:00:00+00:00,2024-01-29 22:30:00+00:00,8560
2024-01-30 08:00:00+00:00,2024-01-28 02:30:00+00:00,11054
2024-01-30 08:00:00+00:00,2024-01-28 04:30:00+00:00,11050
2024-01-30 08:00:00+00:00,2024-01-28 07:30:00+00:00,10962
2024-01-30 08:00:00+00:00,2024-01-28 09:30:00+00:00,10960
2024-01-30 08:00:00+00:00,2024-01-28 11:30:00+00:00,10956
2024-01-30 08:00:00+00:00,2024-01-28 15:30:00+00:00,10007
2024-01-30 08:00:00+00:00,2024-01-28 18:30:00+00:00,9614
2024-01-30 08:00:00+00:00,2024-01-28 22:30:00+00:00,9604
2024-01-30 08:00:00+00:00,2024-01-29 02:30:00+00:00,9172
2024-01-30 08:00:00+00:00,2024-01-29 04:30:00+00:00,9166
2024-01-30 08:00:00+00:00,2024-01-29 07:30:00+00:00,9365
2024-01-30 08:00:00+00:00,2024-01-29 09:30:00+00:00,9362
2024-01-30 08:00:00+00:00,2024-01-29 11:30:00+00:00,9315
2024-01-30 08:00:00+00:00,2024-01-29 15:30:00+00:00,8879
2024-01-30 08:00:00+00:00,2024-01-29 18:30:00+00:00,8295
2024-01-30 08:00:00+00:00,2024-01-29 22:30:00+00:00,8300
2024-01-30 09:00:00+00:00,2024-01-28 02:30:00+00:00,10903
2024-01-30 09:00:00+00:00,2024-01-28 04:30:00+00:00,10900
2024-01-30 09:00:00+00:00,2024-01-28 07:30:00+00:00,10839
2024-01-30 09:00:00+00:00,2024-01-28 09:30:00+00:00,10836
2024-01-30 09:00:00+00:00,2024-01-28 11:30:00+00:00,10831
2024-01-30 09:00:00+00:00,2024-01-28 15:30:00+00:00,9909
2024-01-30 09:00:00+00:00,2024-01-28 18:30:00+00:00,9605
2024-01-30 09:00:00+00:00,2024-01-28 22:30:00+00:00,9593
2024-01-30 09:00:00+00:00,2024-01-29 02:30:00+00:00,9097
2024-01-30 09:00:00+00:00,2024-01-29 04:30:00+00:00,9082
2024-01-30 09:00:00+00:00,2024-01-29 07:30:00+00:00,9162
2024-01-30 09:00:00+00:00,2024-01-29 09:30:00+00:00,9157
2024-01-30 09:00:00+00:00,2024-01-29 11:30:00+00:00,9111
2024-01-30 09:00:00+00:00,2024-01-29 15:30:00+00:00,8793
2024-01-30 09:00:00+00:00,2024-01-29 18:30:00+00:00,8200
2024-01-30 09:00:00+00:00,2024-01-29 22:30:00+00:00,8205
2024-01-30 10:00:00+00:00,2024-01-28 02:30:00+00:00,10731
2024-01-30 10:00:00+00:00,2024-01-28 04:30:00+00:00,10731
2024-01-30 10:00:00+00:00,2024-01-28 07:30:00+00:00,10667
2024-01-30 10:00:00+00:00,2024-01-28 09:30:00+00:00,10663
2024-01-30 10:00:00+00:00,2024-01-28 11:30:00+00:00,10656
2024-01-30 10:00:00+00:00,2024-01-28 15:30:00+00:00,9693
2024-01-30 10:00:00+00:00,2024-01-28 18:30:00+00:00,8935
2024-01-30 10:00:00+00:00,2024-01-28 22:30:00+00:00,8922
2024-01-30 10:00:00+00:00,2024-01-29 02:30:00+00:00,8851
2024-01-30 10:00:00+00:00,2024-01-29 04:30:00+00:00,8846
2024-01-30 10:00:00+00:00,2024-01-29 07:30:00+00:00,9012
2024-01-30 10:00:00+00:00,2024-01-29 09:30:00+00:00,9009
2024-01-30 10:00:00+00:00,2024-01-29 11:30:00+00:00,8973
2024-01-30 10:00:00+00:00,2024-01-29 15:30:00+00:00,8673
2024-01-30 10:00:00+00:00,2024-01-29 18:30:00+00:00,8021
2024-01-30 10:00:00+00:00,2024-01-29 22:30:00+00:00,8025
2024-01-30 11:00:00+00:00,2024-01-28 02:30:00+00:00,10570
2024-01-30 11:00:00+00:00,2024-01-28 04:30:00+00:00,10574
2024-01-30 11:00:00+00:00,2024-01-28 07:30:00+00:00,10510
2024-01-30 11:00:00+00:00,2024-01-28 09:30:00+00:00,10506
2024-01-30 11:00:00+00:00,2024-01-28 11:30:00+00:00,10496
2024-01-30 11:00:00+00:00,2024-01-28 15:30:00+00:00,9500
2024-01-30 11:00:00+00:00,2024-01-28 18:30:00+00:00,8755
2024-01-30 11:00:00+00:00,2024-01-28 22:30:00+00:00,8741
2024-01-30 11:00:00+00:00,2024-01-29 02:30:00+00:00,8743
2024-01-30 11:00:00+00:00,2024-01-29 04:30:00+00:00,8737
2024-01-30 11:00:00+00:00,2024-01-29 07:30:00+00:00,8783
2024-01-30 11:00:00+00:00,2024-01-29 09:30:00+00:00,8781
2024-01-30 11:00:00+00:00,2024-01-29 11:30:00+00:00,8743
2024-01-30 11:00:00+00:00,2024-01-29 15:30:00+00:00,8439
2024-01-30 11:00:00+00:00,2024-01-29 18:30:00+00:00,7810
2024-01-30 11:00:00+00:00,2024-01-29 22:30:00+00:00,7816
2024-01-30 12:00:00+00:00,2024-01-28 02:30:00+00:00,10423
2024-01-30 12:00:00+00:00,2024-01-28 04:30:00+00:00,10429
2024-01-30 12:00:00+00:00,2024-01-28 07:30:00+00:00,10377
2024-01-30 12:00:00+00:00,2024-01-28 09:30:00+00:00,10373
2024-01-30 12:00:00+00:00,2024-01-28 11:30:00+00:00,10361
2024-01-30 12:00:00+00:00,2024-01-28 15:30:00+00:00,9340
2024-01-30 12:00:00+00:00,2024-01-28 18:30:00+00:00,8612
2024-01-30 12:00:00+00:00,2024-01-28 22:30:00+00:00,8597
2024-01-30 12:00:00+00:00,2024-01-29 02:30:00+00:00,8519
2024-01-30 12:00:00+00:00,2024-01-29 04:30:00+00:00,8506
2024-01-30 12:00:00+00:00,2024-01-29 07:30:00+00:00,8533
2024-01-30 12:00:00+00:00,2024-01-29 09:30:00+00:00,8533
2024-01-30 12:00:00+00:00,2024-01-29 11:30:00+00:00,8493
2024-01-30 12:00:00+00:00,2024-01-29 15:30:00+00:00,8256
2024-01-30 12:00:00+00:00,2024-01-29 18:30:00+00:00,7701
2024-01-30 12:00:00+00:00,2024-01-29 22:30:00+00:00,7706
2024-01-30 13:00:00+00:00,2024-01-28 02:30:00+00:00,10105
2024-01-30 13:00:00+00:00,2024-01-28 04:30:00+00:00,10114
2024-01-30 13:00:00+00:00,2024-01-28 07:30:00+00:00,10120
2024-01-30 13:00:00+00:00,2024-01-28 09:30:00+00:00,10115
2024-01-30 13:00:00+00:00,2024-01-28 11:30:00+00:00,10097
2024-01-30 13:00:00+00:00,2024-01-28 15:30:00+00:00,9102
2024-01-30 13:00:00+00:00,2024-01-28 18:30:00+00:00,8335
2024-01-30 13:00:00+00:00,2024-01-28 22:30:00+00:00,8319
2024-01-30 13:00:00+00:00,2024-01-29 02:30:00+00:00,8205
2024-01-30 13:00:00+00:00,2024-01-29 04:30:00+00:00,8200
2024-01-30 13:00:00+00:00,2024-01-29 07:30:00+00:00,8262
2024-01-30 13:00:00+00:00,2024-01-29 09:30:00+00:00,8262
2024-01-30 13:00:00+00:00,2024-01-29 11:30:00+00:00,8228
2024-01-30 13:00:00+00:00,2024-01-29 15:30:00+00:00,7987
2024-01-30 13:00:00+00:00,2024-01-29 18:30:00+00:00,7443
2024-01-30 13:00:00+00:00,2024-01-29 22:30:00+00:00,7446
2024-01-30 14:00:00+00:00,2024-01-28 02:30:00+00:00,9753
2024-01-30 14:00:00+00:00,2024-01-28 04:30:00+00:00,9766
2024-01-30 14:00:00+00:00,2024-01-28 07:30:00+00:00,9830
2024-01-30 14:00:00+00:00,2024-01-28 09:30:00+00:00,9822
2024-01-30 14:00:00+00:00,2024-01-28 11:30:00+00:00,9798
2024-01-30 14:00:00+00:00,2024-01-28 15:30:00+00:00,8843
2024-01-30 14:00:00+00:00,2024-01-28 18:30:00+00:00,8048
2024-01-30 14:00:00+00:00,2024-01-28 22:30:00+00:00,8032
2024-01-30 14:00:00+00:00,2024-01-29 02:30:00+00:00,7977
2024-01-30 14:00:00+00:00,2024-01-29 04:30:00+00:00,7970
2024-01-30 14:00:00+00:00,2024-01-29 07:30:00+00:00,7951
2024-01-30 14:00:00+00:00,2024-01-29 09:30:00+00:00,7951
2024-01-30 14:00:00+00:00,2024-01-29 11:30:00+00:00,7907
2024-01-30 14:00:00+00:00,2024-01-29 15:30:00+00:00,7566
2024-01-30 14:00:00+00:00,2024-01-29 18:30:00+00:00,7103
2024-01-30 14:00:00+00:00,2024-01-29 22:30:00+00:00,7105
2024-01-30 15:00:00+00:00,2024-01-28 02:30:00+00:00,9378
2024-01-30 15:00:00+00:00,2024-01-28 04:30:00+00:00,9395
2024-01-30 15:00:00+00:00,2024-01-28 07:30:00+00:00,9504
2024-01-30 15:00:00+00:00,2024-01-28 09:30:00+00:00,9495
2024-01-30 15:00:00+00:00,2024-01-28 11:30:00+00:00,9463
2024-01-30 15:00:00+00:00,2024-01-28 15:30:00+00:00,8569
2024-01-30 15:00:00+00:00,2024-01-28 18:30:00+00:00,7765
2024-01-30 15:00:00+00:00,2024-01-28 22:30:00+00:00,7751
2024-01-30 15:00:00+00:00,2024-01-29 02:30:00+00:00,7633
2024-01-30 15:00:00+00:00,2024-01-29 04:30:00+00:00,7628
2024-01-30 15:00:00+00:00,2024-01-29 07:30:00+00:00,7625
2024-01-30 15:00:00+00:00,2024-01-29 09:30:00+00:00,7626
2024-01-30 15:00:00+00:00,2024-01-29 11:30:00+00:00,7603
2024-01-30 15:00:00+00:00,2024-01-29 15:30:00+00:00,7300
2024-01-30 15:00:00+00:00,2024-01-29 18:30:00+00:00,6836
2024-01-30 15:00:00+00:00,2024-01-29 22:30:00+00:00,6837
2024-01-30 16:00:00+00:00,2024-01-28 02:30:00+00:00,9426
2024-01-30 16:00:00+00:00,2024-01-28 04:30:00+00:00,9436
2024-01-30 16:00:00+00:00,2024-01-28 07:30:00+00:00,9535
2024-01-30 16:00:00+00:00,2024-01-28 09:30:00+00:00,9525
2024-01-30 16:00:00+00:00,2024-01-28 11:30:00+00:00,9501
2024-01-30 16:00:00+00:00,2024-01-28 15:30:00+00:00,8548
2024-01-30 16:00:00+00:00,2024-01-28 18:30:00+00:00,7622
2024-01-30 16:00:00+00:00,2024-01-28 22:30:00+00:00,7610
2024-01-30 16:00:00+00:00,2024-01-29 02:30:00+00:00,7268
2024-01-30 16:00:00+00:00,2024-01-29 04:30:00+00:00,7258
2024-01-30 16:00:00+00:00,2024-01-29 07:30:00+00:00,7338
2024-01-30 16:00:00+00:00,2024-01-29 09:30:00+00:00,7340
2024-01-30 16:00:00+00:00,2024-01-29 11:30:00+00:00,7331
2024-01-30 16:00:00+00:00,2024-01-29 15:30:00+00:00,7049
2024-01-30 16:00:00+00:00,2024-01-29 18:30:00+00:00,6709
2024-01-30 16:00:00+00:00,2024-01-29 22:30:00+00:00,6711
2024-01-30 17:00:00+00:00,2024-01-28 02:30:00+00:00,9441
2024-01-30 17:00:00+00:00,2024-01-28 04:30:00+00:00,9443
2024-01-30 17:00:00+00:00,2024-01-28 07:30:00+00:00,9512
2024-01-30 17:00:00+00:00,2024-01-28 09:30:00+00:00,9504
2024-01-30 17:00:00+00:00,2024-01-28 11:30:00+00:00,9487
2024-01-30 17:00:00+00:00,2024-01-28 15:30:00+00:00,8489
2024-01-30 17:00:00+00:00,2024-01-28 18:30:00+00:00,7474
2024-01-30 17:00:00+00:00,2024-01-28 22:30:00+00:00,7464
2024-01-30 17:00:00+00:00,2024-01-29 02:30:00+00:00,7077
2024-01-30 17:00:00+00:00,2024-01-29 04:30:00+00:00,7066
2024-01-30 17:00:00+00:00,2024-01-29 07:30:00+00:00,7027
2024-01-30 17:00:00+00:00,2024-01-29 09:30:00+00:00,7029
2024-01-30 17:00:00+00:00,2024-01-29 11:30:00+00:00,7024
2024-01-30 17:00:00+00:00,2024-01-29 15:30:00+00:00,6728
2024-01-30 17:00:00+00:00,2024-01-29 18:30:00+00:00,6641
2024-01-30 17:00:00+00:00,2024-01-29 22:30:00+00:00,6642
2024-01-30 18:00:00+00:00,2024-01-28 02:30:00+00:00,9419
2024-01-30 18:00:00+00:00,2024-01-28 04:30:00+00:00,9415
2024-01-30 18:00:00+00:00,2024-01-28 07:30:00+00:00,9423
2024-01-30 18:00:00+00:00,2024-01-28 09:30:00+00:00,9416
2024-01-30 18:00:00+00:00,2024-01-28 11:30:00+00:00,9406
2024-01-30 18:00:00+00:00,2024-01-28 15:30:00+00:00,8388
2024-01-30 18:00:00+00:00,2024-01-28 18:30:00+00:00,7335
2024-01-30 18:00:00+00:00,2024-01-28 22:30:00+00:00,7328
2024-01-30 18:00:00+00:00,2024-01-29 02:30:00+00:00,6937
2024-01-30 18:00:00+00:00,2024-01-29 04:30:00+00:00,6927
2024-01-30 18:00:00+00:00,2024-01-29 07:30:00+00:00,6940
2024-01-30 18:00:00+00:00,2024-01-29 09:30:00+00:00,6941
2024-01-30 18:00:00+00:00,2024-01-29 11:30:00+00:00,6935
2024-01-30 18:00:00+00:00,2024-01-29 15:30:00+00:00,6728
2024-01-30 18:00:00+00:00,2024-01-29 18:30:00+00:00,6717
2024-01-30 18:00:00+00:00,2024-01-29 22:30:00+00:00,6717
2024-01-30 19:00:00+00:00,2024-01-28 02:30:00+00:00,9883
2024-01-30 19:00:00+00:00,2024-01-28 04:30:00+00:00,9879
2024-01-30 19:00:00+00:00,2024-01-28 07:30:00+00:00,9912
2024-01-30 19:00:00+00:00,2024-01-28 09:30:00+00:00,9907
2024-01-30 19:00:00+00:00,2024-01-28 11:30:00+00:00,9899
2024-01-30 19:00:00+00:00,2024-01-28 15:30:00+00:00,8890
2024-01-30 19:00:00+00:00,2024-01-28 18:30:00+00:00,7726
2024-01-30 19:00:00+00:00,2024-01-28 22:30:00+00:00,7718
2024-01-30 19:00:00+00:00,2024-01-29 02:30:00+00:00,7203
2024-01-30 19:00:00+00:00,2024-01-29 04:30:00+00:00,7195
2024-01-30 19:00:00+00:00,2024-01-29 07:30:00+00:00,6969
2024-01-30 19:00:00+00:00,2024-01-29 09:30:00+00:00,6970
2024-01-30 19:00:00+00:00,2024-01-29 11:30:00+00:00,6969
2024-01-30 19:00:00+00:00,2024-01-29 15:30:00+00:00,6866
2024-01-30 19:00:00+00:00,2024-01-29 18:30:00+00:00,6982
2024-01-30 19:00:00+00:00,2024-01-29 22:30:00+00:00,6982
2024-01-30 20:00:00+00:00,2024-01-28 02:30:00+00:00,10291
2024-01-30 20:00:00+00:00,2024-01-28 04:30:00+00:00,10287
2024-01-30 20:00:00+00:00,2024-01-28 07:30:00+00:00,10305
2024-01-30 20:00:00+00:00,2024-01-28 09:30:00+00:00,10301
2024-01-30 20:00:00+00:00,2024-01-28 11:30:00+00:00,10296
2024-01-30 20:00:00+00:00,2024-01-28 15:30:00+00:00,9325
2024-01-30 20:00:00+00:00,2024-01-28 18:30:00+00:00,8089
2024-01-30 20:00:00+00:00,2024-01-28 22:30:00+00:00,8081
2024-01-30 20:00:00+00:00,2024-01-29 02:30:00+00:00,7466
2024-01-30 20:00:00+00:00,2024-01-29 04:30:00+00:00,7459
2024-01-30 20:00:00+00:00,2024-01-29 07:30:00+00:00,7110
2024-01-30 20:00:00+00:00,2024-01-29 09:30:00+00:00,7111
2024-01-30 20:00:00+00:00,2024-01-29 11:30:00+00:00,7109
2024-01-30 20:00:00+00:00,2024-01-29 15:30:00+00:00,7092
2024-01-30 20:00:00+00:00,2024-01-29 18:30:00+00:00,7211
2024-01-30 20:00:00+00:00,2024-01-29 22:30:00+00:00,7211
2024-01-30 21:00:00+00:00,2024-01-28 02:30:00+00:00,10642
2024-01-30 21:00:00+00:00,2024-01-28 04:30:00+00:00,10638
2024-01-30 21:00:00+00:00,2024-01-28 07:30:00+00:00,10640
2024-01-30 21:00:00+00:00,2024-01-28 09:30:00+00:00,10636
2024-01-30 21:00:00+00:00,2024-01-28 11:30:00+00:00,10634
2024-01-30 21:00:00+00:00,2024-01-28 15:30:00+00:00,9725
2024-01-30 21:00:00+00:00,2024-01-28 18:30:00+00:00,8465
2024-01-30 21:00:00+00:00,2024-01-28 22:30:00+00:00,8456
2024-01-30 21:00:00+00:00,2024-01-29 02:30:00+00:00,7777
2024-01-30 21:00:00+00:00,2024-01-29 04:30:00+00:00,7772
2024-01-30 21:00:00+00:00,2024-01-29 07:30:00+00:00,7490
2024-01-30 21:00:00+00:00,2024-01-29 09:30:00+00:00,7490
2024-01-30 21:00:00+00:00,2024-01-29 11:30:00+00:00,7485
2024-01-30 21:00:00+00:00,2024-01-29 15:30:00+00:00,7430
2024-01-30 21:00:00+00:00,2024-01-29 18:30:00+00:00,7592
2024-01-30 21:00:00+00:00,2024-01-29 22:30:00+00:00,7592
2024-01-30 21:00:00+00:00,2024-01-30 02:30:00+00:00,8119
2024-01-30 21:00:00+00:00,2024-01-30 04:30:00+00:00,8122
2024-01-30 21:00:00+00:00,2024-01-30 07:30:00+00:00,8647
2024-01-30 21:00:00+00:00,2024-01-30 09:30:00+00:00,8647
2024-01-30 21:00:00+00:00,2024-01-30 11:30:00+00:00,8647
2024-01-30 21:00:00+00:00,2024-01-30 15:30:00+00:00,8753
2024-01-30 21:00:00+00:00,2024-01-30 18:30:00+00:00,8468
2024-01-30 21:00:00+00:00,2024-01-30 22:30:00+00:00,8434
2024-01-30 22:00:00+00:00,2024-01-29 02:30:00+00:00,8518
2024-01-30 22:00:00+00:00,2024-01-29 04:30:00+00:00,8512
2024-01-30 22:00:00+00:00,2024-01-29 07:30:00+00:00,8017
2024-01-30 22:00:00+00:00,2024-01-29 09:30:00+00:00,8016
2024-01-30 22:00:00+00:00,2024-01-29 11:30:00+00:00,8003
2024-01-30 22:00:00+00:00,2024-01-29 15:30:00+00:00,8072
2024-01-30 22:00:00+00:00,2024-01-29 18:30:00+00:00,8194
2024-01-30 22:00:00+00:00,2024-01-29 22:30:00+00:00,8195
2024-01-30 22:00:00+00:00,2024-01-30 02:30:00+00:00,8710
2024-01-30 22:00:00+00:00,2024-01-30 04:30:00+00:00,8711
2024-01-30 22:00:00+00:00,2024-01-30 07:30:00+00:00,9282
2024-01-30 22:00:00+00:00,2024-01-30 09:30:00+00:00,9283
2024-01-30 22:00:00+00:00,2024-01-30 11:30:00+00:00,9283
2024-01-30 22:00:00+00:00,2024-01-30 15:30:00+00:00,9470
2024-01-30 22:00:00+00:00,2024-01-30 18:30:00+00:00,9248
2024-01-30 22:00:00+00:00,2024-01-30 22:30:00+00:00,9209
2024-01-30 23:00:00+00:00,2024-01-29 02:30:00+00:00,9237
2024-01-30 23:00:00+00:00,2024-01-29 04:30:00+00:00,9229
2024-01-30 23:00:00+00:00,2024-01-29 07:30:00+00:00,8697
2024-01-30 23:00:00+00:00,2024-01-29 09:30:00+00:00,8696
2024-01-30 23:00:00+00:00,2024-01-29 11:30:00+00:00,8678
2024-01-30 23:00:00+00:00,2024-01-29 15:30:00+00:00,8657
2024-01-30 23:00:00+00:00,2024-01-29 18:30:00+00:00,8786
2024-01-30 23:00:00+00:00,2024-01-29 22:30:00+00:00,8787
2024-01-30 23:00:00+00:00,2024-01-30 02:30:00+00:00,9285
2024-01-30 23:00:00+00:00,2024-01-30 04:30:00+00:00,9287
2024-01-30 23:00:00+00:00,2024-01-30 07:30:00+00:00,9806
2024-01-30 23:00:00+00:00,2024-01-30 09:30:00+00:00,9807
2024-01-30 23:00:00+00:00,2024-01-30 11:30:00+00:00,9807
2024-01-30 23:00:00+00:00,2024-01-30 15:30:00+00:00,10036
2024-01-30 23:00:00+00:00,2024-01-30 18:30:00+00:00,9820
2024-01-30 23:00:00+00:00,2024-01-30 22:30:00+00:00,9778
2024-01-31 00:00:00+00:00,2024-01-29 02:30:00+00:00,9915
2024-01-31 00:00:00+00:00,2024-01-29 04:30:00+00:00,9906
2024-01-31 00:00:00+00:00,2024-01-29 07:30:00+00:00,9354
2024-01-31 00:00:00+00:00,2024-01-29 09:30:00+00:00,9352
2024-01-31 00:00:00+00:00,2024-01-29 11:30:00+00:00,9336
2024-01-31 00:00:00+00:00,2024-01-29 15:30:00+00:00,9336
2024-01-31 00:00:00+00:00,2024-01-29 18:30:00+00:00,9365
2024-01-31 00:00:00+00:00,2024-01-29 22:30:00+00:00,9366
2024-01-31 00:00:00+00:00,2024-01-30 02:30:00+00:00,9844
2024-01-31 00:00:00+00:00,2024-01-30 04:30:00+00:00,9846
2024-01-31 00:00:00+00:00,2024-01-30 07:30:00+00:00,10297
2024-01-31 00:00:00+00:00,2024-01-30 09:30:00+00:00,10298
2024-01-31 00:00:00+00:00,2024-01-30 11:30:00+00:00,10299
2024-01-31 00:00:00+00:00,2024-01-30 15:30:00+00:00,10455
2024-01-31 00:00:00+00:00,2024-01-30 18:30:00+00:00,10192
2024-01-31 00:00:00+00:00,2024-01-30 22:30:00+00:00,10152
2024-01-31 01:00:00+00:00,2024-01-29 02:30:00+00:00,10752
2024-01-31 01:00:00+00:00,2024-01-29 04:30:00+00:00,10743
2024-01-31 01:00:00+00:00,2024-01-29 07:30:00+00:00,10145
2024-01-31 01:00:00+00:00,2024-01-29 09:30:00+00:00,10143
2024-01-31 01:00:00+00:00,2024-01-29 11:30:00+00:00,10122
2024-01-31 01:00:00+00:00,2024-01-29 15:30:00+00:00,9982
2024-01-31 01:00:00+00:00,2024-01-29 18:30:00+00:00,9881
2024-01-31 01:00:00+00:00,2024-01-29 22:30:00+00:00,9882
2024-01-31 01:00:00+00:00,2024-01-30 02:30:00+00:00,10281
2024-01-31 01:00:00+00:00,2024-01-30 04:30:00+00:00,10281
2024-01-31 01:00:00+00:00,2024-01-30 07:30:00+00:00,10667
2024-01-31 01:00:00+00:00,2024-01-30 09:30:00+00:00,10668
2024-01-31 01:00:00+00:00,2024-01-30 11:30:00+00:00,10668
2024-01-31 01:00:00+00:00,2024-01-30 15:30:00+00:00,10840
2024-01-31 01:00:00+00:00,2024-01-30 18:30:00+00:00,10569
2024-01-31 01:00:00+00:00,2024-01-30 22:30:00+00:00,10529
2024-01-31 02:00:00+00:00,2024-01-29 02:30:00+00:00,11381
2024-01-31 02:00:00+00:00,2024-01-29 04:30:00+00:00,11371
2024-01-31 02:00:00+00:00,2024-01-29 07:30:00+00:00,10731
2024-01-31 02:00:00+00:00,2024-01-29 09:30:00+00:00,10729
2024-01-31 02:00:00+00:00,2024-01-29 11:30:00+00:00,10710
2024-01-31 02:00:00+00:00,2024-01-29 15:30:00+00:00,10629
2024-01-31 02:00:00+00:00,2024-01-29 18:30:00+00:00,10443
2024-01-31 02:00:00+00:00,2024-01-29 22:30:00+00:00,10444
2024-01-31 02:00:00+00:00,2024-01-30 02:30:00+00:00,10719
2024-01-31 02:00:00+00:00,2024-01-30 04:30:00+00:00,10720
2024-01-31 02:00:00+00:00,2024-01-30 07:30:00+00:00,11000
2024-01-31 02:00:00+00:00,2024-01-30 09:30:00+00:00,11001
2024-01-31 02:00:00+00:00,2024-01-30 11:30:00+00:00,11002
2024-01-31 02:00:00+00:00,2024-01-30 15:30:00+00:00,11161
2024-01-31 02:00:00+00:00,2024-01-30 18:30:00+00:00,11010
2024-01-31 02:00:00+00:00,2024-01-30 22:30:00+00:00,10970
2024-01-31 03:00:00+00:00,2024-01-29 02:30:00+00:00,12109
2024-01-31 03:00:00+00:00,2024-01-29 04:30:00+00:00,12099
2024-01-31 03:00:00+00:00,2024-01-29 07:30:00+00:00,11417
2024-01-31 03:00:00+00:00,2024-01-29 09:30:00+00:00,11415
2024-01-31 03:00:00+00:00,2024-01-29 11:30:00+00:00,11402
2024-01-31 03:00:00+00:00,2024-01-29 15:30:00+00:00,11268
2024-01-31 03:00:00+00:00,2024-01-29 18:30:00+00:00,11019
2024-01-31 03:00:00+00:00,2024-01-29 22:30:00+00:00,11020
2024-01-31 03:00:00+00:00,2024-01-30 02:30:00+00:00,11301
2024-01-31 03:00:00+00:00,2024-01-30 04:30:00+00:00,11304
2024-01-31 03:00:00+00:00,2024-01-30 07:30:00+00:00,11408
2024-01-31 03:00:00+00:00,2024-01-30 09:30:00+00:00,11408
2024-01-31 03:00:00+00:00,2024-01-30 11:30:00+00:00,11410
2024-01-31 03:00:00+00:00,2024-01-30 15:30:00+00:00,11547
2024-01-31 03:00:00+00:00,2024-01-30 18:30:00+00:00,11522
2024-01-31 03:00:00+00:00,2024-01-30 22:30:00+00:00,11477
2024-01-31 04:00:00+00:00,2024-01-29 02:30:00+00:00,12967
2024-01-31 04:00:00+00:00,2024-01-29 04:30:00+00:00,12956
2024-01-31 04:00:00+00:00,2024-01-29 07:30:00+00:00,12331
2024-01-31 04:00:00+00:00,2024-01-29 09:30:00+00:00,12329
2024-01-31 04:00:00+00:00,2024-01-29 11:30:00+00:00,12319
2024-01-31 04:00:00+00:00,2024-01-29 15:30:00+00:00,12348
2024-01-31 04:00:00+00:00,2024-01-29 18:30:00+00:00,11789
2024-01-31 04:00:00+00:00,2024-01-29 22:30:00+00:00,11790
2024-01-31 04:00:00+00:00,2024-01-30 02:30:00+00:00,11912
2024-01-31 04:00:00+00:00,2024-01-30 04:30:00+00:00,11913
2024-01-31 04:00:00+00:00,2024-01-30 07:30:00+00:00,12104
2024-01-31 04:00:00+00:00,2024-01-30 09:30:00+00:00,12105
2024-01-31 04:00:00+00:00,2024-01-30 11:30:00+00:00,12109
2024-01-31 04:00:00+00:00,2024-01-30 15:30:00+00:00,12083
2024-01-31 04:00:00+00:00,2024-01-30 18:30:00+00:00,12110
2024-01-31 04:00:00+00:00,2024-01-30 22:30:00+00:00,12053
2024-01-31 05:00:00+00:00,2024-01-29 02:30:00+00:00,13812
2024-01-31 05:00:00+00:00,2024-01-29 04:30:00+00:00,13800
2024-01-31 05:00:00+00:00,2024-01-29 07:30:00+00:00,13151
2024-01-31 05:00:00+00:00,2024-01-29 09:30:00+00:00,13148
2024-01-31 05:00:00+00:00,2024-01-29 11:30:00+00:00,13142
2024-01-31 05:00:00+00:00,2024-01-29 15:30:00+00:00,13175
2024-01-31 05:00:00+00:00,2024-01-29 18:30:00+00:00,12307
2024-01-31 05:00:00+00:00,2024-01-29 22:30:00+00:00,12309
2024-01-31 05:00:00+00:00,2024-01-30 02:30:00+00:00,12295
2024-01-31 05:00:00+00:00,2024-01-30 04:30:00+00:00,12296
2024-01-31 05:00:00+00:00,2024-01-30 07:30:00+00:00,12535
2024-01-31 05:00:00+00:00,2024-01-30 09:30:00+00:00,12536
2024-01-31 05:00:00+00:00,2024-01-30 11:30:00+00:00,12542
2024-01-31 05:00:00+00:00,2024-01-30 15:30:00+00:00,12519
2024-01-31 05:00:00+00:00,2024-01-30 18:30:00+00:00,12898
2024-01-31 05:00:00+00:00,2024-01-30 22:30:00+00:00,12822
2024-01-31 06:00:00+00:00,2024-01-29 02:30:00+00:00,14552
2024-01-31 06:00:00+00:00,2024-01-29 04:30:00+00:00,14541
2024-01-31 06:00:00+00:00,2024-01-29 07:30:00+00:00,13959
2024-01-31 06:00:00+00:00,2024-01-29 09:30:00+00:00,13956
2024-01-31 06:00:00+00:00,2024-01-29 11:30:00+00:00,13954
2024-01-31 06:00:00+00:00,2024-01-29 15:30:00+00:00,13726
2024-01-31 06:00:00+00:00,2024-01-29 18:30:00+00:00,12966
2024-01-31 06:00:00+00:00,2024-01-29 22:30:00+00:00,12966
2024-01-31 06:00:00+00:00,2024-01-30 02:30:00+00:00,12773
2024-01-31 06:00:00+00:00,2024-01-30 04:30:00+00:00,12776
2024-01-31 06:00:00+00:00,2024-01-30 07:30:00+00:00,12937
2024-01-31 06:00:00+00:00,2024-01-30 09:30:00+00:00,12939
2024-01-31 06:00:00+00:00,2024-01-30 11:30:00+00:00,12943
2024-01-31 06:00:00+00:00,2024-01-30 15:30:00+00:00,13125
2024-01-31 06:00:00+00:00,2024-01-30 18:30:00+00:00,13398
2024-01-31 06:00:00+00:00,2024-01-30 22:30:00+00:00,13307
2024-01-31 07:00:00+00:00,2024-01-29 02:30:00+00:00,15148
2024-01-31 07:00:00+00:00,2024-01-29 04:30:00+00:00,15132
2024-01-31 07:00:00+00:00,2024-01-29 07:30:00+00:00,14548
2024-01-31 07:00:00+00:00,2024-01-29 09:30:00+00:00,14545
2024-01-31 07:00:00+00:00,2024-01-29 11:30:00+00:00,14540
2024-01-31 07:00:00+00:00,2024-01-29 15:30:00+00:00,14599
2024-01-31 07:00:00+00:00,2024-01-29 18:30:00+00:00,13649
2024-01-31 07:00:00+00:00,2024-01-29 22:30:00+00:00,13649
2024-01-31 07:00:00+00:00,2024-01-30 02:30:00+00:00,13579
2024-01-31 07:00:00+00:00,2024-01-30 04:30:00+00:00,13580
2024-01-31 07:00:00+00:00,2024-01-30 07:30:00+00:00,13798
2024-01-31 07:00:00+00:00,2024-01-30 09:30:00+00:00,13800
2024-01-31 07:00:00+00:00,2024-01-30 11:30:00+00:00,13807
2024-01-31 07:00:00+00:00,2024-01-30 15:30:00+00:00,13708
2024-01-31 07:00:00+00:00,2024-01-30 18:30:00+00:00,14013
2024-01-31 07:00:00+00:00,2024-01-30 22:30:00+00:00,13909
2024-01-31 08:00:00+00:00,2024-01-29 02:30:00+00:00,15216
2024-01-31 08:00:00+00:00,2024-01-29 04:30:00+00:00,15197
2024-01-31 08:00:00+00:00,2024-01-29 07:30:00+00:00,14675
2024-01-31 08:00:00+00:00,2024-01-29 09:30:00+00:00,14673
2024-01-31 08:00:00+00:00,2024-01-29 11:30:00+00:00,14664
2024-01-31 08:00:00+00:00,2024-01-29 15:30:00+00:00,14761
2024-01-31 08:00:00+00:00,2024-01-29 18:30:00+00:00,14330
2024-01-31 08:00:00+00:00,2024-01-29 22:30:00+00:00,14333
2024-01-31 08:00:00+00:00,2024-01-30 02:30:00+00:00,14151
2024-01-31 08:00:00+00:00,2024-01-30 04:30:00+00:00,14152
2024-01-31 08:00:00+00:00,2024-01-30 07:30:00+00:00,14281
2024-01-31 08:00:00+00:00,2024-01-30 09:30:00+00:00,14283
2024-01-31 08:00:00+00:00,2024-01-30 11:30:00+00:00,14287
2024-01-31 08:00:00+00:00,2024-01-30 15:30:00+00:00,14418
2024-01-31 08:00:00+00:00,2024-01-30 18:30:00+00:00,14674
2024-01-31 08:00:00+00:00,2024-01-30 22:30:00+00:00,14561
2024-01-31 09:00:00+00:00,2024-01-29 02:30:00+00:00,15545
2024-01-31 09:00:00+00:00,2024-01-29 04:30:00+00:00,15524
2024-01-31 09:00:00+00:00,2024-01-29 07:30:00+00:00,15259
2024-01-31 09:00:00+00:00,2024-01-29 09:30:00+00:00,15259
2024-01-31 09:00:00+00:00,2024-01-29 11:30:00+00:00,15245
2024-01-31 09:00:00+00:00,2024-01-29 15:30:00+00:00,15188
2024-01-31 09:00:00+00:00,2024-01-29 18:30:00+00:00,14640
2024-01-31 09:00:00+00:00,2024-01-29 22:30:00+00:00,14642
2024-01-31 09:00:00+00:00,2024-01-30 02:30:00+00:00,14809
2024-01-31 09:00:00+00:00,2024-01-30 04:30:00+00:00,14817
2024-01-31 09:00:00+00:00,2024-01-30 07:30:00+00:00,14985
2024-01-31 09:00:00+00:00,2024-01-30 09:30:00+00:00,14986
2024-01-31 09:00:00+00:00,2024-01-30 11:30:00+00:00,14989
2024-01-31 09:00:00+00:00,2024-01-30 15:30:00+00:00,14888
2024-01-31 09:00:00+00:00,2024-01-30 18:30:00+00:00,15030
2024-01-31 09:00:00+00:00,2024-01-30 22:30:00+00:00,14912
2024-01-31 10:00:00+00:00,2024-01-29 02:30:00+00:00,16274
2024-01-31 10:00:00+00:00,2024-01-29 04:30:00+00:00,16259
2024-01-31 10:00:00+00:00,2024-01-29 07:30:00+00:00,15933
2024-01-31 10:00:00+00:00,2024-01-29 09:30:00+00:00,15931
2024-01-31 10:00:00+00:00,2024-01-29 11:30:00+00:00,15915
2024-01-31 10:00:00+00:00,2024-01-29 15:30:00+00:00,15875
2024-01-31 10:00:00+00:00,2024-01-29 18:30:00+00:00,15347
2024-01-31 10:00:00+00:00,2024-01-29 22:30:00+00:00,15347
2024-01-31 10:00:00+00:00,2024-01-30 02:30:00+00:00,15409
2024-01-31 10:00:00+00:00,2024-01-30 04:30:00+00:00,15409
2024-01-31 10:00:00+00:00,2024-01-30 07:30:00+00:00,15328
2024-01-31 10:00:00+00:00,2024-01-30 09:30:00+00:00,15328
2024-01-31 10:00:00+00:00,2024-01-30 11:30:00+00:00,15362
2024-01-31 10:00:00+00:00,2024-01-30 15:30:00+00:00,15253
2024-01-31 10:00:00+00:00,2024-01-30 18:30:00+00:00,15577
2024-01-31 10:00:00+00:00,2024-01-30 22:30:00+00:00,15453
2024-01-31 11:00:00+00:00,2024-01-29 02:30:00+00:00,16822
2024-01-31 11:00:00+00:00,2024-01-29 04:30:00+00:00,16815
2024-01-31 11:00:00+00:00,2024-01-29 07:30:00+00:00,16538
2024-01-31 11:00:00+00:00,2024-01-29 09:30:00+00:00,16535
2024-01-31 11:00:00+00:00,2024-01-29 11:30:00+00:00,16521
2024-01-31 11:00:00+00:00,2024-01-29 15:30:00+00:00,16581
2024-01-31 11:00:00+00:00,2024-01-29 18:30:00+00:00,15921
2024-01-31 11:00:00+00:00,2024-01-29 22:30:00+00:00,15918
2024-01-31 11:00:00+00:00,2024-01-30 02:30:00+00:00,16069
2024-01-31 11:00:00+00:00,2024-01-30 04:30:00+00:00,16069
2024-01-31 11:00:00+00:00,2024-01-30 07:30:00+00:00,15138
2024-01-31 11:00:00+00:00,2024-01-30 09:30:00+00:00,15134
2024-01-31 11:00:00+00:00,2024-01-30 11:30:00+00:00,15157
2024-01-31 11:00:00+00:00,2024-01-30 15:30:00+00:00,14660
2024-01-31 11:00:00+00:00,2024-01-30 18:30:00+00:00,14900
2024-01-31 11:00:00+00:00,2024-01-30 22:30:00+00:00,14782
2024-01-31 12:00:00+00:00,2024-01-29 02:30:00+00:00,17281
2024-01-31 12:00:00+00:00,2024-01-29 04:30:00+00:00,17279
2024-01-31 12:00:00+00:00,2024-01-29 07:30:00+00:00,17065
2024-01-31 12:00:00+00:00,2024-01-29 09:30:00+00:00,17062
2024-01-31 12:00:00+00:00,2024-01-29 11:30:00+00:00,17053
2024-01-31 12:00:00+00:00,2024-01-29 15:30:00+00:00,17015
2024-01-31 12:00:00+00:00,2024-01-29 18:30:00+00:00,16159
2024-01-31 12:00:00+00:00,2024-01-29 22:30:00+00:00,16155
2024-01-31 12:00:00+00:00,2024-01-30 02:30:00+00:00,15303
2024-01-31 12:00:00+00:00,2024-01-30 04:30:00+00:00,15313
2024-01-31 12:00:00+00:00,2024-01-30 07:30:00+00:00,15638
2024-01-31 12:00:00+00:00,2024-01-30 09:30:00+00:00,15636
2024-01-31 12:00:00+00:00,2024-01-30 11:30:00+00:00,15645
2024-01-31 12:00:00+00:00,2024-01-30 15:30:00+00:00,15459
2024-01-31 12:00:00+00:00,2024-01-30 18:30:00+00:00,15775
2024-01-31 12:00:00+00:00,2024-01-30 22:30:00+00:00,15656
2024-01-31 13:00:00+00:00,2024-01-29 02:30:00+00:00,17668
2024-01-31 13:00:00+00:00,2024-01-29 04:30:00+00:00,17667
2024-01-31 13:00:00+00:00,2024-01-29 07:30:00+00:00,17489
2024-01-31 13:00:00+00:00,2024-01-29 09:30:00+00:00,17487
2024-01-31 13:00:00+00:00,2024-01-29 11:30:00+00:00,17479
2024-01-31 13:00:00+00:00,2024-01-29 15:30:00+00:00,17542
2024-01-31 13:00:00+00:00,2024-01-29 18:30:00+00:00,17017
2024-01-31 13:00:00+00:00,2024-01-29 22:30:00+00:00,17014
2024-01-31 13:00:00+00:00,2024-01-30 02:30:00+00:00,17756
2024-01-31 13:00:00+00:00,2024-01-30 04:30:00+00:00,17757
2024-01-31 13:00:00+00:00,2024-01-30 07:30:00+00:00,18046
2024-01-31 13:00:00+00:00,2024-01-30 09:30:00+00:00,18047
2024-01-31 13:00:00+00:00,2024-01-30 11:30:00+00:00,18057
2024-01-31 13:00:00+00:00,2024-01-30 15:30:00+00:00,18116
2024-01-31 13:00:00+00:00,2024-01-30 18:30:00+00:00,18238
2024-01-31 13:00:00+00:00,2024-01-30 22:30:00+00:00,18116
2024-01-31 14:00:00+00:00,2024-01-29 02:30:00+00:00,18417
2024-01-31 14:00:00+00:00,2024-01-29 04:30:00+00:00,18418
2024-01-31 14:00:00+00:00,2024-01-29 07:30:00+00:00,18406
2024-01-31 14:00:00+00:00,2024-01-29 09:30:00+00:00,18404
2024-01-31 14:00:00+00:00,2024-01-29 11:30:00+00:00,18399
2024-01-31 14:00:00+00:00,2024-01-29 15:30:00+00:00,18122
2024-01-31 14:00:00+00:00,2024-01-29 18:30:00+00:00,17411
2024-01-31 14:00:00+00:00,2024-01-29 22:30:00+00:00,17409
2024-01-31 14:00:00+00:00,2024-01-30 02:30:00+00:00,18204
2024-01-31 14:00:00+00:00,2024-01-30 04:30:00+00:00,18206
2024-01-31 14:00:00+00:00,2024-01-30 07:30:00+00:00,18297
2024-01-31 14:00:00+00:00,2024-01-30 09:30:00+00:00,18302
2024-01-31 14:00:00+00:00,2024-01-30 11:30:00+00:00,18319
2024-01-31 14:00:00+00:00,2024-01-30 15:30:00+00:00,18474
2024-01-31 14:00:00+00:00,2024-01-30 18:30:00+00:00,18605
2024-01-31 14:00:00+00:00,2024-01-30 22:30:00+00:00,18483
2024-01-31 15:00:00+00:00,2024-01-29 02:30:00+00:00,18720
2024-01-31 15:00:00+00:00,2024-01-29 04:30:00+00:00,18722
2024-01-31 15:00:00+00:00,2024-01-29 07:30:00+00:00,18584
2024-01-31 15:00:00+00:00,2024-01-29 09:30:00+00:00,18583
2024-01-31 15:00:00+00:00,2024-01-29 11:30:00+00:00,18579
2024-01-31 15:00:00+00:00,2024-01-29 15:30:00+00:00,18683
2024-01-31 15:00:00+00:00,2024-01-29 18:30:00+00:00,18023
2024-01-31 15:00:00+00:00,2024-01-29 22:30:00+00:00,18021
2024-01-31 15:00:00+00:00,2024-01-30 02:30:00+00:00,18272
2024-01-31 15:00:00+00:00,2024-01-30 04:30:00+00:00,18293
2024-01-31 15:00:00+00:00,2024-01-30 07:30:00+00:00,18292
2024-01-31 15:00:00+00:00,2024-01-30 09:30:00+00:00,18300
2024-01-31 15:00:00+00:00,2024-01-30 11:30:00+00:00,18314
2024-01-31 15:00:00+00:00,2024-01-30 15:30:00+00:00,18465
2024-01-31 15:00:00+00:00,2024-01-30 18:30:00+00:00,18521
2024-01-31 15:00:00+00:00,2024-01-30 22:30:00+00:00,18400
2024-01-31 16:00:00+00:00,2024-01-29 02:30:00+00:00,18487
2024-01-31 16:00:00+00:00,2024-01-29 04:30:00+00:00,18489
2024-01-31 16:00:00+00:00,2024-01-29 07:30:00+00:00,18432
2024-01-31 16:00:00+00:00,2024-01-29 09:30:00+00:00,18430
2024-01-31 16:00:00+00:00,2024-01-29 11:30:00+00:00,18430
2024-01-31 16:00:00+00:00,2024-01-29 15:30:00+00:00,18544
2024-01-31 16:00:00+00:00,2024-01-29 18:30:00+00:00,18145
2024-01-31 16:00:00+00:00,2024-01-29 22:30:00+00:00,18145
2024-01-31 16:00:00+00:00,2024-01-30 02:30:00+00:00,18240
2024-01-31 16:00:00+00:00,2024-01-30 04:30:00+00:00,18251
2024-01-31 16:00:00+00:00,2024-01-30 07:30:00+00:00,18011
2024-01-31 16:00:00+00:00,2024-01-30 09:30:00+00:00,18020
2024-01-31 16:00:00+00:00,2024-01-30 11:30:00+00:00,18046
2024-01-31 16:00:00+00:00,2024-01-30 15:30:00+00:00,18128
2024-01-31 16:00:00+00:00,2024-01-30 18:30:00+00:00,18333
2024-01-31 16:00:00+00:00,2024-01-30 22:30:00+00:00,18211
2024-01-31 17:00:00+00:00,2024-01-29 02:30:00+00:00,18081
2024-01-31 17:00:00+00:00,2024-01-29 04:30:00+00:00,18082
2024-01-31 17:00:00+00:00,2024-01-29 07:30:00+00:00,18155
2024-01-31 17:00:00+00:00,2024-01-29 09:30:00+00:00,18153
2024-01-31 17:00:00+00:00,2024-01-29 11:30:00+00:00,18154
2024-01-31 17:00:00+00:00,2024-01-29 15:30:00+00:00,18276
2024-01-31 17:00:00+00:00,2024-01-29 18:30:00+00:00,17931
2024-01-31 17:00:00+00:00,2024-01-29 22:30:00+00:00,17932
2024-01-31 17:00:00+00:00,2024-01-30 02:30:00+00:00,18080
2024-01-31 17:00:00+00:00,2024-01-30 04:30:00+00:00,18085
2024-01-31 17:00:00+00:00,2024-01-30 07:30:00+00:00,17819
2024-01-31 17:00:00+00:00,2024-01-30 09:30:00+00:00,17825
2024-01-31 17:00:00+00:00,2024-01-30 11:30:00+00:00,17836
2024-01-31 17:00:00+00:00,2024-01-30 15:30:00+00:00,17920
2024-01-31 17:00:00+00:00,2024-01-30 18:30:00+00:00,18112
2024-01-31 17:00:00+00:00,2024-01-30 22:30:00+00:00,17992
2024-01-31 18:00:00+00:00,2024-01-29 02:30:00+00:00,17509
2024-01-31 18:00:00+00:00,2024-01-29 04:30:00+00:00,17508
2024-01-31 18:00:00+00:00,2024-01-29 07:30:00+00:00,17644
2024-01-31 18:00:00+00:00,2024-01-29 09:30:00+00:00,17643
2024-01-31 18:00:00+00:00,2024-01-29 11:30:00+00:00,17645
2024-01-31 18:00:00+00:00,2024-01-29 15:30:00+00:00,17815
2024-01-31 18:00:00+00:00,2024-01-29 18:30:00+00:00,17842
2024-01-31 18:00:00+00:00,2024-01-29 22:30:00+00:00,17844
2024-01-31 18:00:00+00:00,2024-01-30 02:30:00+00:00,18119
2024-01-31 18:00:00+00:00,2024-01-30 04:30:00+00:00,18120
2024-01-31 18:00:00+00:00,2024-01-30 07:30:00+00:00,18113
2024-01-31 18:00:00+00:00,2024-01-30 09:30:00+00:00,18115
2024-01-31 18:00:00+00:00,2024-01-30 11:30:00+00:00,18121
2024-01-31 18:00:00+00:00,2024-01-30 15:30:00+00:00,18238
2024-01-31 18:00:00+00:00,2024-01-30 18:30:00+00:00,18329
2024-01-31 18:00:00+00:00,2024-01-30 22:30:00+00:00,18208
2024-01-31 19:00:00+00:00,2024-01-29 02:30:00+00:00,17246
2024-01-31 19:00:00+00:00,2024-01-29 04:30:00+00:00,17244
2024-01-31 19:00:00+00:00,2024-01-29 07:30:00+00:00,17502
2024-01-31 19:00:00+00:00,2024-01-29 09:30:00+00:00,17501
2024-01-31 19:00:00+00:00,2024-01-29 11:30:00+00:00,17505
2024-01-31 19:00:00+00:00,2024-01-29 15:30:00+00:00,17769
2024-01-31 19:00:00+00:00,2024-01-29 18:30:00+00:00,17841
2024-01-31 19:00:00+00:00,2024-01-29 22:30:00+00:00,17841
2024-01-31 19:00:00+00:00,2024-01-30 02:30:00+00:00,18157
2024-01-31 19:00:00+00:00,2024-01-30 04:30:00+00:00,18156
2024-01-31 19:00:00+00:00,2024-01-30 07:30:00+00:00,18034
2024-01-31 19:00:00+00:00,2024-01-30 09:30:00+00:00,18037
2024-01-31 19:00:00+00:00,2024-01-30 11:30:00+00:00,18043
2024-01-31 19:00:00+00:00,2024-01-30 15:30:00+00:00,18043
2024-01-31 19:00:00+00:00,2024-01-30 18:30:00+00:00,18153
2024-01-31 19:00:00+00:00,2024-01-30 22:30:00+00:00,18033
2024-01-31 20:00:00+00:00,2024-01-29 02:30:00+00:00,16926
2024-01-31 20:00:00+00:00,2024-01-29 04:30:00+00:00,16923
2024-01-31 20:00:00+00:00,2024-01-29 07:30:00+00:00,17302
2024-01-31 20:00:00+00:00,2024-01-29 09:30:00+00:00,17300
2024-01-31 20:00:00+00:00,2024-01-29 11:30:00+00:00,17306
2024-01-31 20:00:00+00:00,2024-01-29 15:30:00+00:00,17599
2024-01-31 20:00:00+00:00,2024-01-29 18:30:00+00:00,17747
2024-01-31 20:00:00+00:00,2024-01-29 22:30:00+00:00,17745
2024-01-31 20:00:00+00:00,2024-01-30 02:30:00+00:00,18058
2024-01-31 20:00:00+00:00,2024-01-30 04:30:00+00:00,18056
2024-01-31 20:00:00+00:00,2024-01-30 07:30:00+00:00,17787
2024-01-31 20:00:00+00:00,2024-01-30 09:30:00+00:00,17790
2024-01-31 20:00:00+00:00,2024-01-30 11:30:00+00:00,17786
2024-01-31 20:00:00+00:00,2024-01-30 15:30:00+00:00,17777
2024-01-31 20:00:00+00:00,2024-01-30 18:30:00+00:00,17901
2024-01-31 20:00:00+00:00,2024-01-30 22:30:00+00:00,17782
2024-01-31 21:00:00+00:00,2024-01-29 02:30:00+00:00,16549
2024-01-31 21:00:00+00:00,2024-01-29 04:30:00+00:00,16545
2024-01-31 21:00:00+00:00,2024-01-29 07:30:00+00:00,17030
2024-01-31 21:00:00+00:00,2024-01-29 09:30:00+00:00,17028
2024-01-31 21:00:00+00:00,2024-01-29 11:30:00+00:00,17036
2024-01-31 21:00:00+00:00,2024-01-29 15:30:00+00:00,17355
2024-01-31 21:00:00+00:00,2024-01-29 18:30:00+00:00,17496
2024-01-31 21:00:00+00:00,2024-01-29 22:30:00+00:00,17493
2024-01-31 21:00:00+00:00,2024-01-30 02:30:00+00:00,17810
2024-01-31 21:00:00+00:00,2024-01-30 04:30:00+00:00,17806
2024-01-31 21:00:00+00:00,2024-01-30 07:30:00+00:00,17505
2024-01-31 21:00:00+00:00,2024-01-30 09:30:00+00:00,17507
2024-01-31 21:00:00+00:00,2024-01-30 11:30:00+00:00,17506
2024-01-31 21:00:00+00:00,2024-01-30 15:30:00+00:00,17519
2024-01-31 21:00:00+00:00,2024-01-30 18:30:00+00:00,17681
2024-01-31 21:00:00+00:00,2024-01-30 22:30:00+00:00,17560
2024-01-31 21:00:00+00:00,2024-01-31 02:30:00+00:00,17741
2024-01-31 21:00:00+00:00,2024-01-31 04:30:00+00:00,17739
2024-01-31 21:00:00+00:00,2024-01-31 07:30:00+00:00,17813
2024-01-31 21:00:00+00:00,2024-01-31 09:30:00+00:00,17813
2024-01-31 21:00:00+00:00,2024-01-31 11:30:00+00:00,17796
2024-01-31 21:00:00+00:00,2024-01-31 15:30:00+00:00,17887
2024-01-31 21:00:00+00:00,2024-01-31 18:30:00+00:00,17912
2024-01-31 21:00:00+00:00,2024-01-31 22:30:00+00:00,17543
2024-01-31 22:00:00+00:00,2024-01-30 02:30:00+00:00,17591
2024-01-31 22:00:00+00:00,2024-01-30 04:30:00+00:00,17586
2024-01-31 22:00:00+00:00,2024-01-30 07:30:00+00:00,17655
2024-01-31 22:00:00+00:00,2024-01-30 09:30:00+00:00,17655
2024-01-31 22:00:00+00:00,2024-01-30 11:30:00+00:00,17647
2024-01-31 22:00:00+00:00,2024-01-30 15:30:00+00:00,17528
2024-01-31 22:00:00+00:00,2024-01-30 18:30:00+00:00,17575
2024-01-31 22:00:00+00:00,2024-01-30 22:30:00+00:00,17456
2024-01-31 22:00:00+00:00,2024-01-31 02:30:00+00:00,17553
2024-01-31 22:00:00+00:00,2024-01-31 04:30:00+00:00,17550
2024-01-31 22:00:00+00:00,2024-01-31 07:30:00+00:00,17586
2024-01-31 22:00:00+00:00,2024-01-31 09:30:00+00:00,17586
2024-01-31 22:00:00+00:00,2024-01-31 11:30:00+00:00,17572
2024-01-31 22:00:00+00:00,2024-01-31 15:30:00+00:00,17660
2024-01-31 22:00:00+00:00,2024-01-31 18:30:00+00:00,17670
2024-01-31 22:00:00+00:00,2024-01-31 22:30:00+00:00,17315
2024-01-31 23:00:00+00:00,2024-01-30 02:30:00+00:00,17292
2024-01-31 23:00:00+00:00,2024-01-30 04:30:00+00:00,17286
2024-01-31 23:00:00+00:00,2024-01-30 07:30:00+00:00,17331
2024-01-31 23:00:00+00:00,2024-01-30 09:30:00+00:00,17329
2024-01-31 23:00:00+00:00,2024-01-30 11:30:00+00:00,17309
2024-01-31 23:00:00+00:00,2024-01-30 15:30:00+00:00,17101
2024-01-31 23:00:00+00:00,2024-01-30 18:30:00+00:00,17126
2024-01-31 23:00:00+00:00,2024-01-30 22:30:00+00:00,17013
2024-01-31 23:00:00+00:00,2024-01-31 02:30:00+00:00,17156
2024-01-31 23:00:00+00:00,2024-01-31 04:30:00+00:00,17152
2024-01-31 23:00:00+00:00,2024-01-31 07:30:00+00:00,17185
2024-01-31 23:00:00+00:00,2024-01-31 09:30:00+00:00,17183
2024-01-31 23:00:00+00:00,2024-01-31 11:30:00+00:00,17176
2024-01-31 23:00:00+00:00,2024-01-31 15:30:00+00:00,17263
2024-01-31 23:00:00+00:00,2024-01-31 18:30:00+00:00,17275
2024-01-31 23:00:00+00:00,2024-01-31 22:30:00+00:00,16909
